yr,m,i,Value
2017,trn,ppd,12.27905431
2017,trn,res,5.61E-12
2017,trn,com,5.62E-12
2017,trn,amb,5.62E-12
2017,trn,fbp,26.59717232
2017,trn,rec,5.65E-12
2017,trn,con,5.62E-12
2017,trn,agr,59.04980936
2017,trn,eec,7.98840442
2017,trn,fnd,5.62E-12
2017,trn,pub,4.420374607
2017,trn,hou,5.62E-12
2017,trn,ins,5.62E-12
2017,trn,tex,4.355544634
2017,trn,leg,5.58E-12
2017,trn,fen,5.53E-12
2017,trn,uti,5.61E-12
2017,trn,nmp,26.10112638
2017,trn,brd,5.61E-12
2017,trn,bnk,5.61E-12
2017,trn,ore,5.62E-12
2017,trn,edu,5.62E-12
2017,trn,ote,4.360716328
2017,trn,man,5.60E-12
2017,trn,mch,16.27051037
2017,trn,dat,5.58E-12
2017,trn,amd,5.61E-12
2017,trn,oil,53.24722001
2017,trn,hos,5.61E-12
2017,trn,rnt,5.58E-12
2017,trn,pla,6.248925915
2017,trn,fof,4.545277287
2017,trn,fin,5.63E-12
2017,trn,tsv,5.61E-12
2017,trn,nrs,5.64E-12
2017,trn,sec,5.61E-12
2017,trn,art,5.60E-12
2017,trn,mov,0.147159137
2017,trn,fpd,14.76505667
2017,trn,slg,5.62E-12
2017,trn,pri,3.363472556
2017,trn,grd,5.61E-12
2017,trn,pip,5.69E-12
2017,trn,sle,5.59E-12
2017,trn,osv,5.61E-12
2017,trn,trn,5.61E-12
2017,trn,smn,5.65E-12
2017,trn,fmt,12.79308064
2017,trn,pet,29.51295567
2017,trn,cep,10.60490781
2017,trn,wst,5.59E-12
2017,trn,mot,16.85712095
2017,trn,adm,5.62E-12
2017,trn,soc,5.65E-12
2017,trn,alt,7.694808796
2017,trn,pmt,13.32792682
2017,trn,trk,5.57E-12
2017,trn,fdd,5.62E-12
2017,trn,wtt,5.63E-12
2017,trn,wpd,8.425234627
2017,trn,wht,5.59E-12
2017,trn,wrh,5.57E-12
2017,trn,ott,5.60E-12
2017,trn,che,35.91743968
2017,trn,air,5.58E-12
2017,trn,mmf,15.23415712
2017,trn,otr,5.60E-12
2017,trn,min,31.7410307
2017,trd,ppd,45.32435563
2017,trd,res,5.59E-12
2017,trd,com,5.59E-12
2017,trd,amb,5.59E-12
2017,trd,fbp,456.2924259
2017,trd,rec,5.62E-12
2017,trd,con,5.59E-12
2017,trd,agr,90.28703798
2017,trd,eec,105.5189064
2017,trd,fnd,5.59E-12
2017,trd,pub,93.35636843
2017,trd,hou,5.59E-12
2017,trd,ins,5.59E-12
2017,trd,tex,69.16460403
2017,trd,leg,5.55E-12
2017,trd,fen,5.51E-12
2017,trd,uti,5.58E-12
2017,trd,nmp,45.60091115
2017,trd,brd,5.58E-12
2017,trd,bnk,5.59E-12
2017,trd,ore,5.59E-12
2017,trd,edu,5.59E-12
2017,trd,ote,27.86867913
2017,trd,man,5.57E-12
2017,trd,mch,170.0626574
2017,trd,dat,5.55E-12
2017,trd,amd,5.58E-12
2017,trd,oil,10.26188985
2017,trd,hos,5.59E-12
2017,trd,rnt,5.56E-12
2017,trd,pla,96.68187945
2017,trd,fof,10.50908132
2017,trd,fin,5.60E-12
2017,trd,tsv,5.59E-12
2017,trd,nrs,5.61E-12
2017,trd,sec,5.59E-12
2017,trd,art,5.57E-12
2017,trd,mov,10.40863214
2017,trd,fpd,84.08596107
2017,trd,slg,5.59E-12
2017,trd,pri,14.49398636
2017,trd,grd,5.58E-12
2017,trd,pip,5.66E-12
2017,trd,sle,5.57E-12
2017,trd,osv,5.58E-12
2017,trd,trn,5.58E-12
2017,trd,smn,5.62E-12
2017,trd,fmt,104.4448438
2017,trd,pet,137.0065459
2017,trd,cep,228.3629667
2017,trd,wst,5.56E-12
2017,trd,mot,206.9099092
2017,trd,adm,5.59E-12
2017,trd,soc,5.62E-12
2017,trd,alt,234.138872
2017,trd,pmt,34.38213666
2017,trd,trk,5.54E-12
2017,trd,fdd,5.59E-12
2017,trd,wtt,5.60E-12
2017,trd,wpd,35.25311585
2017,trd,wht,5.56E-12
2017,trd,wrh,5.55E-12
2017,trd,ott,5.57E-12
2017,trd,che,444.9273915
2017,trd,air,5.55E-12
2017,trd,mmf,201.8438062
2017,trd,otr,5.57E-12
2017,trd,min,7.9552322
2017,trn,fbt,0.00E+00
2017,trd,fbt,0
2017,trn,mvt,0.00E+00
2017,trd,mvt,0
2017,trn,gmt,0.00E+00
2017,trd,gmt,0
2016,trn,ppd,11.08089903
2016,trn,res,7.62E-12
2016,trn,com,7.62E-12
2016,trn,amb,7.62E-12
2016,trn,fbp,25.84787899
2016,trn,rec,7.64E-12
2016,trn,con,7.63E-12
2016,trn,agr,61.00985726
2016,trn,eec,7.375929529
2016,trn,fnd,7.62E-12
2016,trn,pub,3.889398311
2016,trn,hou,7.62E-12
2016,trn,ins,7.62E-12
2016,trn,tex,3.836077978
2016,trn,leg,7.58E-12
2016,trn,fen,7.55E-12
2016,trn,uti,7.60E-12
2016,trn,nmp,24.16130315
2016,trn,brd,7.60E-12
2016,trn,bnk,7.61E-12
2016,trn,ore,7.62E-12
2016,trn,edu,7.62E-12
2016,trn,ote,3.990675959
2016,trn,man,7.60E-12
2016,trn,mch,15.42137748
2016,trn,dat,7.59E-12
2016,trn,amd,7.61E-12
2016,trn,oil,50.66083433
2016,trn,hos,7.61E-12
2016,trn,rnt,7.58E-12
2016,trn,pla,6.091230358
2016,trn,fof,4.486982786
2016,trn,fin,7.63E-12
2016,trn,tsv,7.60E-12
2016,trn,nrs,7.64E-12
2016,trn,sec,7.61E-12
2016,trn,art,7.60E-12
2016,trn,mov,0.132966668
2016,trn,fpd,13.72533642
2016,trn,slg,7.62E-12
2016,trn,pri,3.068098498
2016,trn,grd,7.61E-12
2016,trn,pip,7.64E-12
2016,trn,sle,7.60E-12
2016,trn,osv,7.61E-12
2016,trn,trn,7.60E-12
2016,trn,smn,7.65E-12
2016,trn,fmt,12.34575693
2016,trn,pet,30.12836833
2016,trn,cep,10.03162315
2016,trn,wst,7.60E-12
2016,trn,mot,15.82452761
2016,trn,adm,7.62E-12
2016,trn,soc,7.65E-12
2016,trn,alt,6.885699401
2016,trn,pmt,12.19900292
2016,trn,trk,7.56E-12
2016,trn,fdd,7.62E-12
2016,trn,wtt,7.61E-12
2016,trn,wpd,7.320142898
2016,trn,wht,7.60E-12
2016,trn,wrh,7.60E-12
2016,trn,ott,7.61E-12
2016,trn,che,35.23051808
2016,trn,air,7.58E-12
2016,trn,mmf,14.44002158
2016,trn,otr,7.61E-12
2016,trn,min,27.39830444
2016,trd,ppd,43.83021086
2016,trd,res,7.57E-12
2016,trd,com,7.58E-12
2016,trd,amb,7.57E-12
2016,trd,fbp,431.9825416
2016,trd,rec,7.60E-12
2016,trd,con,7.58E-12
2016,trd,agr,85.42929638
2016,trd,eec,99.61550068
2016,trd,fnd,7.58E-12
2016,trd,pub,89.52821527
2016,trd,hou,7.58E-12
2016,trd,ins,7.58E-12
2016,trd,tex,65.85489001
2016,trd,leg,7.54E-12
2016,trd,fen,7.51E-12
2016,trd,uti,7.56E-12
2016,trd,nmp,41.49357705
2016,trd,brd,7.56E-12
2016,trd,bnk,7.56E-12
2016,trd,ore,7.58E-12
2016,trd,edu,7.57E-12
2016,trd,ote,26.37707813
2016,trd,man,7.56E-12
2016,trd,mch,161.0848393
2016,trd,dat,7.54E-12
2016,trd,amd,7.57E-12
2016,trd,oil,8.81723759
2016,trd,hos,7.57E-12
2016,trd,rnt,7.54E-12
2016,trd,pla,95.11963214
2016,trd,fof,9.41788093
2016,trd,fin,7.58E-12
2016,trd,tsv,7.56E-12
2016,trd,nrs,7.60E-12
2016,trd,sec,7.56E-12
2016,trd,art,7.56E-12
2016,trd,mov,9.661204355
2016,trd,fpd,79.1509229
2016,trd,slg,7.58E-12
2016,trd,pri,14.98115659
2016,trd,grd,7.57E-12
2016,trd,pip,7.60E-12
2016,trd,sle,7.56E-12
2016,trd,osv,7.57E-12
2016,trd,trn,7.56E-12
2016,trd,smn,7.60E-12
2016,trd,fmt,96.47583737
2016,trd,pet,123.0469543
2016,trd,cep,216.8584069
2016,trd,wst,7.55E-12
2016,trd,mot,199.8829012
2016,trd,adm,7.58E-12
2016,trd,soc,7.60E-12
2016,trd,alt,232.3674265
2016,trd,pmt,31.25561123
2016,trd,trk,7.52E-12
2016,trd,fdd,7.58E-12
2016,trd,wtt,7.57E-12
2016,trd,wpd,32.33752794
2016,trd,wht,7.56E-12
2016,trd,wrh,7.56E-12
2016,trd,ott,7.56E-12
2016,trd,che,430.1295304
2016,trd,air,7.54E-12
2016,trd,mmf,191.6773701
2016,trd,otr,7.57E-12
2016,trd,min,6.837147601
2015,trn,ppd,11.35515871
2015,trn,res,1.67E-11
2015,trn,com,1.67E-11
2015,trn,amb,1.67E-11
2015,trn,fbp,25.69057792
2015,trn,rec,1.67E-11
2015,trn,con,1.67E-11
2015,trn,agr,58.69870246
2015,trn,eec,7.469119346
2015,trn,fnd,1.67E-11
2015,trn,pub,3.795316049
2015,trn,hou,1.67E-11
2015,trn,ins,1.67E-11
2015,trn,tex,3.89159561
2015,trn,leg,1.66E-11
2015,trn,fen,1.66E-11
2015,trn,uti,1.66E-11
2015,trn,nmp,24.01213856
2015,trn,brd,1.66E-11
2015,trn,bnk,1.67E-11
2015,trn,ore,1.67E-11
2015,trn,edu,1.67E-11
2015,trn,ote,4.172602406
2015,trn,man,1.67E-11
2015,trn,mch,16.63157477
2015,trn,dat,1.66E-11
2015,trn,amd,1.67E-11
2015,trn,oil,52.73906065
2015,trn,hos,1.67E-11
2015,trn,rnt,1.66E-11
2015,trn,pla,6.281826489
2015,trn,fof,4.14224936
2015,trn,fin,1.67E-11
2015,trn,tsv,1.67E-11
2015,trn,nrs,1.67E-11
2015,trn,sec,1.66E-11
2015,trn,art,1.67E-11
2015,trn,mov,0.136237904
2015,trn,fpd,13.80584627
2015,trn,slg,1.67E-11
2015,trn,pri,2.916969014
2015,trn,grd,1.67E-11
2015,trn,pip,1.62E-11
2015,trn,sle,1.67E-11
2015,trn,osv,1.67E-11
2015,trn,trn,1.67E-11
2015,trn,smn,1.67E-11
2015,trn,fmt,12.98389929
2015,trn,pet,31.47420923
2015,trn,cep,10.25284341
2015,trn,wst,1.67E-11
2015,trn,mot,15.80998959
2015,trn,adm,1.67E-11
2015,trn,soc,1.67E-11
2015,trn,alt,7.140443541
2015,trn,pmt,13.57759596
2015,trn,trk,1.66E-11
2015,trn,fdd,1.67E-11
2015,trn,wtt,1.66E-11
2015,trn,wpd,7.010348375
2015,trn,wht,1.67E-11
2015,trn,wrh,1.67E-11
2015,trn,ott,1.67E-11
2015,trn,che,36.12425315
2015,trn,air,1.66E-11
2015,trn,mmf,14.8020356
2015,trn,otr,1.67E-11
2015,trn,min,33.09130468
2015,trd,ppd,43.63973932
2015,trd,res,1.66E-11
2015,trd,com,1.66E-11
2015,trd,amb,1.66E-11
2015,trd,fbp,427.4493175
2015,trd,rec,1.66E-11
2015,trd,con,1.66E-11
2015,trd,agr,85.18184611
2015,trd,eec,96.64387597
2015,trd,fnd,1.66E-11
2015,trd,pub,85.09899893
2015,trd,hou,1.66E-11
2015,trd,ins,1.66E-11
2015,trd,tex,64.36472765
2015,trd,leg,1.65E-11
2015,trd,fen,1.65E-11
2015,trd,uti,1.65E-11
2015,trd,nmp,38.45531234
2015,trd,brd,1.65E-11
2015,trd,bnk,1.65E-11
2015,trd,ore,1.66E-11
2015,trd,edu,1.66E-11
2015,trd,ote,25.45205106
2015,trd,man,1.65E-11
2015,trd,mch,164.2077502
2015,trd,dat,1.65E-11
2015,trd,amd,1.66E-11
2015,trd,oil,9.993932943
2015,trd,hos,1.66E-11
2015,trd,rnt,1.65E-11
2015,trd,pla,94.05151948
2015,trd,fof,9.243084007
2015,trd,fin,1.66E-11
2015,trd,tsv,1.65E-11
2015,trd,nrs,1.66E-11
2015,trd,sec,1.65E-11
2015,trd,art,1.65E-11
2015,trd,mov,9.403694272
2015,trd,fpd,78.02491852
2015,trd,slg,1.66E-11
2015,trd,pri,14.02567215
2015,trd,grd,1.66E-11
2015,trd,pip,1.61E-11
2015,trd,sle,1.66E-11
2015,trd,osv,1.65E-11
2015,trd,trn,1.65E-11
2015,trd,smn,1.66E-11
2015,trd,fmt,94.21823472
2015,trd,pet,131.8945824
2015,trd,cep,220.1138203
2015,trd,wst,1.65E-11
2015,trd,mot,192.3397755
2015,trd,adm,1.66E-11
2015,trd,soc,1.66E-11
2015,trd,alt,227.1577186
2015,trd,pmt,34.65233301
2015,trd,trk,1.65E-11
2015,trd,fdd,1.66E-11
2015,trd,wtt,1.65E-11
2015,trd,wpd,30.20292281
2015,trd,wht,1.65E-11
2015,trd,wrh,1.65E-11
2015,trd,ott,1.65E-11
2015,trd,che,424.8629643
2015,trd,air,1.65E-11
2015,trd,mmf,188.6278069
2015,trd,otr,1.66E-11
2015,trd,min,7.074341218
2014,trn,ppd,13.0476042
2014,trn,res,9.24E-12
2014,trn,com,9.24E-12
2014,trn,amb,9.23E-12
2014,trn,fbp,28.95314054
2014,trn,rec,9.27E-12
2014,trn,con,9.25E-12
2014,trn,agr,50.5859932
2014,trn,eec,8.324058531
2014,trn,fnd,9.24E-12
2014,trn,pub,4.432801097
2014,trn,hou,9.24E-12
2014,trn,ins,9.25E-12
2014,trn,tex,4.556006444
2014,trn,leg,9.17E-12
2014,trn,fen,9.16E-12
2014,trn,uti,9.21E-12
2014,trn,nmp,20.74256232
2014,trn,brd,9.21E-12
2014,trn,bnk,9.21E-12
2014,trn,ore,9.23E-12
2014,trn,edu,9.23E-12
2014,trn,ote,4.52908559
2014,trn,man,9.21E-12
2014,trn,mch,17.33781574
2014,trn,dat,9.19E-12
2014,trn,amd,9.24E-12
2014,trn,oil,54.01284051
2014,trn,hos,9.24E-12
2014,trn,rnt,9.17E-12
2014,trn,pla,5.837808532
2014,trn,fof,3.581923445
2014,trn,fin,9.25E-12
2014,trn,tsv,9.20E-12
2014,trn,nrs,9.27E-12
2014,trn,sec,9.21E-12
2014,trn,art,9.21E-12
2014,trn,mov,0.142471678
2014,trn,fpd,15.30581065
2014,trn,slg,9.24E-12
2014,trn,pri,3.424233613
2014,trn,grd,9.25E-12
2014,trn,pip,9.12E-12
2014,trn,sle,9.22E-12
2014,trn,osv,9.23E-12
2014,trn,trn,9.23E-12
2014,trn,smn,9.26E-12
2014,trn,fmt,12.96290974
2014,trn,pet,28.6163383
2014,trn,cep,10.72743755
2014,trn,wst,9.22E-12
2014,trn,mot,16.70364634
2014,trn,adm,9.22E-12
2014,trn,soc,9.27E-12
2014,trn,alt,8.156662906
2014,trn,pmt,15.83997475
2014,trn,trk,9.16E-12
2014,trn,fdd,9.24E-12
2014,trn,wtt,9.18E-12
2014,trn,wpd,7.703257742
2014,trn,wht,9.22E-12
2014,trn,wrh,9.22E-12
2014,trn,ott,9.22E-12
2014,trn,che,35.2050617
2014,trn,air,9.19E-12
2014,trn,mmf,16.98528176
2014,trn,otr,9.22E-12
2014,trn,min,36.35547901
2014,trd,ppd,42.4975511
2014,trd,res,9.17E-12
2014,trd,com,9.17E-12
2014,trd,amb,9.16E-12
2014,trd,fbp,407.4327434
2014,trd,rec,9.20E-12
2014,trd,con,9.18E-12
2014,trd,agr,84.92326548
2014,trd,eec,92.42125064
2014,trd,fnd,9.17E-12
2014,trd,pub,80.77354429
2014,trd,hou,9.17E-12
2014,trd,ins,9.18E-12
2014,trd,tex,62.27752681
2014,trd,leg,9.10E-12
2014,trd,fen,9.09E-12
2014,trd,uti,9.14E-12
2014,trd,nmp,35.96640614
2014,trd,brd,9.14E-12
2014,trd,bnk,9.14E-12
2014,trd,ore,9.16E-12
2014,trd,edu,9.16E-12
2014,trd,ote,24.41418523
2014,trd,man,9.13E-12
2014,trd,mch,163.6732397
2014,trd,dat,9.12E-12
2014,trd,amd,9.17E-12
2014,trd,oil,13.02016814
2014,trd,hos,9.17E-12
2014,trd,rnt,9.10E-12
2014,trd,pla,91.62677113
2014,trd,fof,10.50328411
2014,trd,fin,9.18E-12
2014,trd,tsv,9.12E-12
2014,trd,nrs,9.20E-12
2014,trd,sec,9.14E-12
2014,trd,art,9.14E-12
2014,trd,mov,9.144212611
2014,trd,fpd,71.91661232
2014,trd,slg,9.17E-12
2014,trd,pri,13.48441288
2014,trd,grd,9.17E-12
2014,trd,pip,9.05E-12
2014,trd,sle,9.15E-12
2014,trd,osv,9.16E-12
2014,trd,trn,9.16E-12
2014,trd,smn,9.19E-12
2014,trd,fmt,91.95907759
2014,trd,pet,144.5221743
2014,trd,cep,212.7237789
2014,trd,wst,9.15E-12
2014,trd,mot,177.227799
2014,trd,adm,9.15E-12
2014,trd,soc,9.20E-12
2014,trd,alt,218.2812085
2014,trd,pmt,36.90625573
2014,trd,trk,9.09E-12
2014,trd,fdd,9.17E-12
2014,trd,wtt,9.11E-12
2014,trd,wpd,27.9472566
2014,trd,wht,9.14E-12
2014,trd,wrh,9.15E-12
2014,trd,ott,9.15E-12
2014,trd,che,398.784734
2014,trd,air,9.12E-12
2014,trd,mmf,183.9628668
2014,trd,otr,9.15E-12
2014,trd,min,7.194814556
2013,trn,ppd,12.78131812
2013,trn,res,6.80E-12
2013,trn,com,6.80E-12
2013,trn,amb,6.79E-12
2013,trn,fbp,26.9276746
2013,trn,rec,6.82E-12
2013,trn,con,6.81E-12
2013,trn,agr,48.95321873
2013,trn,eec,7.430362241
2013,trn,fnd,6.80E-12
2013,trn,pub,4.230654224
2013,trn,hou,6.80E-12
2013,trn,ins,6.81E-12
2013,trn,tex,4.262861692
2013,trn,leg,6.75E-12
2013,trn,fen,6.74E-12
2013,trn,uti,6.78E-12
2013,trn,nmp,17.98895993
2013,trn,brd,6.77E-12
2013,trn,bnk,6.78E-12
2013,trn,ore,6.79E-12
2013,trn,edu,6.79E-12
2013,trn,ote,4.086182409
2013,trn,man,6.77E-12
2013,trn,mch,15.11775682
2013,trn,dat,6.76E-12
2013,trn,amd,6.80E-12
2013,trn,oil,48.83729016
2013,trn,hos,6.80E-12
2013,trn,rnt,6.74E-12
2013,trn,pla,5.395829244
2013,trn,fof,3.30753946
2013,trn,fin,6.81E-12
2013,trn,tsv,6.77E-12
2013,trn,nrs,6.82E-12
2013,trn,sec,6.78E-12
2013,trn,art,6.77E-12
2013,trn,mov,0.1421054
2013,trn,fpd,13.97526353
2013,trn,slg,6.80E-12
2013,trn,pri,3.358328763
2013,trn,grd,6.81E-12
2013,trn,pip,6.70E-12
2013,trn,sle,6.79E-12
2013,trn,osv,6.79E-12
2013,trn,trn,6.78E-12
2013,trn,smn,6.81E-12
2013,trn,fmt,11.46902904
2013,trn,pet,27.13193252
2013,trn,cep,9.896635059
2013,trn,wst,6.79E-12
2013,trn,mot,15.38656319
2013,trn,adm,6.78E-12
2013,trn,soc,6.82E-12
2013,trn,alt,7.668942936
2013,trn,pmt,14.4684719
2013,trn,trk,6.74E-12
2013,trn,fdd,6.80E-12
2013,trn,wtt,6.72E-12
2013,trn,wpd,7.039975318
2013,trn,wht,6.78E-12
2013,trn,wrh,6.78E-12
2013,trn,ott,6.78E-12
2013,trn,che,33.75308091
2013,trn,air,6.77E-12
2013,trn,mmf,15.5545991
2013,trn,otr,6.78E-12
2013,trn,min,32.62471529
2013,trd,ppd,41.64590488
2013,trd,res,6.74E-12
2013,trd,com,6.74E-12
2013,trd,amb,6.73E-12
2013,trd,fbp,395.8705646
2013,trd,rec,6.76E-12
2013,trd,con,6.75E-12
2013,trd,agr,81.58393232
2013,trd,eec,86.38911805
2013,trd,fnd,6.74E-12
2013,trd,pub,76.80756433
2013,trd,hou,6.74E-12
2013,trd,ins,6.75E-12
2013,trd,tex,58.47181906
2013,trd,leg,6.69E-12
2013,trd,fen,6.68E-12
2013,trd,uti,6.72E-12
2013,trd,nmp,33.11305509
2013,trd,brd,6.71E-12
2013,trd,bnk,6.72E-12
2013,trd,ore,6.73E-12
2013,trd,edu,6.73E-12
2013,trd,ote,23.68145372
2013,trd,man,6.71E-12
2013,trd,mch,155.1029979
2013,trd,dat,6.71E-12
2013,trd,amd,6.74E-12
2013,trd,oil,13.44695707
2013,trd,hos,6.74E-12
2013,trd,rnt,6.69E-12
2013,trd,pla,87.11638681
2013,trd,fof,9.687396511
2013,trd,fin,6.75E-12
2013,trd,tsv,6.71E-12
2013,trd,nrs,6.76E-12
2013,trd,sec,6.72E-12
2013,trd,art,6.72E-12
2013,trd,mov,9.23902512
2013,trd,fpd,68.70520575
2013,trd,slg,6.74E-12
2013,trd,pri,12.88190537
2013,trd,grd,6.75E-12
2013,trd,pip,6.64E-12
2013,trd,sle,6.73E-12
2013,trd,osv,6.73E-12
2013,trd,trn,6.72E-12
2013,trd,smn,6.75E-12
2013,trd,fmt,88.22751663
2013,trd,pet,140.7857527
2013,trd,cep,204.6748564
2013,trd,wst,6.73E-12
2013,trd,mot,163.7467071
2013,trd,adm,6.72E-12
2013,trd,soc,6.76E-12
2013,trd,alt,213.3696243
2013,trd,pmt,35.09513853
2013,trd,trk,6.68E-12
2013,trd,fdd,6.74E-12
2013,trd,wtt,6.67E-12
2013,trd,wpd,25.62344644
2013,trd,wht,6.72E-12
2013,trd,wrh,6.72E-12
2013,trd,ott,6.72E-12
2013,trd,che,374.7067094
2013,trd,air,6.71E-12
2013,trd,mmf,176.5657468
2013,trd,otr,6.72E-12
2013,trd,min,6.11259428
2012,trn,ppd,12.39997425
2012,trn,res,1.80E-12
2012,trn,com,1.79E-12
2012,trn,amb,1.80E-12
2012,trn,fbp,26.42074917
2012,trn,rec,1.80E-12
2012,trn,con,1.80E-12
2012,trn,agr,50.21202379
2012,trn,eec,6.930027858
2012,trn,fnd,1.80E-12
2012,trn,pub,4.334913921
2012,trn,hou,1.79E-12
2012,trn,ins,1.80E-12
2012,trn,tex,4.180802126
2012,trn,leg,1.78E-12
2012,trn,fen,1.78E-12
2012,trn,uti,1.79E-12
2012,trn,nmp,17.46948384
2012,trn,brd,1.79E-12
2012,trn,bnk,1.79E-12
2012,trn,ore,1.79E-12
2012,trn,edu,1.79E-12
2012,trn,ote,3.807558717
2012,trn,man,1.79E-12
2012,trn,mch,15.46188456
2012,trn,dat,1.79E-12
2012,trn,amd,1.80E-12
2012,trn,oil,45.13294453
2012,trn,hos,1.80E-12
2012,trn,rnt,1.78E-12
2012,trn,pla,5.144967052
2012,trn,fof,3.253143927
2012,trn,fin,1.80E-12
2012,trn,tsv,1.79E-12
2012,trn,nrs,1.80E-12
2012,trn,sec,1.79E-12
2012,trn,art,1.79E-12
2012,trn,mov,0.144415627
2012,trn,fpd,13.54180091
2012,trn,slg,1.79E-12
2012,trn,pri,3.403229873
2012,trn,grd,1.80E-12
2012,trn,pip,1.76E-12
2012,trn,sle,1.79E-12
2012,trn,osv,1.79E-12
2012,trn,trn,1.79E-12
2012,trn,smn,1.80E-12
2012,trn,fmt,11.2175982
2012,trn,pet,25.45250842
2012,trn,cep,10.07003217
2012,trn,wst,1.79E-12
2012,trn,mot,14.55776139
2012,trn,adm,1.79E-12
2012,trn,soc,1.80E-12
2012,trn,alt,7.774369414
2012,trn,pmt,14.47483555
2012,trn,trk,1.78E-12
2012,trn,fdd,1.80E-12
2012,trn,wtt,1.77E-12
2012,trn,wpd,6.272183249
2012,trn,wht,1.79E-12
2012,trn,wrh,1.79E-12
2012,trn,ott,1.79E-12
2012,trn,che,31.96296377
2012,trn,air,1.79E-12
2012,trn,mmf,15.41519843
2012,trn,otr,1.79E-12
2012,trn,min,32.13387054
2012,trd,ppd,39.87366492
2012,trd,res,1.78E-12
2012,trd,com,1.78E-12
2012,trd,amb,1.78E-12
2012,trd,fbp,380.2999249
2012,trd,rec,1.79E-12
2012,trd,con,1.78E-12
2012,trd,agr,74.66271474
2012,trd,eec,79.98374065
2012,trd,fnd,1.78E-12
2012,trd,pub,70.07551869
2012,trd,hou,1.78E-12
2012,trd,ins,1.78E-12
2012,trd,tex,55.59188407
2012,trd,leg,1.77E-12
2012,trd,fen,1.76E-12
2012,trd,uti,1.77E-12
2012,trd,nmp,30.47910578
2012,trd,brd,1.77E-12
2012,trd,bnk,1.77E-12
2012,trd,ore,1.77E-12
2012,trd,edu,1.78E-12
2012,trd,ote,24.0294269
2012,trd,man,1.77E-12
2012,trd,mch,152.7274698
2012,trd,dat,1.77E-12
2012,trd,amd,1.78E-12
2012,trd,oil,12.5822146
2012,trd,hos,1.78E-12
2012,trd,rnt,1.76E-12
2012,trd,pla,83.60546433
2012,trd,fof,9.664594333
2012,trd,fin,1.78E-12
2012,trd,tsv,1.77E-12
2012,trd,nrs,1.78E-12
2012,trd,sec,1.77E-12
2012,trd,art,1.77E-12
2012,trd,mov,9.193922044
2012,trd,fpd,63.41857684
2012,trd,slg,1.78E-12
2012,trd,pri,12.53924387
2012,trd,grd,1.78E-12
2012,trd,pip,1.74E-12
2012,trd,sle,1.77E-12
2012,trd,osv,1.78E-12
2012,trd,trn,1.77E-12
2012,trd,smn,1.78E-12
2012,trd,fmt,85.47141447
2012,trd,pet,132.1691106
2012,trd,cep,200.1770646
2012,trd,wst,1.78E-12
2012,trd,mot,155.1975683
2012,trd,adm,1.77E-12
2012,trd,soc,1.78E-12
2012,trd,alt,200.9856157
2012,trd,pmt,36.23690362
2012,trd,trk,1.76E-12
2012,trd,fdd,1.78E-12
2012,trd,wtt,1.75E-12
2012,trd,wpd,22.86363842
2012,trd,wht,1.77E-12
2012,trd,wrh,1.77E-12
2012,trd,ott,1.77E-12
2012,trd,che,354.3058851
2012,trd,air,1.77E-12
2012,trd,mmf,172.3739113
2012,trd,otr,1.77E-12
2012,trd,min,5.258789937
2011,trn,ppd,12.07983295
2011,trn,res,8.17E-13
2011,trn,com,8.17E-13
2011,trn,amb,8.16E-13
2011,trn,fbp,25.61446295
2011,trn,rec,8.19E-13
2011,trn,con,8.18E-13
2011,trn,agr,44.42364469
2011,trn,eec,6.01662802
2011,trn,fnd,8.17E-13
2011,trn,pub,3.90280817
2011,trn,hou,8.16E-13
2011,trn,ins,8.18E-13
2011,trn,tex,3.91247463
2011,trn,leg,8.13E-13
2011,trn,fen,8.12E-13
2011,trn,uti,8.15E-13
2011,trn,nmp,15.86364078
2011,trn,brd,8.15E-13
2011,trn,bnk,8.15E-13
2011,trn,ore,8.16E-13
2011,trn,edu,8.16E-13
2011,trn,ote,2.315126799
2011,trn,man,8.14E-13
2011,trn,mch,14.03099733
2011,trn,dat,8.15E-13
2011,trn,amd,8.18E-13
2011,trn,oil,42.51902169
2011,trn,hos,8.16E-13
2011,trn,rnt,8.11E-13
2011,trn,pla,4.532367856
2011,trn,fof,3.283663555
2011,trn,fin,8.19E-13
2011,trn,tsv,8.16E-13
2011,trn,nrs,8.18E-13
2011,trn,sec,8.15E-13
2011,trn,art,8.15E-13
2011,trn,mov,0.130891626
2011,trn,fpd,12.34842511
2011,trn,slg,8.16E-13
2011,trn,pri,3.248531071
2011,trn,grd,8.19E-13
2011,trn,pip,7.94E-13
2011,trn,sle,8.16E-13
2011,trn,osv,8.16E-13
2011,trn,trn,8.14E-13
2011,trn,smn,8.19E-13
2011,trn,fmt,10.09153506
2011,trn,pet,24.10577407
2011,trn,cep,8.755506387
2011,trn,wst,8.16E-13
2011,trn,mot,10.39852945
2011,trn,adm,8.15E-13
2011,trn,soc,8.19E-13
2011,trn,alt,7.954224401
2011,trn,pmt,13.51703416
2011,trn,trk,8.12E-13
2011,trn,fdd,8.16E-13
2011,trn,wtt,8.05E-13
2011,trn,wpd,5.566598384
2011,trn,wht,8.16E-13
2011,trn,wrh,8.14E-13
2011,trn,ott,8.13E-13
2011,trn,che,30.69866319
2011,trn,air,8.14E-13
2011,trn,mmf,15.12231213
2011,trn,otr,8.15E-13
2011,trn,min,34.16159394
2011,trd,ppd,38.69080993
2011,trd,res,8.11E-13
2011,trd,com,8.11E-13
2011,trd,amb,8.10E-13
2011,trd,fbp,357.6672355
2011,trd,rec,8.13E-13
2011,trd,con,8.11E-13
2011,trd,agr,73.16607396
2011,trd,eec,72.87539642
2011,trd,fnd,8.11E-13
2011,trd,pub,69.51128183
2011,trd,hou,8.10E-13
2011,trd,ins,8.11E-13
2011,trd,tex,51.58701071
2011,trd,leg,8.07E-13
2011,trd,fen,8.06E-13
2011,trd,uti,8.09E-13
2011,trd,nmp,29.40354195
2011,trd,brd,8.08E-13
2011,trd,bnk,8.09E-13
2011,trd,ore,8.09E-13
2011,trd,edu,8.10E-13
2011,trd,ote,19.48250913
2011,trd,man,8.08E-13
2011,trd,mch,134.658951
2011,trd,dat,8.08E-13
2011,trd,amd,8.12E-13
2011,trd,oil,11.13951289
2011,trd,hos,8.10E-13
2011,trd,rnt,8.05E-13
2011,trd,pla,74.16616819
2011,trd,fof,9.80596482
2011,trd,fin,8.13E-13
2011,trd,tsv,8.09E-13
2011,trd,nrs,8.12E-13
2011,trd,sec,8.08E-13
2011,trd,art,8.08E-13
2011,trd,mov,8.646942995
2011,trd,fpd,62.12924337
2011,trd,slg,8.10E-13
2011,trd,pri,12.37690998
2011,trd,grd,8.13E-13
2011,trd,pip,7.88E-13
2011,trd,sle,8.10E-13
2011,trd,osv,8.10E-13
2011,trd,trn,8.08E-13
2011,trd,smn,8.12E-13
2011,trd,fmt,79.2573564
2011,trd,pet,125.2321871
2011,trd,cep,182.0627419
2011,trd,wst,8.10E-13
2011,trd,mot,132.078146
2011,trd,adm,8.09E-13
2011,trd,soc,8.12E-13
2011,trd,alt,191.8738414
2011,trd,pmt,34.00435579
2011,trd,trk,8.05E-13
2011,trd,fdd,8.10E-13
2011,trd,wtt,7.99E-13
2011,trd,wpd,22.23233627
2011,trd,wht,8.10E-13
2011,trd,wrh,8.08E-13
2011,trd,ott,8.07E-13
2011,trd,che,330.5337366
2011,trd,air,8.08E-13
2011,trd,mmf,166.5802388
2011,trd,otr,8.08E-13
2011,trd,min,5.13119287
2010,trn,ppd,10.76069149
2010,trn,res,4.24E-13
2010,trn,com,4.24E-13
2010,trn,amb,4.23E-13
2010,trn,fbp,23.46108572
2010,trn,rec,4.25E-13
2010,trn,con,4.24E-13
2010,trn,agr,41.56109302
2010,trn,eec,5.106511763
2010,trn,fnd,4.24E-13
2010,trn,pub,3.72696984
2010,trn,hou,4.23E-13
2010,trn,ins,4.24E-13
2010,trn,tex,3.414873297
2010,trn,leg,4.22E-13
2010,trn,fen,4.22E-13
2010,trn,uti,4.22E-13
2010,trn,nmp,14.2361754
2010,trn,brd,4.22E-13
2010,trn,bnk,4.23E-13
2010,trn,ore,4.23E-13
2010,trn,edu,4.23E-13
2010,trn,ote,1.988386662
2010,trn,man,4.22E-13
2010,trn,mch,12.21148563
2010,trn,dat,4.23E-13
2010,trn,amd,4.24E-13
2010,trn,oil,36.73550267
2010,trn,hos,4.23E-13
2010,trn,rnt,4.21E-13
2010,trn,pla,4.072581402
2010,trn,fof,3.035964786
2010,trn,fin,4.25E-13
2010,trn,tsv,4.23E-13
2010,trn,nrs,4.25E-13
2010,trn,sec,4.23E-13
2010,trn,art,4.23E-13
2010,trn,mov,0.147597936
2010,trn,fpd,11.31823352
2010,trn,slg,4.23E-13
2010,trn,pri,2.977792401
2010,trn,grd,4.26E-13
2010,trn,pip,4.05E-13
2010,trn,sle,4.24E-13
2010,trn,osv,4.23E-13
2010,trn,trn,4.22E-13
2010,trn,smn,4.25E-13
2010,trn,fmt,9.52232916
2010,trn,pet,20.87877281
2010,trn,cep,8.49519342
2010,trn,wst,4.24E-13
2010,trn,mot,8.821161346
2010,trn,adm,4.23E-13
2010,trn,soc,4.25E-13
2010,trn,alt,6.766972958
2010,trn,pmt,11.57369966
2010,trn,trk,4.20E-13
2010,trn,fdd,4.24E-13
2010,trn,wtt,4.16E-13
2010,trn,wpd,5.058414634
2010,trn,wht,4.23E-13
2010,trn,wrh,4.22E-13
2010,trn,ott,4.22E-13
2010,trn,che,27.67079872
2010,trn,air,4.23E-13
2010,trn,mmf,13.83911407
2010,trn,otr,4.23E-13
2010,trn,min,29.64543226
2010,trd,ppd,36.71427055
2010,trd,res,4.19E-13
2010,trd,com,4.19E-13
2010,trd,amb,4.18E-13
2010,trd,fbp,343.8144247
2010,trd,rec,4.20E-13
2010,trd,con,4.19E-13
2010,trd,agr,67.61055666
2010,trd,eec,67.67278898
2010,trd,fnd,4.19E-13
2010,trd,pub,62.21069262
2010,trd,hou,4.18E-13
2010,trd,ins,4.19E-13
2010,trd,tex,49.40791443
2010,trd,leg,4.17E-13
2010,trd,fen,4.17E-13
2010,trd,uti,4.17E-13
2010,trd,nmp,27.72536409
2010,trd,brd,4.17E-13
2010,trd,bnk,4.17E-13
2010,trd,ore,4.18E-13
2010,trd,edu,4.18E-13
2010,trd,ote,17.76618045
2010,trd,man,4.17E-13
2010,trd,mch,117.1247823
2010,trd,dat,4.18E-13
2010,trd,amd,4.19E-13
2010,trd,oil,8.518514615
2010,trd,hos,4.18E-13
2010,trd,rnt,4.16E-13
2010,trd,pla,68.87284055
2010,trd,fof,7.828452113
2010,trd,fin,4.20E-13
2010,trd,tsv,4.17E-13
2010,trd,nrs,4.20E-13
2010,trd,sec,4.18E-13
2010,trd,art,4.18E-13
2010,trd,mov,8.216068663
2010,trd,fpd,54.98260392
2010,trd,slg,4.18E-13
2010,trd,pri,11.28763879
2010,trd,grd,4.21E-13
2010,trd,pip,4.00E-13
2010,trd,sle,4.19E-13
2010,trd,osv,4.18E-13
2010,trd,trn,4.17E-13
2010,trd,smn,4.20E-13
2010,trd,fmt,70.72566225
2010,trd,pet,108.003048
2010,trd,cep,167.6404887
2010,trd,wst,4.19E-13
2010,trd,mot,123.4785714
2010,trd,adm,4.18E-13
2010,trd,soc,4.20E-13
2010,trd,alt,185.6335644
2010,trd,pmt,27.16761116
2010,trd,trk,4.15E-13
2010,trd,fdd,4.19E-13
2010,trd,wtt,4.11E-13
2010,trd,wpd,21.67706954
2010,trd,wht,4.18E-13
2010,trd,wrh,4.17E-13
2010,trd,ott,4.17E-13
2010,trd,che,309.5913425
2010,trd,air,4.18E-13
2010,trd,mmf,154.013803
2010,trd,otr,4.18E-13
2010,trd,min,4.457427621
2009,trn,ppd,9.602496337
2009,trn,res,9.55E-13
2009,trn,com,9.56E-13
2009,trn,amb,9.54E-13
2009,trn,fbp,21.55531023
2009,trn,rec,9.57E-13
2009,trn,con,9.56E-13
2009,trn,agr,39.8463343
2009,trn,eec,5.295381493
2009,trn,fnd,9.55E-13
2009,trn,pub,3.901806464
2009,trn,hou,9.54E-13
2009,trn,ins,9.58E-13
2009,trn,tex,2.916794181
2009,trn,leg,9.51E-13
2009,trn,fen,9.49E-13
2009,trn,uti,9.52E-13
2009,trn,nmp,15.20836894
2009,trn,brd,9.52E-13
2009,trn,bnk,9.54E-13
2009,trn,ore,9.54E-13
2009,trn,edu,9.54E-13
2009,trn,ote,2.347895026
2009,trn,man,9.53E-13
2009,trn,mch,8.718068201
2009,trn,dat,9.52E-13
2009,trn,amd,9.56E-13
2009,trn,oil,29.66579909
2009,trn,hos,9.54E-13
2009,trn,rnt,9.48E-13
2009,trn,pla,4.130471521
2009,trn,fof,2.732631644
2009,trn,fin,9.56E-13
2009,trn,tsv,9.52E-13
2009,trn,nrs,9.57E-13
2009,trn,sec,9.53E-13
2009,trn,art,9.53E-13
2009,trn,mov,0.196817935
2009,trn,fpd,11.77311053
2009,trn,slg,9.54E-13
2009,trn,pri,2.801499588
2009,trn,grd,9.57E-13
2009,trn,pip,9.33E-13
2009,trn,sle,9.55E-13
2009,trn,osv,9.53E-13
2009,trn,trn,9.52E-13
2009,trn,smn,9.58E-13
2009,trn,fmt,7.214686919
2009,trn,pet,17.74661895
2009,trn,cep,7.090418261
2009,trn,wst,9.54E-13
2009,trn,mot,7.121766044
2009,trn,adm,9.54E-13
2009,trn,soc,9.57E-13
2009,trn,alt,5.719985978
2009,trn,pmt,7.289159278
2009,trn,trk,9.47E-13
2009,trn,fdd,9.55E-13
2009,trn,wtt,9.45E-13
2009,trn,wpd,4.51876723
2009,trn,wht,9.53E-13
2009,trn,wrh,9.52E-13
2009,trn,ott,9.51E-13
2009,trn,che,25.36884798
2009,trn,air,9.53E-13
2009,trn,mmf,14.21098073
2009,trn,otr,9.54E-13
2009,trn,min,26.42332233
2009,trd,ppd,34.00556094
2009,trd,res,9.45E-13
2009,trd,com,9.46E-13
2009,trd,amb,9.44E-13
2009,trd,fbp,320.4337616
2009,trd,rec,9.47E-13
2009,trd,con,9.47E-13
2009,trd,agr,59.26996389
2009,trd,eec,57.20450007
2009,trd,fnd,9.46E-13
2009,trd,pub,52.44545099
2009,trd,hou,9.44E-13
2009,trd,ins,9.48E-13
2009,trd,tex,46.80339933
2009,trd,leg,9.41E-13
2009,trd,fen,9.39E-13
2009,trd,uti,9.43E-13
2009,trd,nmp,25.89757509
2009,trd,brd,9.42E-13
2009,trd,bnk,9.44E-13
2009,trd,ore,9.44E-13
2009,trd,edu,9.44E-13
2009,trd,ote,11.82508262
2009,trd,man,9.43E-13
2009,trd,mch,94.26813048
2009,trd,dat,9.42E-13
2009,trd,amd,9.46E-13
2009,trd,oil,7.49278537
2009,trd,hos,9.44E-13
2009,trd,rnt,9.39E-13
2009,trd,pla,61.90613184
2009,trd,fof,5.581143942
2009,trd,fin,9.46E-13
2009,trd,tsv,9.42E-13
2009,trd,nrs,9.47E-13
2009,trd,sec,9.44E-13
2009,trd,art,9.43E-13
2009,trd,mov,7.345659303
2009,trd,fpd,44.39336159
2009,trd,slg,9.44E-13
2009,trd,pri,10.87213417
2009,trd,grd,9.47E-13
2009,trd,pip,9.23E-13
2009,trd,sle,9.45E-13
2009,trd,osv,9.44E-13
2009,trd,trn,9.42E-13
2009,trd,smn,9.48E-13
2009,trd,fmt,64.10035383
2009,trd,pet,98.25845144
2009,trd,cep,139.3555414
2009,trd,wst,9.44E-13
2009,trd,mot,79.42585015
2009,trd,adm,9.44E-13
2009,trd,soc,9.48E-13
2009,trd,alt,176.3078171
2009,trd,pmt,20.05043065
2009,trd,trk,9.37E-13
2009,trd,fdd,9.45E-13
2009,trd,wtt,9.36E-13
2009,trd,wpd,20.26109867
2009,trd,wht,9.43E-13
2009,trd,wrh,9.42E-13
2009,trd,ott,9.41E-13
2009,trd,che,287.2093215
2009,trd,air,9.43E-13
2009,trd,mmf,134.7550337
2009,trd,otr,9.44E-13
2009,trd,min,3.920701777
2008,trn,ppd,12.27257776
2008,trn,res,2.24E-12
2008,trn,com,2.24E-12
2008,trn,amb,2.24E-12
2008,trn,fbp,24.44516992
2008,trn,rec,2.25E-12
2008,trn,con,2.24E-12
2008,trn,agr,40.67978185
2008,trn,eec,7.362993897
2008,trn,fnd,2.24E-12
2008,trn,pub,5.047054911
2008,trn,hou,2.24E-12
2008,trn,ins,2.24E-12
2008,trn,tex,3.972214857
2008,trn,leg,2.23E-12
2008,trn,fen,2.23E-12
2008,trn,uti,2.23E-12
2008,trn,nmp,18.66289675
2008,trn,brd,2.23E-12
2008,trn,bnk,2.23E-12
2008,trn,ore,2.23E-12
2008,trn,edu,2.24E-12
2008,trn,ote,4.009750578
2008,trn,man,2.23E-12
2008,trn,mch,10.84145855
2008,trn,dat,2.23E-12
2008,trn,amd,2.24E-12
2008,trn,oil,35.8263491
2008,trn,hos,2.24E-12
2008,trn,rnt,2.22E-12
2008,trn,pla,5.098731322
2008,trn,fof,3.018664973
2008,trn,fin,2.24E-12
2008,trn,tsv,2.24E-12
2008,trn,nrs,2.24E-12
2008,trn,sec,2.23E-12
2008,trn,art,2.23E-12
2008,trn,mov,0.280794673
2008,trn,fpd,15.70605379
2008,trn,slg,2.24E-12
2008,trn,pri,3.623117339
2008,trn,grd,2.24E-12
2008,trn,pip,2.20E-12
2008,trn,sle,2.24E-12
2008,trn,osv,2.24E-12
2008,trn,trn,2.23E-12
2008,trn,smn,2.25E-12
2008,trn,fmt,9.092858235
2008,trn,pet,19.44850615
2008,trn,cep,9.974723923
2008,trn,wst,2.23E-12
2008,trn,mot,12.43365272
2008,trn,adm,2.23E-12
2008,trn,soc,2.24E-12
2008,trn,alt,7.328655808
2008,trn,pmt,12.62227603
2008,trn,trk,2.22E-12
2008,trn,fdd,2.24E-12
2008,trn,wtt,2.21E-12
2008,trn,wpd,6.889034526
2008,trn,wht,2.23E-12
2008,trn,wrh,2.23E-12
2008,trn,ott,2.23E-12
2008,trn,che,29.9255075
2008,trn,air,2.23E-12
2008,trn,mmf,18.24041681
2008,trn,otr,2.23E-12
2008,trn,min,31.60297298
2008,trd,ppd,34.90378111
2008,trd,res,2.22E-12
2008,trd,com,2.22E-12
2008,trd,amb,2.22E-12
2008,trd,fbp,326.4456881
2008,trd,rec,2.23E-12
2008,trd,con,2.22E-12
2008,trd,agr,63.40347841
2008,trd,eec,65.25213983
2008,trd,fnd,2.22E-12
2008,trd,pub,54.19397813
2008,trd,hou,2.22E-12
2008,trd,ins,2.22E-12
2008,trd,tex,52.31909512
2008,trd,leg,2.21E-12
2008,trd,fen,2.21E-12
2008,trd,uti,2.21E-12
2008,trd,nmp,31.80484449
2008,trd,brd,2.21E-12
2008,trd,bnk,2.21E-12
2008,trd,ore,2.21E-12
2008,trd,edu,2.22E-12
2008,trd,ote,16.47732452
2008,trd,man,2.21E-12
2008,trd,mch,111.6812864
2008,trd,dat,2.21E-12
2008,trd,amd,2.22E-12
2008,trd,oil,10.36517147
2008,trd,hos,2.22E-12
2008,trd,rnt,2.20E-12
2008,trd,pla,68.14560139
2008,trd,fof,6.984535154
2008,trd,fin,2.23E-12
2008,trd,tsv,2.22E-12
2008,trd,nrs,2.22E-12
2008,trd,sec,2.21E-12
2008,trd,art,2.21E-12
2008,trd,mov,8.3757335
2008,trd,fpd,56.17973908
2008,trd,slg,2.22E-12
2008,trd,pri,11.32094548
2008,trd,grd,2.22E-12
2008,trd,pip,2.18E-12
2008,trd,sle,2.22E-12
2008,trd,osv,2.22E-12
2008,trd,trn,2.21E-12
2008,trd,smn,2.23E-12
2008,trd,fmt,76.46876764
2008,trd,pet,127.2762878
2008,trd,cep,151.5624572
2008,trd,wst,2.21E-12
2008,trd,mot,107.7429924
2008,trd,adm,2.21E-12
2008,trd,soc,2.22E-12
2008,trd,alt,178.9101326
2008,trd,pmt,34.07983561
2008,trd,trk,2.20E-12
2008,trd,fdd,2.22E-12
2008,trd,wtt,2.19E-12
2008,trd,wpd,24.03166686
2008,trd,wht,2.21E-12
2008,trd,wrh,2.21E-12
2008,trd,ott,2.21E-12
2008,trd,che,285.8680429
2008,trd,air,2.21E-12
2008,trd,mmf,150.3781382
2008,trd,otr,2.21E-12
2008,trd,min,5.137432626
2007,trn,ppd,11.2181191
2007,trn,res,1.38E-12
2007,trn,com,1.38E-12
2007,trn,amb,1.38E-12
2007,trn,fbp,22.84352088
2007,trn,rec,1.38E-12
2007,trn,con,1.38E-12
2007,trn,agr,36.05060685
2007,trn,eec,6.701872321
2007,trn,fnd,1.38E-12
2007,trn,pub,4.743602885
2007,trn,hou,1.38E-12
2007,trn,ins,1.38E-12
2007,trn,tex,3.803615355
2007,trn,leg,1.37E-12
2007,trn,fen,1.37E-12
2007,trn,uti,1.37E-12
2007,trn,nmp,21.14449668
2007,trn,brd,1.37E-12
2007,trn,bnk,1.37E-12
2007,trn,ore,1.37E-12
2007,trn,edu,1.38E-12
2007,trn,ote,3.559591731
2007,trn,man,1.37E-12
2007,trn,mch,10.60765899
2007,trn,dat,1.37E-12
2007,trn,amd,1.38E-12
2007,trn,oil,28.06107649
2007,trn,hos,1.38E-12
2007,trn,rnt,1.37E-12
2007,trn,pla,5.326804428
2007,trn,fof,2.924371954
2007,trn,fin,1.38E-12
2007,trn,tsv,1.37E-12
2007,trn,nrs,1.38E-12
2007,trn,sec,1.37E-12
2007,trn,art,1.37E-12
2007,trn,mov,0.284801044
2007,trn,fpd,15.21924326
2007,trn,slg,1.38E-12
2007,trn,pri,3.370330571
2007,trn,grd,1.38E-12
2007,trn,pip,1.35E-12
2007,trn,sle,1.38E-12
2007,trn,osv,1.38E-12
2007,trn,trn,1.37E-12
2007,trn,smn,1.38E-12
2007,trn,fmt,8.549357228
2007,trn,pet,18.25963581
2007,trn,cep,10.14375955
2007,trn,wst,1.37E-12
2007,trn,mot,13.88066149
2007,trn,adm,1.37E-12
2007,trn,soc,1.38E-12
2007,trn,alt,6.659212752
2007,trn,pmt,11.38240281
2007,trn,trk,1.36E-12
2007,trn,fdd,1.38E-12
2007,trn,wtt,1.36E-12
2007,trn,wpd,7.645388207
2007,trn,wht,1.37E-12
2007,trn,wrh,1.37E-12
2007,trn,ott,1.37E-12
2007,trn,che,28.45728271
2007,trn,air,1.37E-12
2007,trn,mmf,17.35258531
2007,trn,otr,1.37E-12
2007,trn,min,27.28780537
2007,trd,ppd,34.77478132
2007,trd,res,1.36E-12
2007,trd,com,1.36E-12
2007,trd,amb,1.36E-12
2007,trd,fbp,316.6925807
2007,trd,rec,1.37E-12
2007,trd,con,1.36E-12
2007,trd,agr,62.3339027
2007,trd,eec,67.57741852
2007,trd,fnd,1.36E-12
2007,trd,pub,49.37639928
2007,trd,hou,1.36E-12
2007,trd,ins,1.36E-12
2007,trd,tex,55.50761151
2007,trd,leg,1.35E-12
2007,trd,fen,1.35E-12
2007,trd,uti,1.36E-12
2007,trd,nmp,37.02338927
2007,trd,brd,1.36E-12
2007,trd,bnk,1.36E-12
2007,trd,ore,1.36E-12
2007,trd,edu,1.36E-12
2007,trd,ote,18.36835417
2007,trd,man,1.36E-12
2007,trd,mch,105.7428382
2007,trd,dat,1.36E-12
2007,trd,amd,1.36E-12
2007,trd,oil,8.121491689
2007,trd,hos,1.36E-12
2007,trd,rnt,1.35E-12
2007,trd,pla,66.76912762
2007,trd,fof,7.170528843
2007,trd,fin,1.36E-12
2007,trd,tsv,1.36E-12
2007,trd,nrs,1.36E-12
2007,trd,sec,1.36E-12
2007,trd,art,1.36E-12
2007,trd,mov,8.850251332
2007,trd,fpd,60.93763401
2007,trd,slg,1.36E-12
2007,trd,pri,10.33405418
2007,trd,grd,1.37E-12
2007,trd,pip,1.34E-12
2007,trd,sle,1.36E-12
2007,trd,osv,1.36E-12
2007,trd,trn,1.36E-12
2007,trd,smn,1.37E-12
2007,trd,fmt,75.23944389
2007,trd,pet,111.5612574
2007,trd,cep,152.7294997
2007,trd,wst,1.36E-12
2007,trd,mot,121.8823831
2007,trd,adm,1.36E-12
2007,trd,soc,1.37E-12
2007,trd,alt,182.6300954
2007,trd,pmt,31.9223768
2007,trd,trk,1.35E-12
2007,trd,fdd,1.36E-12
2007,trd,wtt,1.34E-12
2007,trd,wpd,27.76977162
2007,trd,wht,1.36E-12
2007,trd,wrh,1.36E-12
2007,trd,ott,1.36E-12
2007,trd,che,273.2821834
2007,trd,air,1.36E-12
2007,trd,mmf,149.8936159
2007,trd,otr,1.36E-12
2007,trd,min,5.407353988
2006,trn,ppd,10.12394274
2006,trn,res,6.86E-11
2006,trn,com,6.85E-11
2006,trn,amb,6.85E-11
2006,trn,fbp,20.36420817
2006,trn,rec,6.87E-11
2006,trn,con,6.85E-11
2006,trn,agr,35.05441714
2006,trn,eec,7.086903585
2006,trn,fnd,6.86E-11
2006,trn,pub,4.389827285
2006,trn,hou,6.84E-11
2006,trn,ins,6.86E-11
2006,trn,tex,3.654857278
2006,trn,leg,6.82E-11
2006,trn,fen,6.83E-11
2006,trn,uti,6.84E-11
2006,trn,nmp,19.69158399
2006,trn,brd,6.83E-11
2006,trn,bnk,6.84E-11
2006,trn,ore,6.83E-11
2006,trn,edu,6.85E-11
2006,trn,ote,3.143587957
2006,trn,man,6.82E-11
2006,trn,mch,10.03249128
2006,trn,dat,6.84E-11
2006,trn,amd,6.87E-11
2006,trn,oil,26.17461474
2006,trn,hos,6.85E-11
2006,trn,rnt,6.80E-11
2006,trn,pla,5.07890222
2006,trn,fof,3.500372035
2006,trn,fin,6.86E-11
2006,trn,tsv,6.83E-11
2006,trn,nrs,6.87E-11
2006,trn,sec,6.84E-11
2006,trn,art,6.83E-11
2006,trn,mov,0.325120173
2006,trn,fpd,16.25434506
2006,trn,slg,6.85E-11
2006,trn,pri,3.068002927
2006,trn,grd,6.89E-11
2006,trn,pip,6.51E-11
2006,trn,sle,6.86E-11
2006,trn,osv,6.85E-11
2006,trn,trn,6.84E-11
2006,trn,smn,6.89E-11
2006,trn,fmt,7.944467942
2006,trn,pet,15.9936357
2006,trn,cep,10.70837003
2006,trn,wst,6.85E-11
2006,trn,mot,14.56965853
2006,trn,adm,6.82E-11
2006,trn,soc,6.87E-11
2006,trn,alt,6.204975132
2006,trn,pmt,10.64406992
2006,trn,trk,6.78E-11
2006,trn,fdd,6.86E-11
2006,trn,wtt,6.72E-11
2006,trn,wpd,8.05840952
2006,trn,wht,6.84E-11
2006,trn,wrh,6.84E-11
2006,trn,ott,6.85E-11
2006,trn,che,24.92142863
2006,trn,air,6.86E-11
2006,trn,mmf,17.87538488
2006,trn,otr,6.84E-11
2006,trn,min,25.35951835
2006,trd,ppd,32.24198442
2006,trd,res,6.76E-11
2006,trd,com,6.75E-11
2006,trd,amb,6.75E-11
2006,trd,fbp,298.5951695
2006,trd,rec,6.77E-11
2006,trd,con,6.75E-11
2006,trd,agr,57.01727457
2006,trd,eec,65.35520961
2006,trd,fnd,6.75E-11
2006,trd,pub,46.53499326
2006,trd,hou,6.74E-11
2006,trd,ins,6.75E-11
2006,trd,tex,55.26632948
2006,trd,leg,6.72E-11
2006,trd,fen,6.73E-11
2006,trd,uti,6.73E-11
2006,trd,nmp,36.34086637
2006,trd,brd,6.72E-11
2006,trd,bnk,6.73E-11
2006,trd,ore,6.73E-11
2006,trd,edu,6.74E-11
2006,trd,ote,16.36447224
2006,trd,man,6.71E-11
2006,trd,mch,102.5481093
2006,trd,dat,6.74E-11
2006,trd,amd,6.77E-11
2006,trd,oil,7.060019955
2006,trd,hos,6.75E-11
2006,trd,rnt,6.70E-11
2006,trd,pla,64.79617144
2006,trd,fof,7.398535264
2006,trd,fin,6.76E-11
2006,trd,tsv,6.73E-11
2006,trd,nrs,6.76E-11
2006,trd,sec,6.73E-11
2006,trd,art,6.73E-11
2006,trd,mov,8.373354033
2006,trd,fpd,56.59016273
2006,trd,slg,6.75E-11
2006,trd,pri,10.96898869
2006,trd,grd,6.79E-11
2006,trd,pip,6.40E-11
2006,trd,sle,6.76E-11
2006,trd,osv,6.74E-11
2006,trd,trn,6.73E-11
2006,trd,smn,6.79E-11
2006,trd,fmt,71.2527997
2006,trd,pet,105.8523469
2006,trd,cep,140.830859
2006,trd,wst,6.75E-11
2006,trd,mot,122.1834248
2006,trd,adm,6.72E-11
2006,trd,soc,6.76E-11
2006,trd,alt,172.5352548
2006,trd,pmt,32.91160433
2006,trd,trk,6.68E-11
2006,trd,fdd,6.76E-11
2006,trd,wtt,6.62E-11
2006,trd,wpd,30.14308197
2006,trd,wht,6.74E-11
2006,trd,wrh,6.74E-11
2006,trd,ott,6.75E-11
2006,trd,che,261.3517184
2006,trd,air,6.76E-11
2006,trd,mmf,141.6426552
2006,trd,otr,6.74E-11
2006,trd,min,6.219458015
2005,trn,ppd,9.42383141
2005,trn,res,2.86E-11
2005,trn,com,2.85E-11
2005,trn,amb,2.85E-11
2005,trn,fbp,16.28506673
2005,trn,rec,2.86E-11
2005,trn,con,2.85E-11
2005,trn,agr,32.82712929
2005,trn,eec,6.590329746
2005,trn,fnd,2.86E-11
2005,trn,pub,4.179462321
2005,trn,hou,2.85E-11
2005,trn,ins,2.86E-11
2005,trn,tex,3.73373036
2005,trn,leg,2.84E-11
2005,trn,fen,2.85E-11
2005,trn,uti,2.85E-11
2005,trn,nmp,17.33888798
2005,trn,brd,2.85E-11
2005,trn,bnk,2.85E-11
2005,trn,ore,2.85E-11
2005,trn,edu,2.85E-11
2005,trn,ote,2.725269563
2005,trn,man,2.84E-11
2005,trn,mch,9.023489928
2005,trn,dat,2.85E-11
2005,trn,amd,2.86E-11
2005,trn,oil,24.35269141
2005,trn,hos,2.85E-11
2005,trn,rnt,2.83E-11
2005,trn,pla,4.769387739
2005,trn,fof,3.384000216
2005,trn,fin,2.86E-11
2005,trn,tsv,2.85E-11
2005,trn,nrs,2.86E-11
2005,trn,sec,2.85E-11
2005,trn,art,2.85E-11
2005,trn,mov,0.337617577
2005,trn,fpd,16.13599895
2005,trn,slg,2.86E-11
2005,trn,pri,2.962177994
2005,trn,grd,2.87E-11
2005,trn,pip,2.70E-11
2005,trn,sle,2.86E-11
2005,trn,osv,2.85E-11
2005,trn,trn,2.85E-11
2005,trn,smn,2.87E-11
2005,trn,fmt,7.025619151
2005,trn,pet,14.50561026
2005,trn,cep,9.802882891
2005,trn,wst,2.86E-11
2005,trn,mot,13.59405904
2005,trn,adm,2.85E-11
2005,trn,soc,2.86E-11
2005,trn,alt,6.017357338
2005,trn,pmt,8.485671708
2005,trn,trk,2.83E-11
2005,trn,fdd,2.86E-11
2005,trn,wtt,2.79E-11
2005,trn,wpd,8.140731069
2005,trn,wht,2.85E-11
2005,trn,wrh,2.85E-11
2005,trn,ott,2.85E-11
2005,trn,che,22.83436823
2005,trn,air,2.86E-11
2005,trn,mmf,17.37108273
2005,trn,otr,2.85E-11
2005,trn,min,21.96914774
2005,trd,ppd,31.13335728
2005,trd,res,2.81E-11
2005,trd,com,2.81E-11
2005,trd,amb,2.81E-11
2005,trd,fbp,283.7703444
2005,trd,rec,2.82E-11
2005,trd,con,2.81E-11
2005,trd,agr,52.77183672
2005,trd,eec,58.67196429
2005,trd,fnd,2.81E-11
2005,trd,pub,45.52844847
2005,trd,hou,2.81E-11
2005,trd,ins,2.81E-11
2005,trd,tex,54.50333009
2005,trd,leg,2.80E-11
2005,trd,fen,2.81E-11
2005,trd,uti,2.81E-11
2005,trd,nmp,33.46995213
2005,trd,brd,2.80E-11
2005,trd,bnk,2.81E-11
2005,trd,ore,2.81E-11
2005,trd,edu,2.81E-11
2005,trd,ote,15.99246412
2005,trd,man,2.80E-11
2005,trd,mch,97.91093765
2005,trd,dat,2.81E-11
2005,trd,amd,2.82E-11
2005,trd,oil,5.786889304
2005,trd,hos,2.81E-11
2005,trd,rnt,2.79E-11
2005,trd,pla,59.37143112
2005,trd,fof,7.399699964
2005,trd,fin,2.82E-11
2005,trd,tsv,2.80E-11
2005,trd,nrs,2.82E-11
2005,trd,sec,2.81E-11
2005,trd,art,2.80E-11
2005,trd,mov,8.886554405
2005,trd,fpd,53.30626901
2005,trd,slg,2.81E-11
2005,trd,pri,9.919618052
2005,trd,grd,2.83E-11
2005,trd,pip,2.66E-11
2005,trd,sle,2.82E-11
2005,trd,osv,2.81E-11
2005,trd,trn,2.81E-11
2005,trd,smn,2.83E-11
2005,trd,fmt,64.68593859
2005,trd,pet,97.60388044
2005,trd,cep,127.7399437
2005,trd,wst,2.82E-11
2005,trd,mot,114.5078497
2005,trd,adm,2.80E-11
2005,trd,soc,2.82E-11
2005,trd,alt,166.4485048
2005,trd,pmt,29.30130772
2005,trd,trk,2.78E-11
2005,trd,fdd,2.81E-11
2005,trd,wtt,2.75E-11
2005,trd,wpd,30.47653061
2005,trd,wht,2.81E-11
2005,trd,wrh,2.81E-11
2005,trd,ott,2.81E-11
2005,trd,che,242.290863
2005,trd,air,2.82E-11
2005,trd,mmf,130.5471703
2005,trd,otr,2.81E-11
2005,trd,min,6.035759901
2004,trn,ppd,8.837861009
2004,trn,res,2.45E-11
2004,trn,com,2.45E-11
2004,trn,amb,2.45E-11
2004,trn,fbp,14.41414214
2004,trn,rec,2.46E-11
2004,trn,con,2.45E-11
2004,trn,agr,28.60442162
2004,trn,eec,5.575899066
2004,trn,fnd,2.45E-11
2004,trn,pub,3.89301974
2004,trn,hou,2.45E-11
2004,trn,ins,2.45E-11
2004,trn,tex,3.542510153
2004,trn,leg,2.44E-11
2004,trn,fen,2.44E-11
2004,trn,uti,2.45E-11
2004,trn,nmp,15.25190974
2004,trn,brd,2.45E-11
2004,trn,bnk,2.45E-11
2004,trn,ore,2.45E-11
2004,trn,edu,2.45E-11
2004,trn,ote,2.000075493
2004,trn,man,2.45E-11
2004,trn,mch,8.091651025
2004,trn,dat,2.44E-11
2004,trn,amd,2.46E-11
2004,trn,oil,24.17051952
2004,trn,hos,2.45E-11
2004,trn,rnt,2.44E-11
2004,trn,pla,4.322234642
2004,trn,fof,2.966806113
2004,trn,fin,2.45E-11
2004,trn,tsv,2.44E-11
2004,trn,nrs,2.46E-11
2004,trn,sec,2.45E-11
2004,trn,art,2.45E-11
2004,trn,mov,0.313453388
2004,trn,fpd,14.17731337
2004,trn,slg,2.45E-11
2004,trn,pri,2.914550107
2004,trn,grd,2.46E-11
2004,trn,pip,2.38E-11
2004,trn,sle,2.45E-11
2004,trn,osv,2.45E-11
2004,trn,trn,2.45E-11
2004,trn,smn,2.47E-11
2004,trn,fmt,6.446044526
2004,trn,pet,12.66897285
2004,trn,cep,8.692789409
2004,trn,wst,2.45E-11
2004,trn,mot,11.5810381
2004,trn,adm,2.45E-11
2004,trn,soc,2.46E-11
2004,trn,alt,5.663564878
2004,trn,pmt,7.645843726
2004,trn,trk,2.43E-11
2004,trn,fdd,2.45E-11
2004,trn,wtt,2.42E-11
2004,trn,wpd,7.092689799
2004,trn,wht,2.45E-11
2004,trn,wrh,2.44E-11
2004,trn,ott,2.44E-11
2004,trn,che,20.68026001
2004,trn,air,2.45E-11
2004,trn,mmf,14.96007671
2004,trn,otr,2.45E-11
2004,trn,min,18.54235749
2004,trd,ppd,29.29566117
2004,trd,res,2.42E-11
2004,trd,com,2.42E-11
2004,trd,amb,2.42E-11
2004,trd,fbp,270.4636114
2004,trd,rec,2.43E-11
2004,trd,con,2.42E-11
2004,trd,agr,51.4022168
2004,trd,eec,55.26353337
2004,trd,fnd,2.43E-11
2004,trd,pub,41.6979868
2004,trd,hou,2.42E-11
2004,trd,ins,2.43E-11
2004,trd,tex,52.02975488
2004,trd,leg,2.42E-11
2004,trd,fen,2.41E-11
2004,trd,uti,2.42E-11
2004,trd,nmp,30.37845572
2004,trd,brd,2.42E-11
2004,trd,bnk,2.42E-11
2004,trd,ore,2.42E-11
2004,trd,edu,2.42E-11
2004,trd,ote,15.82234352
2004,trd,man,2.42E-11
2004,trd,mch,89.98962809
2004,trd,dat,2.41E-11
2004,trd,amd,2.43E-11
2004,trd,oil,5.018813789
2004,trd,hos,2.42E-11
2004,trd,rnt,2.41E-11
2004,trd,pla,54.48566083
2004,trd,fof,7.319161341
2004,trd,fin,2.43E-11
2004,trd,tsv,2.42E-11
2004,trd,nrs,2.43E-11
2004,trd,sec,2.42E-11
2004,trd,art,2.42E-11
2004,trd,mov,8.657328536
2004,trd,fpd,49.81299333
2004,trd,slg,2.43E-11
2004,trd,pri,9.626120829
2004,trd,grd,2.43E-11
2004,trd,pip,2.35E-11
2004,trd,sle,2.43E-11
2004,trd,osv,2.42E-11
2004,trd,trn,2.42E-11
2004,trd,smn,2.44E-11
2004,trd,fmt,57.89976231
2004,trd,pet,88.23071421
2004,trd,cep,118.9034524
2004,trd,wst,2.42E-11
2004,trd,mot,115.6129334
2004,trd,adm,2.42E-11
2004,trd,soc,2.43E-11
2004,trd,alt,159.5688414
2004,trd,pmt,25.65592507
2004,trd,trk,2.40E-11
2004,trd,fdd,2.43E-11
2004,trd,wtt,2.39E-11
2004,trd,wpd,27.44882651
2004,trd,wht,2.42E-11
2004,trd,wrh,2.41E-11
2004,trd,ott,2.41E-11
2004,trd,che,218.2092459
2004,trd,air,2.42E-11
2004,trd,mmf,124.5454218
2004,trd,otr,2.42E-11
2004,trd,min,5.116382066
2003,trn,ppd,8.627565231
2003,trn,res,1.91E-11
2003,trn,com,1.91E-11
2003,trn,amb,1.91E-11
2003,trn,fbp,15.54223999
2003,trn,rec,1.92E-11
2003,trn,con,1.91E-11
2003,trn,agr,21.81541508
2003,trn,eec,4.467606988
2003,trn,fnd,1.91E-11
2003,trn,pub,3.721884026
2003,trn,hou,1.91E-11
2003,trn,ins,1.91E-11
2003,trn,tex,3.484512162
2003,trn,leg,1.90E-11
2003,trn,fen,1.89E-11
2003,trn,uti,1.90E-11
2003,trn,nmp,14.82242309
2003,trn,brd,1.91E-11
2003,trn,bnk,1.91E-11
2003,trn,ore,1.91E-11
2003,trn,edu,1.91E-11
2003,trn,ote,1.747397609
2003,trn,man,1.90E-11
2003,trn,mch,7.403488147
2003,trn,dat,1.89E-11
2003,trn,amd,1.91E-11
2003,trn,oil,23.43424092
2003,trn,hos,1.91E-11
2003,trn,rnt,1.90E-11
2003,trn,pla,3.85339389
2003,trn,fof,2.437737491
2003,trn,fin,1.91E-11
2003,trn,tsv,1.90E-11
2003,trn,nrs,1.92E-11
2003,trn,sec,1.91E-11
2003,trn,art,1.90E-11
2003,trn,mov,0.262697155
2003,trn,fpd,11.78062256
2003,trn,slg,1.91E-11
2003,trn,pri,3.010575595
2003,trn,grd,1.91E-11
2003,trn,pip,1.92E-11
2003,trn,sle,1.91E-11
2003,trn,osv,1.91E-11
2003,trn,trn,1.91E-11
2003,trn,smn,1.92E-11
2003,trn,fmt,5.970954211
2003,trn,pet,11.53860915
2003,trn,cep,7.689122999
2003,trn,wst,1.90E-11
2003,trn,mot,10.01094617
2003,trn,adm,1.91E-11
2003,trn,soc,1.92E-11
2003,trn,alt,5.741747501
2003,trn,pmt,5.83932581
2003,trn,trk,1.90E-11
2003,trn,fdd,1.91E-11
2003,trn,wtt,1.90E-11
2003,trn,wpd,6.189923785
2003,trn,wht,1.90E-11
2003,trn,wrh,1.90E-11
2003,trn,ott,1.91E-11
2003,trn,che,18.08160871
2003,trn,air,1.91E-11
2003,trn,mmf,12.64381818
2003,trn,otr,1.91E-11
2003,trn,min,16.42973491
2003,trd,ppd,27.71775279
2003,trd,res,1.90E-11
2003,trd,com,1.89E-11
2003,trd,amb,1.90E-11
2003,trd,fbp,262.9035972
2003,trd,rec,1.90E-11
2003,trd,con,1.90E-11
2003,trd,agr,49.56395779
2003,trd,eec,48.06970161
2003,trd,fnd,1.90E-11
2003,trd,pub,37.89384932
2003,trd,hou,1.90E-11
2003,trd,ins,1.89E-11
2003,trd,tex,46.38997803
2003,trd,leg,1.89E-11
2003,trd,fen,1.88E-11
2003,trd,uti,1.89E-11
2003,trd,nmp,27.74023819
2003,trd,brd,1.89E-11
2003,trd,bnk,1.89E-11
2003,trd,ore,1.89E-11
2003,trd,edu,1.90E-11
2003,trd,ote,15.38140835
2003,trd,man,1.89E-11
2003,trd,mch,82.28304947
2003,trd,dat,1.88E-11
2003,trd,amd,1.90E-11
2003,trd,oil,3.9677654
2003,trd,hos,1.90E-11
2003,trd,rnt,1.88E-11
2003,trd,pla,49.08935944
2003,trd,fof,6.779199374
2003,trd,fin,1.90E-11
2003,trd,tsv,1.89E-11
2003,trd,nrs,1.90E-11
2003,trd,sec,1.89E-11
2003,trd,art,1.89E-11
2003,trd,mov,8.148528714
2003,trd,fpd,43.574647
2003,trd,slg,1.90E-11
2003,trd,pri,8.933396401
2003,trd,grd,1.90E-11
2003,trd,pip,1.91E-11
2003,trd,sle,1.89E-11
2003,trd,osv,1.89E-11
2003,trd,trn,1.89E-11
2003,trd,smn,1.91E-11
2003,trd,fmt,51.50748163
2003,trd,pet,76.78947661
2003,trd,cep,107.1281744
2003,trd,wst,1.89E-11
2003,trd,mot,108.9310747
2003,trd,adm,1.89E-11
2003,trd,soc,1.90E-11
2003,trd,alt,147.995144
2003,trd,pmt,17.09824588
2003,trd,trk,1.88E-11
2003,trd,fdd,1.90E-11
2003,trd,wtt,1.88E-11
2003,trd,wpd,23.40926447
2003,trd,wht,1.89E-11
2003,trd,wrh,1.88E-11
2003,trd,ott,1.89E-11
2003,trd,che,200.0623017
2003,trd,air,1.89E-11
2003,trd,mmf,113.1675256
2003,trd,otr,1.89E-11
2003,trd,min,4.639833079
2002,trn,ppd,8.268722225
2002,trn,res,1.64E-11
2002,trn,com,1.64E-11
2002,trn,amb,1.64E-11
2002,trn,fbp,15.5851485
2002,trn,rec,1.65E-11
2002,trn,con,1.64E-11
2002,trn,agr,17.83562824
2002,trn,eec,4.372068053
2002,trn,fnd,1.64E-11
2002,trn,pub,3.582328176
2002,trn,hou,1.64E-11
2002,trn,ins,1.64E-11
2002,trn,tex,3.346088531
2002,trn,leg,1.63E-11
2002,trn,fen,1.62E-11
2002,trn,uti,1.64E-11
2002,trn,nmp,14.09213758
2002,trn,brd,1.64E-11
2002,trn,bnk,1.64E-11
2002,trn,ore,1.64E-11
2002,trn,edu,1.64E-11
2002,trn,ote,1.735900033
2002,trn,man,1.63E-11
2002,trn,mch,7.290543828
2002,trn,dat,1.63E-11
2002,trn,amd,1.64E-11
2002,trn,oil,22.98995348
2002,trn,hos,1.64E-11
2002,trn,rnt,1.63E-11
2002,trn,pla,3.642079681
2002,trn,fof,2.107755406
2002,trn,fin,1.64E-11
2002,trn,tsv,1.63E-11
2002,trn,nrs,1.65E-11
2002,trn,sec,1.64E-11
2002,trn,art,1.64E-11
2002,trn,mov,0.277397459
2002,trn,fpd,11.53052134
2002,trn,slg,1.64E-11
2002,trn,pri,2.940532735
2002,trn,grd,1.64E-11
2002,trn,pip,1.65E-11
2002,trn,sle,1.64E-11
2002,trn,osv,1.64E-11
2002,trn,trn,1.63E-11
2002,trn,smn,1.65E-11
2002,trn,fmt,6.064674676
2002,trn,pet,10.87541625
2002,trn,cep,7.622693104
2002,trn,wst,1.63E-11
2002,trn,mot,9.650222317
2002,trn,adm,1.64E-11
2002,trn,soc,1.65E-11
2002,trn,alt,5.497089532
2002,trn,pmt,5.81732013
2002,trn,trk,1.63E-11
2002,trn,fdd,1.64E-11
2002,trn,wtt,1.63E-11
2002,trn,wpd,5.696714752
2002,trn,wht,1.63E-11
2002,trn,wrh,1.63E-11
2002,trn,ott,1.64E-11
2002,trn,che,16.83502327
2002,trn,air,1.64E-11
2002,trn,mmf,12.4777738
2002,trn,otr,1.64E-11
2002,trn,min,15.7056415
2002,trd,ppd,27.63777639
2002,trd,res,1.63E-11
2002,trd,com,1.63E-11
2002,trd,amb,1.63E-11
2002,trd,fbp,243.5666155
2002,trd,rec,1.63E-11
2002,trd,con,1.63E-11
2002,trd,agr,47.16403742
2002,trd,eec,45.14294352
2002,trd,fnd,1.63E-11
2002,trd,pub,35.11000142
2002,trd,hou,1.63E-11
2002,trd,ins,1.63E-11
2002,trd,tex,44.06491174
2002,trd,leg,1.62E-11
2002,trd,fen,1.61E-11
2002,trd,uti,1.62E-11
2002,trd,nmp,25.94542004
2002,trd,brd,1.62E-11
2002,trd,bnk,1.63E-11
2002,trd,ore,1.62E-11
2002,trd,edu,1.63E-11
2002,trd,ote,14.20177786
2002,trd,man,1.62E-11
2002,trd,mch,77.45498912
2002,trd,dat,1.61E-11
2002,trd,amd,1.63E-11
2002,trd,oil,3.055639877
2002,trd,hos,1.63E-11
2002,trd,rnt,1.62E-11
2002,trd,pla,47.75429021
2002,trd,fof,6.814486644
2002,trd,fin,1.63E-11
2002,trd,tsv,1.62E-11
2002,trd,nrs,1.63E-11
2002,trd,sec,1.62E-11
2002,trd,art,1.62E-11
2002,trd,mov,8.554427409
2002,trd,fpd,41.94289389
2002,trd,slg,1.63E-11
2002,trd,pri,8.714763495
2002,trd,grd,1.63E-11
2002,trd,pip,1.64E-11
2002,trd,sle,1.63E-11
2002,trd,osv,1.62E-11
2002,trd,trn,1.62E-11
2002,trd,smn,1.64E-11
2002,trd,fmt,48.49086065
2002,trd,pet,64.02946863
2002,trd,cep,105.0383556
2002,trd,wst,1.62E-11
2002,trd,mot,111.2374708
2002,trd,adm,1.62E-11
2002,trd,soc,1.63E-11
2002,trd,alt,142.469304
2002,trd,pmt,16.34794501
2002,trd,trk,1.62E-11
2002,trd,fdd,1.63E-11
2002,trd,wtt,1.61E-11
2002,trd,wpd,21.28927682
2002,trd,wht,1.62E-11
2002,trd,wrh,1.62E-11
2002,trd,ott,1.63E-11
2002,trd,che,191.2232983
2002,trd,air,1.62E-11
2002,trd,mmf,108.274204
2002,trd,otr,1.62E-11
2002,trd,min,3.740052289
2001,trn,ppd,8.678646596
2001,trn,res,5.37E-12
2001,trn,com,5.36E-12
2001,trn,amb,5.37E-12
2001,trn,fbp,13.78156318
2001,trn,rec,5.39E-12
2001,trn,con,5.37E-12
2001,trn,agr,20.23874084
2001,trn,eec,4.199267891
2001,trn,fnd,5.37E-12
2001,trn,pub,3.492017229
2001,trn,hou,5.37E-12
2001,trn,ins,5.36E-12
2001,trn,tex,3.541896739
2001,trn,leg,5.34E-12
2001,trn,fen,5.29E-12
2001,trn,uti,5.35E-12
2001,trn,nmp,13.28992453
2001,trn,brd,5.35E-12
2001,trn,bnk,5.36E-12
2001,trn,ore,5.35E-12
2001,trn,edu,5.37E-12
2001,trn,ote,1.578077226
2001,trn,man,5.33E-12
2001,trn,mch,6.769527908
2001,trn,dat,5.31E-12
2001,trn,amd,5.36E-12
2001,trn,oil,23.42971987
2001,trn,hos,5.37E-12
2001,trn,rnt,5.33E-12
2001,trn,pla,3.946158488
2001,trn,fof,2.261417146
2001,trn,fin,5.38E-12
2001,trn,tsv,5.35E-12
2001,trn,nrs,5.39E-12
2001,trn,sec,5.35E-12
2001,trn,art,5.34E-12
2001,trn,mov,0.238423024
2001,trn,fpd,11.21087219
2001,trn,slg,5.37E-12
2001,trn,pri,3.119756787
2001,trn,grd,5.38E-12
2001,trn,pip,5.42E-12
2001,trn,sle,5.36E-12
2001,trn,osv,5.36E-12
2001,trn,trn,5.35E-12
2001,trn,smn,5.40E-12
2001,trn,fmt,5.411707173
2001,trn,pet,10.71651835
2001,trn,cep,7.350482133
2001,trn,wst,5.34E-12
2001,trn,mot,8.553484759
2001,trn,adm,5.35E-12
2001,trn,soc,5.40E-12
2001,trn,alt,6.137553676
2001,trn,pmt,5.465437634
2001,trn,trk,5.32E-12
2001,trn,fdd,5.37E-12
2001,trn,wtt,5.33E-12
2001,trn,wpd,5.611624717
2001,trn,wht,5.34E-12
2001,trn,wrh,5.32E-12
2001,trn,ott,5.38E-12
2001,trn,che,17.07322893
2001,trn,air,5.34E-12
2001,trn,mmf,11.52284846
2001,trn,otr,5.34E-12
2001,trn,min,15.92601972
2001,trd,ppd,26.04071817
2001,trd,res,5.32E-12
2001,trd,com,5.31E-12
2001,trd,amb,5.32E-12
2001,trd,fbp,233.5910282
2001,trd,rec,5.34E-12
2001,trd,con,5.32E-12
2001,trd,agr,45.3743311
2001,trd,eec,42.38539612
2001,trd,fnd,5.33E-12
2001,trd,pub,32.99441765
2001,trd,hou,5.32E-12
2001,trd,ins,5.31E-12
2001,trd,tex,42.75949602
2001,trd,leg,5.29E-12
2001,trd,fen,5.25E-12
2001,trd,uti,5.30E-12
2001,trd,nmp,25.38631128
2001,trd,brd,5.30E-12
2001,trd,bnk,5.31E-12
2001,trd,ore,5.30E-12
2001,trd,edu,5.32E-12
2001,trd,ote,12.04570829
2001,trd,man,5.29E-12
2001,trd,mch,78.90717696
2001,trd,dat,5.26E-12
2001,trd,amd,5.31E-12
2001,trd,oil,3.59141281
2001,trd,hos,5.32E-12
2001,trd,rnt,5.28E-12
2001,trd,pla,46.45904067
2001,trd,fof,6.022091646
2001,trd,fin,5.33E-12
2001,trd,tsv,5.30E-12
2001,trd,nrs,5.34E-12
2001,trd,sec,5.31E-12
2001,trd,art,5.30E-12
2001,trd,mov,8.282272439
2001,trd,fpd,37.87360666
2001,trd,slg,5.32E-12
2001,trd,pri,9.020208049
2001,trd,grd,5.33E-12
2001,trd,pip,5.37E-12
2001,trd,sle,5.32E-12
2001,trd,osv,5.31E-12
2001,trd,trn,5.30E-12
2001,trd,smn,5.35E-12
2001,trd,fmt,46.59345454
2001,trd,pet,69.74701561
2001,trd,cep,98.91014337
2001,trd,wst,5.30E-12
2001,trd,mot,89.52445951
2001,trd,adm,5.30E-12
2001,trd,soc,5.35E-12
2001,trd,alt,138.6423936
2001,trd,pmt,17.93586636
2001,trd,trk,5.28E-12
2001,trd,fdd,5.33E-12
2001,trd,wtt,5.28E-12
2001,trd,wpd,19.80586099
2001,trd,wht,5.29E-12
2001,trd,wrh,5.27E-12
2001,trd,ott,5.34E-12
2001,trd,che,175.4727357
2001,trd,air,5.30E-12
2001,trd,mmf,95.19971687
2001,trd,otr,5.30E-12
2001,trd,min,3.525419444
2000,trn,ppd,4.09936446
2000,trn,res,9.04E-12
2000,trn,com,9.03E-12
2000,trn,amb,9.04E-12
2000,trn,fbp,12.46143072
2000,trn,rec,9.07E-12
2000,trn,con,9.04E-12
2000,trn,agr,21.92022109
2000,trn,eec,5.655185509
2000,trn,fnd,9.05E-12
2000,trn,pub,3.534076385
2000,trn,hou,9.04E-12
2000,trn,ins,9.02E-12
2000,trn,tex,1.612575088
2000,trn,leg,8.99E-12
2000,trn,fen,8.94E-12
2000,trn,uti,9.01E-12
2000,trn,nmp,12.72445349
2000,trn,brd,9.01E-12
2000,trn,bnk,9.02E-12
2000,trn,ore,9.01E-12
2000,trn,edu,9.04E-12
2000,trn,ote,2.829408858
2000,trn,man,9.00E-12
2000,trn,mch,6.539351506
2000,trn,dat,8.96E-12
2000,trn,amd,9.03E-12
2000,trn,oil,24.07046744
2000,trn,hos,9.04E-12
2000,trn,rnt,8.98E-12
2000,trn,pla,4.35910196
2000,trn,fof,2.088590696
2000,trn,fin,9.05E-12
2000,trn,tsv,8.99E-12
2000,trn,nrs,9.07E-12
2000,trn,sec,9.02E-12
2000,trn,art,9.00E-12
2000,trn,mov,0.284455595
2000,trn,fpd,10.68350776
2000,trn,slg,9.04E-12
2000,trn,pri,0.766294846
2000,trn,grd,9.05E-12
2000,trn,pip,9.08E-12
2000,trn,sle,9.03E-12
2000,trn,osv,9.02E-12
2000,trn,trn,9.03E-12
2000,trn,smn,9.10E-12
2000,trn,fmt,5.118918522
2000,trn,pet,10.267673
2000,trn,cep,11.06610608
2000,trn,wst,9.00E-12
2000,trn,mot,14.21629776
2000,trn,adm,9.02E-12
2000,trn,soc,9.08E-12
2000,trn,alt,5.371342617
2000,trn,pmt,5.950369474
2000,trn,trk,8.98E-12
2000,trn,fdd,9.05E-12
2000,trn,wtt,8.96E-12
2000,trn,wpd,2.831185244
2000,trn,wht,9.00E-12
2000,trn,wrh,8.96E-12
2000,trn,ott,9.02E-12
2000,trn,che,18.18314265
2000,trn,air,9.01E-12
2000,trn,mmf,11.85952229
2000,trn,otr,9.00E-12
2000,trn,min,15.59891594
2000,trd,ppd,26.09131969
2000,trd,res,8.97E-12
2000,trd,com,8.96E-12
2000,trd,amb,8.98E-12
2000,trd,fbp,223.5555248
2000,trd,rec,9.00E-12
2000,trd,con,8.98E-12
2000,trd,agr,43.91884545
2000,trd,eec,45.75264356
2000,trd,fnd,8.98E-12
2000,trd,pub,34.53367811
2000,trd,hou,8.98E-12
2000,trd,ins,8.95E-12
2000,trd,tex,42.00243605
2000,trd,leg,8.92E-12
2000,trd,fen,8.87E-12
2000,trd,uti,8.94E-12
2000,trd,nmp,25.38055015
2000,trd,brd,8.95E-12
2000,trd,bnk,8.96E-12
2000,trd,ore,8.95E-12
2000,trd,edu,8.98E-12
2000,trd,ote,14.83800993
2000,trd,man,8.93E-12
2000,trd,mch,83.53797101
2000,trd,dat,8.89E-12
2000,trd,amd,8.96E-12
2000,trd,oil,4.101268317
2000,trd,hos,8.97E-12
2000,trd,rnt,8.92E-12
2000,trd,pla,47.19295557
2000,trd,fof,6.433461518
2000,trd,fin,8.99E-12
2000,trd,tsv,8.93E-12
2000,trd,nrs,9.00E-12
2000,trd,sec,8.96E-12
2000,trd,art,8.94E-12
2000,trd,mov,8.163389702
2000,trd,fpd,40.3708848
2000,trd,slg,8.98E-12
2000,trd,pri,8.918563943
2000,trd,grd,8.98E-12
2000,trd,pip,9.02E-12
2000,trd,sle,8.97E-12
2000,trd,osv,8.96E-12
2000,trd,trn,8.97E-12
2000,trd,smn,9.04E-12
2000,trd,fmt,47.34587582
2000,trd,pet,71.43194767
2000,trd,cep,115.4514979
2000,trd,wst,8.94E-12
2000,trd,mot,97.50114244
2000,trd,adm,8.95E-12
2000,trd,soc,9.01E-12
2000,trd,alt,137.5103729
2000,trd,pmt,21.03792776
2000,trd,trk,8.91E-12
2000,trd,fdd,8.98E-12
2000,trd,wtt,8.90E-12
2000,trd,wpd,20.44975733
2000,trd,wht,8.94E-12
2000,trd,wrh,8.90E-12
2000,trd,ott,8.96E-12
2000,trd,che,161.2875646
2000,trd,air,8.94E-12
2000,trd,mmf,98.03211002
2000,trd,otr,8.94E-12
2000,trd,min,3.639189232
1999,trn,ppd,6.192902959
1999,trn,res,3.98E-12
1999,trn,com,3.98E-12
1999,trn,amb,3.99E-12
1999,trn,fbp,12.01560542
1999,trn,rec,4.00E-12
1999,trn,con,3.98E-12
1999,trn,agr,21.53582932
1999,trn,eec,4.357195465
1999,trn,fnd,3.99E-12
1999,trn,pub,3.033226532
1999,trn,hou,3.99E-12
1999,trn,ins,3.98E-12
1999,trn,tex,2.573854589
1999,trn,leg,3.96E-12
1999,trn,fen,3.94E-12
1999,trn,uti,3.97E-12
1999,trn,nmp,11.80712912
1999,trn,brd,3.97E-12
1999,trn,bnk,3.98E-12
1999,trn,ore,3.97E-12
1999,trn,edu,3.99E-12
1999,trn,ote,1.758012039
1999,trn,man,3.96E-12
1999,trn,mch,5.871173321
1999,trn,dat,3.94E-12
1999,trn,amd,3.98E-12
1999,trn,oil,24.94854738
1999,trn,hos,3.98E-12
1999,trn,rnt,3.96E-12
1999,trn,pla,4.224803843
1999,trn,fof,2.606231356
1999,trn,fin,3.99E-12
1999,trn,tsv,3.97E-12
1999,trn,nrs,4.00E-12
1999,trn,sec,3.98E-12
1999,trn,art,3.97E-12
1999,trn,mov,0.189455016
1999,trn,fpd,10.54327387
1999,trn,slg,3.99E-12
1999,trn,pri,1.927139446
1999,trn,grd,3.99E-12
1999,trn,pip,4.04E-12
1999,trn,sle,3.98E-12
1999,trn,osv,3.98E-12
1999,trn,trn,3.98E-12
1999,trn,smn,4.02E-12
1999,trn,fmt,4.38138658
1999,trn,pet,9.957314962
1999,trn,cep,7.196555253
1999,trn,wst,3.97E-12
1999,trn,mot,9.933185929
1999,trn,adm,3.97E-12
1999,trn,soc,4.00E-12
1999,trn,alt,5.173810109
1999,trn,pmt,5.377003586
1999,trn,trk,3.95E-12
1999,trn,fdd,3.99E-12
1999,trn,wtt,3.95E-12
1999,trn,wpd,4.427013653
1999,trn,wht,3.96E-12
1999,trn,wrh,3.95E-12
1999,trn,ott,3.99E-12
1999,trn,che,17.83915524
1999,trn,air,3.97E-12
1999,trn,mmf,10.92316527
1999,trn,otr,3.97E-12
1999,trn,min,15.68625803
1999,trd,ppd,24.38033933
1999,trd,res,3.95E-12
1999,trd,com,3.95E-12
1999,trd,amb,3.96E-12
1999,trd,fbp,214.7054423
1999,trd,rec,3.97E-12
1999,trd,con,3.95E-12
1999,trd,agr,41.64791995
1999,trd,eec,41.61592614
1999,trd,fnd,3.96E-12
1999,trd,pub,32.34172081
1999,trd,hou,3.95E-12
1999,trd,ins,3.94E-12
1999,trd,tex,39.15588236
1999,trd,leg,3.92E-12
1999,trd,fen,3.90E-12
1999,trd,uti,3.94E-12
1999,trd,nmp,23.59971769
1999,trd,brd,3.94E-12
1999,trd,bnk,3.95E-12
1999,trd,ore,3.94E-12
1999,trd,edu,3.96E-12
1999,trd,ote,12.90733025
1999,trd,man,3.93E-12
1999,trd,mch,79.06821581
1999,trd,dat,3.91E-12
1999,trd,amd,3.95E-12
1999,trd,oil,3.370696778
1999,trd,hos,3.95E-12
1999,trd,rnt,3.93E-12
1999,trd,pla,46.11949494
1999,trd,fof,7.173747028
1999,trd,fin,3.96E-12
1999,trd,tsv,3.93E-12
1999,trd,nrs,3.97E-12
1999,trd,sec,3.94E-12
1999,trd,art,3.94E-12
1999,trd,mov,6.760038329
1999,trd,fpd,36.87847931
1999,trd,slg,3.96E-12
1999,trd,pri,8.518591848
1999,trd,grd,3.95E-12
1999,trd,pip,4.01E-12
1999,trd,sle,3.95E-12
1999,trd,osv,3.95E-12
1999,trd,trn,3.95E-12
1999,trd,smn,3.98E-12
1999,trd,fmt,44.3698789
1999,trd,pet,62.90502187
1999,trd,cep,105.6505013
1999,trd,wst,3.94E-12
1999,trd,mot,96.60425873
1999,trd,adm,3.94E-12
1999,trd,soc,3.97E-12
1999,trd,alt,129.8084282
1999,trd,pmt,19.07747459
1999,trd,trk,3.92E-12
1999,trd,fdd,3.96E-12
1999,trd,wtt,3.92E-12
1999,trd,wpd,19.8690418
1999,trd,wht,3.93E-12
1999,trd,wrh,3.92E-12
1999,trd,ott,3.95E-12
1999,trd,che,150.0272975
1999,trd,air,3.94E-12
1999,trd,mmf,92.01105155
1999,trd,otr,3.94E-12
1999,trd,min,3.38786604
1998,trn,ppd,6.209706799
1998,trn,res,1.39E-12
1998,trn,com,1.39E-12
1998,trn,amb,1.39E-12
1998,trn,fbp,11.11189631
1998,trn,rec,1.39E-12
1998,trn,con,1.39E-12
1998,trn,agr,21.82603953
1998,trn,eec,3.894462607
1998,trn,fnd,1.39E-12
1998,trn,pub,2.75110972
1998,trn,hou,1.39E-12
1998,trn,ins,1.39E-12
1998,trn,tex,2.638091321
1998,trn,leg,1.38E-12
1998,trn,fen,1.37E-12
1998,trn,uti,1.38E-12
1998,trn,nmp,10.6873674
1998,trn,brd,1.38E-12
1998,trn,bnk,1.39E-12
1998,trn,ore,1.38E-12
1998,trn,edu,1.39E-12
1998,trn,ote,1.644695755
1998,trn,man,1.38E-12
1998,trn,mch,5.981065673
1998,trn,dat,1.37E-12
1998,trn,amd,1.39E-12
1998,trn,oil,24.48291471
1998,trn,hos,1.39E-12
1998,trn,rnt,1.38E-12
1998,trn,pla,3.898646947
1998,trn,fof,2.412413874
1998,trn,fin,1.39E-12
1998,trn,tsv,1.38E-12
1998,trn,nrs,1.39E-12
1998,trn,sec,1.39E-12
1998,trn,art,1.38E-12
1998,trn,mov,0.162378078
1998,trn,fpd,9.21674966
1998,trn,slg,1.39E-12
1998,trn,pri,1.975686381
1998,trn,grd,1.39E-12
1998,trn,pip,1.41E-12
1998,trn,sle,1.39E-12
1998,trn,osv,1.39E-12
1998,trn,trn,1.38E-12
1998,trn,smn,1.40E-12
1998,trn,fmt,4.680316543
1998,trn,pet,9.523846293
1998,trn,cep,6.725623455
1998,trn,wst,1.38E-12
1998,trn,mot,8.912035154
1998,trn,adm,1.38E-12
1998,trn,soc,1.40E-12
1998,trn,alt,5.038663994
1998,trn,pmt,6.125605654
1998,trn,trk,1.38E-12
1998,trn,fdd,1.39E-12
1998,trn,wtt,1.38E-12
1998,trn,wpd,4.265552374
1998,trn,wht,1.38E-12
1998,trn,wrh,1.37E-12
1998,trn,ott,1.39E-12
1998,trn,che,17.46917236
1998,trn,air,1.38E-12
1998,trn,mmf,9.939084716
1998,trn,otr,1.38E-12
1998,trn,min,15.62924727
1998,trd,ppd,22.87338
1998,trd,res,1.38E-12
1998,trd,com,1.38E-12
1998,trd,amb,1.38E-12
1998,trd,fbp,202.5117948
1998,trd,rec,1.39E-12
1998,trd,con,1.38E-12
1998,trd,agr,38.32673498
1998,trd,eec,37.60967537
1998,trd,fnd,1.38E-12
1998,trd,pub,30.01863362
1998,trd,hou,1.38E-12
1998,trd,ins,1.38E-12
1998,trd,tex,36.16575663
1998,trd,leg,1.37E-12
1998,trd,fen,1.36E-12
1998,trd,uti,1.37E-12
1998,trd,nmp,22.32212933
1998,trd,brd,1.38E-12
1998,trd,bnk,1.38E-12
1998,trd,ore,1.38E-12
1998,trd,edu,1.38E-12
1998,trd,ote,11.02240076
1998,trd,man,1.37E-12
1998,trd,mch,76.26027872
1998,trd,dat,1.36E-12
1998,trd,amd,1.38E-12
1998,trd,oil,3.203374994
1998,trd,hos,1.38E-12
1998,trd,rnt,1.37E-12
1998,trd,pla,42.85186201
1998,trd,fof,6.328199109
1998,trd,fin,1.38E-12
1998,trd,tsv,1.37E-12
1998,trd,nrs,1.38E-12
1998,trd,sec,1.38E-12
1998,trd,art,1.37E-12
1998,trd,mov,5.996236141
1998,trd,fpd,33.79445326
1998,trd,slg,1.38E-12
1998,trd,pri,8.470189942
1998,trd,grd,1.38E-12
1998,trd,pip,1.40E-12
1998,trd,sle,1.38E-12
1998,trd,osv,1.38E-12
1998,trd,trn,1.37E-12
1998,trd,smn,1.39E-12
1998,trd,fmt,42.09766832
1998,trd,pet,61.26176058
1998,trd,cep,98.89560966
1998,trd,wst,1.37E-12
1998,trd,mot,84.3059888
1998,trd,adm,1.38E-12
1998,trd,soc,1.39E-12
1998,trd,alt,121.3460074
1998,trd,pmt,18.18233526
1998,trd,trk,1.37E-12
1998,trd,fdd,1.38E-12
1998,trd,wtt,1.37E-12
1998,trd,wpd,18.79360875
1998,trd,wht,1.37E-12
1998,trd,wrh,1.36E-12
1998,trd,ott,1.38E-12
1998,trd,che,137.4940085
1998,trd,air,1.37E-12
1998,trd,mmf,85.89839682
1998,trd,otr,1.37E-12
1998,trd,min,3.152813621
1997,trn,ppd,6.935311096
1997,trn,res,3.73E-12
1997,trn,com,3.73E-12
1997,trn,amb,3.73E-12
1997,trn,fbp,10.48211568
1997,trn,rec,3.74E-12
1997,trn,con,3.73E-12
1997,trn,agr,21.62083787
1997,trn,eec,3.508923718
1997,trn,fnd,3.74E-12
1997,trn,pub,2.621632854
1997,trn,hou,3.73E-12
1997,trn,ins,3.73E-12
1997,trn,tex,3.077473483
1997,trn,leg,3.71E-12
1997,trn,fen,3.70E-12
1997,trn,uti,3.72E-12
1997,trn,nmp,9.681548355
1997,trn,brd,3.73E-12
1997,trn,bnk,3.73E-12
1997,trn,ore,3.73E-12
1997,trn,edu,3.73E-12
1997,trn,ote,1.501538536
1997,trn,man,3.72E-12
1997,trn,mch,5.612051753
1997,trn,dat,3.69E-12
1997,trn,amd,3.73E-12
1997,trn,oil,24.64825575
1997,trn,hos,3.73E-12
1997,trn,rnt,3.71E-12
1997,trn,pla,3.547404021
1997,trn,fof,2.094708756
1997,trn,fin,3.74E-12
1997,trn,tsv,3.71E-12
1997,trn,nrs,3.74E-12
1997,trn,sec,3.73E-12
1997,trn,art,3.72E-12
1997,trn,mov,0.149021689
1997,trn,fpd,8.621508135
1997,trn,slg,3.73E-12
1997,trn,pri,2.51650785
1997,trn,grd,3.73E-12
1997,trn,pip,3.76E-12
1997,trn,sle,3.73E-12
1997,trn,osv,3.73E-12
1997,trn,trn,3.69E-12
1997,trn,smn,3.76E-12
1997,trn,fmt,4.356690541
1997,trn,pet,8.796004384
1997,trn,cep,6.796517206
1997,trn,wst,3.71E-12
1997,trn,mot,8.686513398
1997,trn,adm,3.73E-12
1997,trn,soc,3.75E-12
1997,trn,alt,4.977168913
1997,trn,pmt,6.028755908
1997,trn,trk,3.71E-12
1997,trn,fdd,3.74E-12
1997,trn,wtt,3.71E-12
1997,trn,wpd,4.715145906
1997,trn,wht,3.72E-12
1997,trn,wrh,3.70E-12
1997,trn,ott,3.71E-12
1997,trn,che,16.8522608
1997,trn,air,3.72E-12
1997,trn,mmf,9.298047657
1997,trn,otr,3.72E-12
1997,trn,min,16.60071121
1997,trd,ppd,22.11815453
1997,trd,res,3.71E-12
1997,trd,com,3.71E-12
1997,trd,amb,3.72E-12
1997,trd,fbp,198.8532135
1997,trd,rec,3.73E-12
1997,trd,con,3.71E-12
1997,trd,agr,38.06704378
1997,trd,eec,35.28317852
1997,trd,fnd,3.72E-12
1997,trd,pub,27.40587411
1997,trd,hou,3.71E-12
1997,trd,ins,3.71E-12
1997,trd,tex,35.27228476
1997,trd,leg,3.69E-12
1997,trd,fen,3.68E-12
1997,trd,uti,3.70E-12
1997,trd,nmp,20.24221671
1997,trd,brd,3.71E-12
1997,trd,bnk,3.71E-12
1997,trd,ore,3.71E-12
1997,trd,edu,3.72E-12
1997,trd,ote,10.17617681
1997,trd,man,3.70E-12
1997,trd,mch,67.6341127
1997,trd,dat,3.67E-12
1997,trd,amd,3.71E-12
1997,trd,oil,3.764079177
1997,trd,hos,3.71E-12
1997,trd,rnt,3.70E-12
1997,trd,pla,43.14212421
1997,trd,fof,6.360878558
1997,trd,fin,3.72E-12
1997,trd,tsv,3.69E-12
1997,trd,nrs,3.73E-12
1997,trd,sec,3.71E-12
1997,trd,art,3.70E-12
1997,trd,mov,5.525894263
1997,trd,fpd,32.05505621
1997,trd,slg,3.72E-12
1997,trd,pri,8.009849307
1997,trd,grd,3.71E-12
1997,trd,pip,3.75E-12
1997,trd,sle,3.71E-12
1997,trd,osv,3.71E-12
1997,trd,trn,3.68E-12
1997,trd,smn,3.74E-12
1997,trd,fmt,41.2578787
1997,trd,pet,65.27927788
1997,trd,cep,94.80120956
1997,trd,wst,3.70E-12
1997,trd,mot,83.73342236
1997,trd,adm,3.71E-12
1997,trd,soc,3.73E-12
1997,trd,alt,115.0100224
1997,trd,pmt,18.43630014
1997,trd,trk,3.69E-12
1997,trd,fdd,3.72E-12
1997,trd,wtt,3.69E-12
1997,trd,wpd,17.70777335
1997,trd,wht,3.70E-12
1997,trd,wrh,3.68E-12
1997,trd,ott,3.70E-12
1997,trd,che,128.6669061
1997,trd,air,3.70E-12
1997,trd,mmf,80.80137565
1997,trd,otr,3.70E-12
1997,trd,min,3.184479918
