yr,i,m,Value
1997,ppd,trn,3.712E-12
1997,ppd,trd,3.73008E-12
1997,res,trn,3.71176E-12
1997,res,trd,3.72985E-12
1997,com,trn,3.69942E-12
1997,com,trd,3.71742E-12
1997,amb,trn,3.71128E-12
1997,amb,trd,3.72937E-12
1997,fbp,trn,3.716E-12
1997,fbp,trd,3.73413E-12
1997,rec,trn,3.69586E-12
1997,rec,trd,3.71386E-12
1997,con,trn,3.71564E-12
1997,con,trd,3.73376E-12
1997,agr,trn,3.71749E-12
1997,agr,trd,3.73562E-12
1997,eec,trn,3.71022E-12
1997,eec,trd,3.72829E-12
1997,fnd,trn,3.70748E-12
1997,fnd,trd,3.72553E-12
1997,pub,trn,3.70892E-12
1997,pub,trd,3.72699E-12
1997,hou,trn,3.71415E-12
1997,hou,trd,3.73224E-12
1997,fbt,trn,3.70215E-12
1997,fbt,trd,107.9974959
1997,ins,trn,3.71868E-12
1997,ins,trd,3.7368E-12
1997,tex,trn,3.70785E-12
1997,tex,trd,3.72591E-12
1997,leg,trn,3.72187E-12
1997,leg,trd,3.74E-12
1997,fen,trn,3.73156E-12
1997,fen,trd,3.74974E-12
1997,uti,trn,3.72058E-12
1997,uti,trd,3.73872E-12
1997,nmp,trn,3.71202E-12
1997,nmp,trd,3.73011E-12
1997,brd,trn,3.71781E-12
1997,brd,trd,3.73592E-12
1997,bnk,trn,3.71431E-12
1997,bnk,trd,3.7324E-12
1997,ore,trn,3.71903E-12
1997,ore,trd,3.73716E-12
1997,edu,trn,3.71038E-12
1997,edu,trd,3.72847E-12
1997,ote,trn,3.70795E-12
1997,ote,trd,3.72601E-12
1997,man,trn,3.71747E-12
1997,man,trd,3.73557E-12
1997,mch,trn,3.71496E-12
1997,mch,trd,3.73307E-12
1997,dat,trn,3.72466E-12
1997,dat,trd,3.74282E-12
1997,amd,trn,3.70339E-12
1997,amd,trd,3.72142E-12
1997,oil,trn,3.69552E-12
1997,oil,trd,3.71349E-12
1997,hos,trn,3.71509E-12
1997,hos,trd,3.73321E-12
1997,rnt,trn,3.71871E-12
1997,rnt,trd,3.73684E-12
1997,pla,trn,3.71152E-12
1997,pla,trd,3.72959E-12
1997,fof,trn,3.69068E-12
1997,fof,trd,3.70864E-12
1997,fin,trn,3.69744E-12
1997,fin,trd,3.71544E-12
1997,tsv,trn,3.71292E-12
1997,tsv,trd,3.73108E-12
1997,nrs,trn,3.69527E-12
1997,nrs,trd,3.71324E-12
1997,sec,trn,3.71665E-12
1997,sec,trd,3.73476E-12
1997,art,trn,3.71269E-12
1997,art,trd,3.73077E-12
1997,mov,trn,3.69408E-12
1997,mov,trd,3.71205E-12
1997,fpd,trn,3.69482E-12
1997,fpd,trd,3.7128E-12
1997,slg,trn,3.71136E-12
1997,slg,trd,3.72944E-12
1997,pri,trn,3.70986E-12
1997,pri,trd,3.72792E-12
1997,grd,trn,3.69925E-12
1997,grd,trd,3.71725E-12
1997,pip,trn,22.34611291
1997,pip,trd,3.70761E-12
1997,sle,trn,3.70978E-12
1997,sle,trd,3.72784E-12
1997,osv,trn,3.71375E-12
1997,osv,trd,3.73184E-12
1997,trn,trn,31.95529536
1997,trn,trd,3.72694E-12
1997,smn,trn,3.67298E-12
1997,smn,trd,3.69082E-12
1997,fmt,trn,3.71165E-12
1997,fmt,trd,3.72973E-12
1997,pet,trn,3.70919E-12
1997,pet,trd,3.72725E-12
1997,mvt,trn,3.7025E-12
1997,mvt,trd,95.62122759
1997,cep,trn,3.71292E-12
1997,cep,trd,3.73101E-12
1997,wst,trn,3.7121E-12
1997,wst,trd,3.73019E-12
1997,mot,trn,3.71314E-12
1997,mot,trd,3.73123E-12
1997,adm,trn,3.71096E-12
1997,adm,trd,3.72903E-12
1997,soc,trn,3.69064E-12
1997,soc,trd,3.70859E-12
1997,alt,trn,3.70196E-12
1997,alt,trd,3.71998E-12
1997,pmt,trn,3.69969E-12
1997,pmt,trd,3.71769E-12
1997,trk,trn,123.311202
1997,trk,trd,3.73543E-12
1997,fdd,trn,3.70962E-12
1997,fdd,trd,3.72769E-12
1997,gmt,trn,3.70177E-12
1997,gmt,trd,89.16450893
1997,wtt,trn,9.354331817
1997,wtt,trd,3.71369E-12
1997,wpd,trn,3.70538E-12
1997,wpd,trd,3.72343E-12
1997,wht,trn,3.70639E-12
1997,wht,trd,541.1462586
1997,wrh,trn,3.71958E-12
1997,wrh,trd,3.7377E-12
1997,ott,trn,3.70525E-12
1997,ott,trd,368.8592922
1997,che,trn,3.7128E-12
1997,che,trd,3.73089E-12
1997,air,trn,6.171094896
1997,air,trd,3.73538E-12
1997,mmf,trn,3.69999E-12
1997,mmf,trd,3.718E-12
1997,otr,trn,0.588618446
1997,otr,trd,3.73145E-12
1997,min,trn,3.70142E-12
1997,min,trd,3.71943E-12
1998,ppd,trn,1.37529E-12
1998,ppd,trd,1.38416E-12
1998,res,trn,1.37486E-12
1998,res,trd,1.38373E-12
1998,com,trn,1.37151E-12
1998,com,trd,1.38035E-12
1998,amb,trn,1.37521E-12
1998,amb,trd,1.38408E-12
1998,fbp,trn,1.37694E-12
1998,fbp,trd,1.38583E-12
1998,rec,trn,1.36649E-12
1998,rec,trd,1.37531E-12
1998,con,trn,1.37688E-12
1998,con,trd,1.38577E-12
1998,agr,trn,1.37686E-12
1998,agr,trd,1.38575E-12
1998,eec,trn,1.37398E-12
1998,eec,trd,1.38284E-12
1998,fnd,trn,1.37417E-12
1998,fnd,trd,1.38304E-12
1998,pub,trn,1.37427E-12
1998,pub,trd,1.38314E-12
1998,hou,trn,1.37616E-12
1998,hou,trd,1.38504E-12
1998,fbt,trn,1.37168E-12
1998,fbt,trd,110.9601466
1998,ins,trn,1.37858E-12
1998,ins,trd,1.38747E-12
1998,tex,trn,1.37332E-12
1998,tex,trd,1.38218E-12
1998,leg,trn,1.38075E-12
1998,leg,trd,1.38966E-12
1998,fen,trn,1.38646E-12
1998,fen,trd,1.39541E-12
1998,uti,trn,1.37904E-12
1998,uti,trd,1.38795E-12
1998,nmp,trn,1.37449E-12
1998,nmp,trd,1.38336E-12
1998,brd,trn,1.37839E-12
1998,brd,trd,1.38729E-12
1998,bnk,trn,1.37672E-12
1998,bnk,trd,1.3856E-12
1998,ore,trn,1.37948E-12
1998,ore,trd,1.38838E-12
1998,edu,trn,1.37419E-12
1998,edu,trd,1.38306E-12
1998,ote,trn,1.37375E-12
1998,ote,trd,1.38261E-12
1998,man,trn,1.3794E-12
1998,man,trd,1.38829E-12
1998,mch,trn,1.37649E-12
1998,mch,trd,1.38538E-12
1998,dat,trn,1.3827E-12
1998,dat,trd,1.39162E-12
1998,amd,trn,1.37211E-12
1998,amd,trd,1.38095E-12
1998,oil,trn,1.36921E-12
1998,oil,trd,1.37804E-12
1998,hos,trn,1.37668E-12
1998,hos,trd,1.38557E-12
1998,rnt,trn,1.37838E-12
1998,rnt,trd,1.38728E-12
1998,pla,trn,1.37572E-12
1998,pla,trd,1.3846E-12
1998,fof,trn,1.36411E-12
1998,fof,trd,1.37291E-12
1998,fin,trn,1.37029E-12
1998,fin,trd,1.37913E-12
1998,tsv,trn,1.37582E-12
1998,tsv,trd,1.38472E-12
1998,nrs,trn,1.36817E-12
1998,nrs,trd,1.37698E-12
1998,sec,trn,1.37754E-12
1998,sec,trd,1.38643E-12
1998,art,trn,1.37653E-12
1998,art,trd,1.38541E-12
1998,mov,trn,1.36738E-12
1998,mov,trd,1.37619E-12
1998,fpd,trn,1.3671E-12
1998,fpd,trd,1.37591E-12
1998,slg,trn,1.37558E-12
1998,slg,trd,1.38446E-12
1998,pri,trn,1.37478E-12
1998,pri,trd,1.38365E-12
1998,grd,trn,1.36855E-12
1998,grd,trd,1.37738E-12
1998,pip,trn,22.20272446
1998,pip,trd,1.37778E-12
1998,sle,trn,1.37469E-12
1998,sle,trd,1.38356E-12
1998,osv,trn,1.37639E-12
1998,osv,trd,1.38528E-12
1998,trn,trn,31.46423933
1998,trn,trd,1.38403E-12
1998,smn,trn,1.35758E-12
1998,smn,trd,1.36632E-12
1998,fmt,trn,1.37569E-12
1998,fmt,trd,1.38456E-12
1998,pet,trn,1.37589E-12
1998,pet,trd,1.38477E-12
1998,mvt,trn,1.3721E-12
1998,mvt,trd,91.12562036
1998,cep,trn,1.37587E-12
1998,cep,trd,1.38474E-12
1998,wst,trn,1.37491E-12
1998,wst,trd,1.38378E-12
1998,mot,trn,1.37656E-12
1998,mot,trd,1.38544E-12
1998,adm,trn,1.37622E-12
1998,adm,trd,1.3851E-12
1998,soc,trn,1.36534E-12
1998,soc,trd,1.37414E-12
1998,alt,trn,1.37032E-12
1998,alt,trd,1.37915E-12
1998,pmt,trn,1.36896E-12
1998,pmt,trd,1.37778E-12
1998,trk,trn,131.2524241
1998,trk,trd,1.38799E-12
1998,fdd,trn,1.3746E-12
1998,fdd,trd,1.38347E-12
1998,gmt,trn,1.3716E-12
1998,gmt,trd,94.2882963
1998,wtt,trn,9.260667792
1998,wtt,trd,1.37937E-12
1998,wpd,trn,1.37202E-12
1998,wpd,trd,1.38087E-12
1998,wht,trn,1.3734E-12
1998,wht,trd,565.0389618
1998,wrh,trn,1.38248E-12
1998,wrh,trd,1.3914E-12
1998,ott,trn,1.37325E-12
1998,ott,trd,387.7702722
1998,che,trn,1.37568E-12
1998,che,trd,1.38456E-12
1998,air,trn,2.33624149
1998,air,trd,1.38781E-12
1998,mmf,trn,1.36999E-12
1998,mmf,trd,1.37883E-12
1998,otr,trn,0.686075437
1998,otr,trd,1.38555E-12
1998,min,trn,1.37086E-12
1998,min,trd,1.37971E-12
1999,ppd,trn,3.93649E-12
1999,ppd,trd,3.96794E-12
1999,res,trn,3.92962E-12
1999,res,trd,3.96102E-12
1999,com,trn,3.9223E-12
1999,com,trd,3.95359E-12
1999,amb,trn,3.932E-12
1999,amb,trd,3.96343E-12
1999,fbp,trn,3.93681E-12
1999,fbp,trd,3.96829E-12
1999,rec,trn,3.91313E-12
1999,rec,trd,3.94437E-12
1999,con,trn,3.93787E-12
1999,con,trd,3.96935E-12
1999,agr,trn,3.93698E-12
1999,agr,trd,3.96848E-12
1999,eec,trn,3.93056E-12
1999,eec,trd,3.96196E-12
1999,fnd,trn,3.93273E-12
1999,fnd,trd,3.96415E-12
1999,pub,trn,3.93321E-12
1999,pub,trd,3.96464E-12
1999,hou,trn,3.93684E-12
1999,hou,trd,3.9683E-12
1999,fbt,trn,3.92579E-12
1999,fbt,trd,116.8155133
1999,ins,trn,3.94443E-12
1999,ins,trd,3.97597E-12
1999,tex,trn,3.92977E-12
1999,tex,trd,3.96117E-12
1999,leg,trn,3.95071E-12
1999,leg,trd,3.98233E-12
1999,fen,trn,3.96484E-12
1999,fen,trd,3.9966E-12
1999,uti,trn,3.94621E-12
1999,uti,trd,3.97781E-12
1999,nmp,trn,3.93293E-12
1999,nmp,trd,3.96437E-12
1999,brd,trn,3.94564E-12
1999,brd,trd,3.9772E-12
1999,bnk,trn,3.9391E-12
1999,bnk,trd,3.97056E-12
1999,ore,trn,3.94648E-12
1999,ore,trd,3.97804E-12
1999,edu,trn,3.93325E-12
1999,edu,trd,3.96471E-12
1999,ote,trn,3.93074E-12
1999,ote,trd,3.96213E-12
1999,man,trn,3.94698E-12
1999,man,trd,3.97852E-12
1999,mch,trn,3.93601E-12
1999,mch,trd,3.96747E-12
1999,dat,trn,3.94361E-12
1999,dat,trd,3.97516E-12
1999,amd,trn,3.92466E-12
1999,amd,trd,3.95596E-12
1999,oil,trn,3.9157E-12
1999,oil,trd,3.94693E-12
1999,hos,trn,3.93799E-12
1999,hos,trd,3.9695E-12
1999,rnt,trn,3.94357E-12
1999,rnt,trd,3.97511E-12
1999,pla,trn,3.93756E-12
1999,pla,trd,3.96902E-12
1999,fof,trn,3.90186E-12
1999,fof,trd,3.93294E-12
1999,fin,trn,3.92438E-12
1999,fin,trd,3.95573E-12
1999,tsv,trn,3.9391E-12
1999,tsv,trd,3.97069E-12
1999,nrs,trn,3.91746E-12
1999,nrs,trd,3.9487E-12
1999,sec,trn,3.94149E-12
1999,sec,trd,3.97301E-12
1999,art,trn,3.93983E-12
1999,art,trd,3.97132E-12
1999,mov,trn,3.91862E-12
1999,mov,trd,3.94988E-12
1999,fpd,trn,3.91243E-12
1999,fpd,trd,3.94362E-12
1999,slg,trn,3.93597E-12
1999,slg,trd,3.96744E-12
1999,pri,trn,3.93532E-12
1999,pri,trd,3.96676E-12
1999,grd,trn,3.91159E-12
1999,grd,trd,3.94277E-12
1999,pip,trn,21.91664024
1999,pip,trd,3.95665E-12
1999,sle,trn,3.9346E-12
1999,sle,trd,3.96603E-12
1999,osv,trn,3.93724E-12
1999,osv,trd,3.96871E-12
1999,trn,trn,31.43410969
1999,trn,trd,3.97289E-12
1999,smn,trn,3.88429E-12
1999,smn,trd,3.91512E-12
1999,fmt,trn,3.93643E-12
1999,fmt,trd,3.96788E-12
1999,pet,trn,3.93284E-12
1999,pet,trd,3.96426E-12
1999,mvt,trn,3.9263E-12
1999,mvt,trd,104.2101943
1999,cep,trn,3.9352E-12
1999,cep,trd,3.96663E-12
1999,wst,trn,3.92729E-12
1999,wst,trd,3.95865E-12
1999,mot,trn,3.93493E-12
1999,mot,trd,3.96637E-12
1999,adm,trn,3.93878E-12
1999,adm,trd,3.97024E-12
1999,soc,trn,3.91032E-12
1999,soc,trd,3.94149E-12
1999,alt,trn,3.91753E-12
1999,alt,trd,3.94876E-12
1999,pmt,trn,3.91693E-12
1999,pmt,trd,3.94816E-12
1999,trk,trn,138.8162798
1999,trk,trd,3.98004E-12
1999,fdd,trn,3.93243E-12
1999,fdd,trd,3.96385E-12
1999,gmt,trn,3.92421E-12
1999,gmt,trd,101.8845932
1999,wtt,trn,8.828190722
1999,wtt,trd,3.97125E-12
1999,wpd,trn,3.92971E-12
1999,wpd,trd,3.9611E-12
1999,wht,trn,3.92803E-12
1999,wht,trd,610.5451291
1999,wrh,trn,3.94555E-12
1999,wrh,trd,3.97711E-12
1999,ott,trn,3.92906E-12
1999,ott,trd,408.4989335
1999,che,trn,3.93346E-12
1999,che,trd,3.96487E-12
1999,air,trn,2.497678563
1999,air,trd,3.97189E-12
1999,mmf,trn,3.9201E-12
1999,mmf,trd,3.95137E-12
1999,otr,trn,0.986329254
1999,otr,trd,3.96601E-12
1999,min,trn,3.92528E-12
1999,min,trd,3.95663E-12
2000,ppd,trn,8.94819E-12
2000,ppd,trd,9.01281E-12
2000,res,trn,8.93281E-12
2000,res,trd,8.99731E-12
2000,com,trn,8.91784E-12
2000,com,trd,8.98213E-12
2000,amb,trn,8.9388E-12
2000,amb,trd,9.00337E-12
2000,fbp,trn,8.94905E-12
2000,fbp,trd,9.01371E-12
2000,rec,trn,8.90587E-12
2000,rec,trd,8.97015E-12
2000,con,trn,8.94897E-12
2000,con,trd,9.01362E-12
2000,agr,trn,8.94694E-12
2000,agr,trd,9.01162E-12
2000,eec,trn,8.93204E-12
2000,eec,trd,8.99649E-12
2000,fnd,trn,8.93949E-12
2000,fnd,trd,9.00403E-12
2000,pub,trn,8.93743E-12
2000,pub,trd,9.00197E-12
2000,hou,trn,8.94661E-12
2000,hou,trd,9.01121E-12
2000,fbt,trn,8.92372E-12
2000,fbt,trd,117.0065127
2000,ins,trn,8.96317E-12
2000,ins,trd,9.02792E-12
2000,tex,trn,8.93201E-12
2000,tex,trd,8.99649E-12
2000,leg,trn,8.97196E-12
2000,leg,trd,9.0368E-12
2000,fen,trn,9.00324E-12
2000,fen,trd,9.06838E-12
2000,uti,trn,8.9677E-12
2000,uti,trd,9.03255E-12
2000,nmp,trn,8.93647E-12
2000,nmp,trd,9.00101E-12
2000,brd,trn,8.96742E-12
2000,brd,trd,9.03224E-12
2000,bnk,trn,8.9514E-12
2000,bnk,trd,9.01599E-12
2000,ore,trn,8.9696E-12
2000,ore,trd,9.03441E-12
2000,edu,trn,8.94216E-12
2000,edu,trd,9.00679E-12
2000,ote,trn,8.93079E-12
2000,ote,trd,8.99522E-12
2000,man,trn,8.96672E-12
2000,man,trd,9.03146E-12
2000,mch,trn,8.94808E-12
2000,mch,trd,9.01271E-12
2000,dat,trn,8.95674E-12
2000,dat,trd,9.02147E-12
2000,amd,trn,8.92212E-12
2000,amd,trd,8.98644E-12
2000,oil,trn,8.88618E-12
2000,oil,trd,8.95015E-12
2000,hos,trn,8.95136E-12
2000,hos,trd,9.01609E-12
2000,rnt,trn,8.96142E-12
2000,rnt,trd,9.02618E-12
2000,pla,trn,8.94799E-12
2000,pla,trd,9.01261E-12
2000,fof,trn,8.8758E-12
2000,fof,trd,8.93969E-12
2000,fin,trn,8.92728E-12
2000,fin,trd,8.99173E-12
2000,tsv,trn,8.95453E-12
2000,tsv,trd,9.01944E-12
2000,nrs,trn,8.90876E-12
2000,nrs,trd,8.97298E-12
2000,sec,trn,8.95928E-12
2000,sec,trd,9.02402E-12
2000,art,trn,8.95571E-12
2000,art,trd,9.02039E-12
2000,mov,trn,8.90804E-12
2000,mov,trd,8.97225E-12
2000,fpd,trn,8.89607E-12
2000,fpd,trd,8.96017E-12
2000,slg,trn,8.94668E-12
2000,slg,trd,9.01131E-12
2000,pri,trn,8.94114E-12
2000,pri,trd,9.00569E-12
2000,grd,trn,8.8896E-12
2000,grd,trd,8.95363E-12
2000,pip,trn,21.12298456
2000,pip,trd,8.98611E-12
2000,sle,trn,8.94275E-12
2000,sle,trd,9.0073E-12
2000,osv,trn,8.95123E-12
2000,osv,trd,9.0159E-12
2000,trn,trn,32.02105782
2000,trn,trd,9.02269E-12
2000,smn,trn,8.84121E-12
2000,smn,trd,8.90472E-12
2000,fmt,trn,8.94737E-12
2000,fmt,trd,9.01197E-12
2000,pet,trn,8.93644E-12
2000,pet,trd,9.00095E-12
2000,mvt,trn,8.92445E-12
2000,mvt,trd,99.34173949
2000,cep,trn,8.9432E-12
2000,cep,trd,9.00774E-12
2000,wst,trn,8.92543E-12
2000,wst,trd,8.98984E-12
2000,mot,trn,8.94424E-12
2000,mot,trd,9.00882E-12
2000,adm,trn,8.94893E-12
2000,adm,trd,9.01349E-12
2000,soc,trn,8.89336E-12
2000,soc,trd,8.95743E-12
2000,alt,trn,8.9035E-12
2000,alt,trd,8.96764E-12
2000,pmt,trn,8.90151E-12
2000,pmt,trd,8.96566E-12
2000,trk,trn,148.3353564
2000,trk,trd,9.03402E-12
2000,fdd,trn,8.93871E-12
2000,fdd,trd,9.00326E-12
2000,gmt,trn,8.91994E-12
2000,gmt,trd,104.4141145
2000,wtt,trn,8.880105137
2000,wtt,trd,9.02005E-12
2000,wpd,trn,8.93228E-12
2000,wpd,trd,8.99676E-12
2000,wht,trn,8.92491E-12
2000,wht,trd,665.0730378
2000,wrh,trn,8.96339E-12
2000,wrh,trd,9.02816E-12
2000,ott,trn,8.93037E-12
2000,ott,trd,442.6434838
2000,che,trn,8.93576E-12
2000,che,trd,9.00022E-12
2000,air,trn,2.427893115
2000,air,trd,9.01966E-12
2000,mmf,trn,8.91385E-12
2000,mmf,trd,8.97813E-12
2000,otr,trn,1.304561933
2000,otr,trd,9.00839E-12
2000,min,trn,8.92193E-12
2000,min,trd,8.9863E-12
2001,ppd,trn,5.29512E-12
2001,ppd,trd,5.34282E-12
2001,res,trn,5.28767E-12
2001,res,trd,5.3353E-12
2001,com,trn,5.27617E-12
2001,com,trd,5.32362E-12
2001,amb,trn,5.29209E-12
2001,amb,trd,5.33978E-12
2001,fbp,trn,5.29788E-12
2001,fbp,trd,5.34565E-12
2001,rec,trn,5.25993E-12
2001,rec,trd,5.3073E-12
2001,con,trn,5.29759E-12
2001,con,trd,5.34534E-12
2001,agr,trn,5.29435E-12
2001,agr,trd,5.34211E-12
2001,eec,trn,5.28185E-12
2001,eec,trd,5.3294E-12
2001,fnd,trn,5.2885E-12
2001,fnd,trd,5.33614E-12
2001,pub,trn,5.28745E-12
2001,pub,trd,5.33509E-12
2001,hou,trn,5.29452E-12
2001,hou,trd,5.34222E-12
2001,fbt,trn,5.2788E-12
2001,fbt,trd,126.6137412
2001,ins,trn,5.30192E-12
2001,ins,trd,5.34969E-12
2001,tex,trn,5.28267E-12
2001,tex,trd,5.33024E-12
2001,leg,trn,5.31065E-12
2001,leg,trd,5.35852E-12
2001,fen,trn,5.33462E-12
2001,fen,trd,5.38272E-12
2001,uti,trn,5.30736E-12
2001,uti,trd,5.35525E-12
2001,nmp,trn,5.28436E-12
2001,nmp,trd,5.33197E-12
2001,brd,trn,5.30842E-12
2001,brd,trd,5.35631E-12
2001,bnk,trn,5.2989E-12
2001,bnk,trd,5.34662E-12
2001,ore,trn,5.31178E-12
2001,ore,trd,5.35968E-12
2001,edu,trn,5.2897E-12
2001,edu,trd,5.33742E-12
2001,ote,trn,5.27903E-12
2001,ote,trd,5.32655E-12
2001,man,trn,5.31256E-12
2001,man,trd,5.36041E-12
2001,mch,trn,5.29204E-12
2001,mch,trd,5.33972E-12
2001,dat,trn,5.30759E-12
2001,dat,trd,5.35541E-12
2001,amd,trn,5.27766E-12
2001,amd,trd,5.32512E-12
2001,oil,trn,5.26145E-12
2001,oil,trd,5.30874E-12
2001,hos,trn,5.29863E-12
2001,hos,trd,5.34643E-12
2001,rnt,trn,5.30769E-12
2001,rnt,trd,5.35554E-12
2001,pla,trn,5.29538E-12
2001,pla,trd,5.3431E-12
2001,fof,trn,5.24603E-12
2001,fof,trd,5.29319E-12
2001,fin,trn,5.28151E-12
2001,fin,trd,5.32911E-12
2001,tsv,trn,5.29784E-12
2001,tsv,trd,5.34574E-12
2001,nrs,trn,5.26825E-12
2001,nrs,trd,5.31565E-12
2001,sec,trn,5.30401E-12
2001,sec,trd,5.35183E-12
2001,art,trn,5.30131E-12
2001,art,trd,5.34907E-12
2001,mov,trn,5.27085E-12
2001,mov,trd,5.3183E-12
2001,fpd,trn,5.25637E-12
2001,fpd,trd,5.30365E-12
2001,slg,trn,5.29349E-12
2001,slg,trd,5.34122E-12
2001,pri,trn,5.2873E-12
2001,pri,trd,5.3349E-12
2001,grd,trn,5.2567E-12
2001,grd,trd,5.30397E-12
2001,pip,trn,20.95543654
2001,pip,trd,5.339E-12
2001,sle,trn,5.29062E-12
2001,sle,trd,5.33828E-12
2001,osv,trn,5.29807E-12
2001,osv,trd,5.34583E-12
2001,trn,trn,32.15177008
2001,trn,trd,5.35111E-12
2001,smn,trn,5.24304E-12
2001,smn,trd,5.29018E-12
2001,fmt,trn,5.2953E-12
2001,fmt,trd,5.34301E-12
2001,pet,trn,5.29152E-12
2001,pet,trd,5.33919E-12
2001,mvt,trn,5.28106E-12
2001,mvt,trd,82.84620552
2001,cep,trn,5.28743E-12
2001,cep,trd,5.33501E-12
2001,wst,trn,5.2838E-12
2001,wst,trd,5.33139E-12
2001,mot,trn,5.29073E-12
2001,mot,trd,5.33837E-12
2001,adm,trn,5.29916E-12
2001,adm,trd,5.34686E-12
2001,soc,trn,5.25349E-12
2001,soc,trd,5.30076E-12
2001,alt,trn,5.26325E-12
2001,alt,trd,5.31055E-12
2001,pmt,trn,5.26298E-12
2001,pmt,trd,5.31031E-12
2001,trk,trn,148.8948927
2001,trk,trd,5.36109E-12
2001,fdd,trn,5.29021E-12
2001,fdd,trd,5.33787E-12
2001,gmt,trn,5.27826E-12
2001,gmt,trd,105.1667067
2001,wtt,trn,8.499987248
2001,wtt,trd,5.34046E-12
2001,wpd,trn,5.28311E-12
2001,wpd,trd,5.3307E-12
2001,wht,trn,5.2824E-12
2001,wht,trd,650.7021495
2001,wrh,trn,5.30623E-12
2001,wrh,trd,5.35402E-12
2001,ott,trn,5.28374E-12
2001,ott,trd,440.7614792
2001,che,trn,5.28976E-12
2001,che,trd,5.33738E-12
2001,air,trn,1.694244831
2001,air,trd,5.35107E-12
2001,mmf,trn,5.26962E-12
2001,mmf,trd,5.31703E-12
2001,otr,trn,1.348583778
2001,otr,trd,5.34255E-12
2001,min,trn,5.2759E-12
2001,min,trd,5.32343E-12
2002,ppd,trn,1.62096E-11
2002,ppd,trd,1.63437E-11
2002,res,trn,1.61988E-11
2002,res,trd,1.63329E-11
2002,com,trn,1.61727E-11
2002,com,trd,1.63063E-11
2002,amb,trn,1.6216E-11
2002,amb,trd,1.63502E-11
2002,fbp,trn,1.62207E-11
2002,fbp,trd,1.6355E-11
2002,rec,trn,1.61504E-11
2002,rec,trd,1.6284E-11
2002,con,trn,1.62298E-11
2002,con,trd,1.63642E-11
2002,agr,trn,1.62135E-11
2002,agr,trd,1.63479E-11
2002,eec,trn,1.61755E-11
2002,eec,trd,1.63092E-11
2002,fnd,trn,1.62061E-11
2002,fnd,trd,1.63403E-11
2002,pub,trn,1.62013E-11
2002,pub,trd,1.63353E-11
2002,hou,trn,1.62186E-11
2002,hou,trd,1.63529E-11
2002,fbt,trn,1.61783E-11
2002,fbt,trd,127.7954011
2002,ins,trn,1.62365E-11
2002,ins,trd,1.63709E-11
2002,tex,trn,1.61944E-11
2002,tex,trd,1.63283E-11
2002,leg,trn,1.62678E-11
2002,leg,trd,1.64025E-11
2002,fen,trn,1.63222E-11
2002,fen,trd,1.64575E-11
2002,uti,trn,1.62534E-11
2002,uti,trd,1.63881E-11
2002,nmp,trn,1.61891E-11
2002,nmp,trd,1.6323E-11
2002,brd,trn,1.62532E-11
2002,brd,trd,1.63879E-11
2002,bnk,trn,1.6225E-11
2002,bnk,trd,1.63592E-11
2002,ore,trn,1.62607E-11
2002,ore,trd,1.63953E-11
2002,edu,trn,1.62181E-11
2002,edu,trd,1.63524E-11
2002,ote,trn,1.61798E-11
2002,ote,trd,1.63136E-11
2002,man,trn,1.62595E-11
2002,man,trd,1.63941E-11
2002,mch,trn,1.61949E-11
2002,mch,trd,1.63289E-11
2002,dat,trn,1.62697E-11
2002,dat,trd,1.64045E-11
2002,amd,trn,1.61699E-11
2002,amd,trd,1.63035E-11
2002,oil,trn,1.61288E-11
2002,oil,trd,1.6262E-11
2002,hos,trn,1.62362E-11
2002,hos,trd,1.63707E-11
2002,rnt,trn,1.62539E-11
2002,rnt,trd,1.63885E-11
2002,pla,trn,1.62166E-11
2002,pla,trd,1.63508E-11
2002,fof,trn,1.60901E-11
2002,fof,trd,1.62229E-11
2002,fin,trn,1.61951E-11
2002,fin,trd,1.63292E-11
2002,tsv,trn,1.62388E-11
2002,tsv,trd,1.63737E-11
2002,nrs,trn,1.61586E-11
2002,nrs,trd,1.62921E-11
2002,sec,trn,1.62494E-11
2002,sec,trd,1.6384E-11
2002,art,trn,1.6237E-11
2002,art,trd,1.63714E-11
2002,mov,trn,1.61587E-11
2002,mov,trd,1.62923E-11
2002,fpd,trn,1.61228E-11
2002,fpd,trd,1.62559E-11
2002,slg,trn,1.62218E-11
2002,slg,trd,1.63562E-11
2002,pri,trn,1.62026E-11
2002,pri,trd,1.63366E-11
2002,grd,trn,1.61122E-11
2002,grd,trd,1.62452E-11
2002,pip,trn,20.55357455
2002,pip,trd,1.6318E-11
2002,sle,trn,1.621E-11
2002,sle,trd,1.63441E-11
2002,osv,trn,1.62323E-11
2002,osv,trd,1.63667E-11
2002,trn,trn,32.42821629
2002,trn,trd,1.63745E-11
2002,smn,trn,1.60517E-11
2002,smn,trd,1.61841E-11
2002,fmt,trn,1.62145E-11
2002,fmt,trd,1.63487E-11
2002,pet,trn,1.62085E-11
2002,pet,trd,1.63426E-11
2002,mvt,trn,1.61795E-11
2002,mvt,trd,108.7700573
2002,cep,trn,1.61907E-11
2002,cep,trd,1.63245E-11
2002,wst,trn,1.61909E-11
2002,wst,trd,1.63248E-11
2002,mot,trn,1.62098E-11
2002,mot,trd,1.63439E-11
2002,adm,trn,1.6231E-11
2002,adm,trd,1.63653E-11
2002,soc,trn,1.61259E-11
2002,soc,trd,1.62591E-11
2002,alt,trn,1.6113E-11
2002,alt,trd,1.62459E-11
2002,pmt,trn,1.61334E-11
2002,pmt,trd,1.62667E-11
2002,trk,trn,151.8001529
2002,trk,trd,1.63995E-11
2002,fdd,trn,1.62103E-11
2002,fdd,trd,1.63445E-11
2002,gmt,trn,1.61711E-11
2002,gmt,trd,108.593305
2002,wtt,trn,7.776110667
2002,wtt,trd,1.63856E-11
2002,wpd,trn,1.61852E-11
2002,wpd,trd,1.63191E-11
2002,wht,trn,1.61803E-11
2002,wht,trd,682.1621286
2002,wrh,trn,1.62376E-11
2002,wrh,trd,1.6372E-11
2002,ott,trn,1.61859E-11
2002,ott,trd,461.9443187
2002,che,trn,1.62031E-11
2002,che,trd,1.63371E-11
2002,air,trn,1.624331119
2002,air,trd,1.63559E-11
2002,mmf,trn,1.61584E-11
2002,mmf,trd,1.62919E-11
2002,otr,trn,1.656989027
2002,otr,trd,1.63486E-11
2002,min,trn,1.61822E-11
2002,min,trd,1.6316E-11
2003,ppd,trn,1.88898E-11
2003,ppd,trd,1.90352E-11
2003,res,trn,1.88797E-11
2003,res,trd,1.9025E-11
2003,com,trn,1.88417E-11
2003,com,trd,1.89865E-11
2003,amb,trn,1.8899E-11
2003,amb,trd,1.90446E-11
2003,fbp,trn,1.89064E-11
2003,fbp,trd,1.9052E-11
2003,rec,trn,1.88286E-11
2003,rec,trd,1.89734E-11
2003,con,trn,1.89181E-11
2003,con,trd,1.90638E-11
2003,agr,trn,1.89101E-11
2003,agr,trd,1.90558E-11
2003,eec,trn,1.88509E-11
2003,eec,trd,1.89959E-11
2003,fnd,trn,1.88909E-11
2003,fnd,trd,1.90363E-11
2003,pub,trn,1.88835E-11
2003,pub,trd,1.90288E-11
2003,hou,trn,1.88976E-11
2003,hou,trd,1.90431E-11
2003,fbt,trn,1.88545E-11
2003,fbt,trd,131.109093
2003,ins,trn,1.89162E-11
2003,ins,trd,1.90617E-11
2003,tex,trn,1.88668E-11
2003,tex,trd,1.90119E-11
2003,leg,trn,1.89547E-11
2003,leg,trd,1.91008E-11
2003,fen,trn,1.90118E-11
2003,fen,trd,1.91584E-11
2003,uti,trn,1.89381E-11
2003,uti,trd,1.90841E-11
2003,nmp,trn,1.88658E-11
2003,nmp,trd,1.9011E-11
2003,brd,trn,1.89437E-11
2003,brd,trd,1.90897E-11
2003,bnk,trn,1.89045E-11
2003,bnk,trd,1.90499E-11
2003,ore,trn,1.89449E-11
2003,ore,trd,1.90908E-11
2003,edu,trn,1.89079E-11
2003,edu,trd,1.90537E-11
2003,ote,trn,1.88538E-11
2003,ote,trd,1.89987E-11
2003,man,trn,1.89395E-11
2003,man,trd,1.90853E-11
2003,mch,trn,1.88766E-11
2003,mch,trd,1.90218E-11
2003,dat,trn,1.89596E-11
2003,dat,trd,1.91057E-11
2003,amd,trn,1.88311E-11
2003,amd,trd,1.89757E-11
2003,oil,trn,1.87795E-11
2003,oil,trd,1.89235E-11
2003,hos,trn,1.89216E-11
2003,hos,trd,1.90674E-11
2003,rnt,trn,1.89322E-11
2003,rnt,trd,1.9078E-11
2003,pla,trn,1.88993E-11
2003,pla,trd,1.90448E-11
2003,fof,trn,1.87478E-11
2003,fof,trd,1.88916E-11
2003,fin,trn,1.88796E-11
2003,fin,trd,1.9025E-11
2003,tsv,trn,1.89289E-11
2003,tsv,trd,1.90752E-11
2003,nrs,trn,1.88368E-11
2003,nrs,trd,1.89816E-11
2003,sec,trn,1.89325E-11
2003,sec,trd,1.90784E-11
2003,art,trn,1.89212E-11
2003,art,trd,1.90669E-11
2003,mov,trn,1.883E-11
2003,mov,trd,1.89747E-11
2003,fpd,trn,1.87864E-11
2003,fpd,trd,1.89306E-11
2003,slg,trn,1.89045E-11
2003,slg,trd,1.90501E-11
2003,pri,trn,1.88807E-11
2003,pri,trd,1.9026E-11
2003,grd,trn,1.87992E-11
2003,grd,trd,1.89435E-11
2003,pip,trn,20.80143479
2003,pip,trd,1.89972E-11
2003,sle,trn,1.88949E-11
2003,sle,trd,1.90402E-11
2003,osv,trn,1.89183E-11
2003,osv,trd,1.9064E-11
2003,trn,trn,33.72213655
2003,trn,trd,1.90704E-11
2003,smn,trn,1.87397E-11
2003,smn,trd,1.88834E-11
2003,fmt,trn,1.89001E-11
2003,fmt,trd,1.90456E-11
2003,pet,trn,1.88883E-11
2003,pet,trd,1.90337E-11
2003,mvt,trn,1.88555E-11
2003,mvt,trd,109.2034898
2003,cep,trn,1.88724E-11
2003,cep,trd,1.90175E-11
2003,wst,trn,1.8878E-11
2003,wst,trd,1.90232E-11
2003,mot,trn,1.88936E-11
2003,mot,trd,1.9039E-11
2003,adm,trn,1.89064E-11
2003,adm,trd,1.90518E-11
2003,soc,trn,1.88085E-11
2003,soc,trd,1.8953E-11
2003,alt,trn,1.87741E-11
2003,alt,trd,1.8918E-11
2003,pmt,trn,1.88176E-11
2003,pmt,trd,1.89621E-11
2003,trk,trn,158.4053105
2003,trk,trd,1.90953E-11
2003,fdd,trn,1.88968E-11
2003,fdd,trd,1.90423E-11
2003,gmt,trn,1.8847E-11
2003,gmt,trd,123.2758706
2003,wtt,trn,10.2945137
2003,wtt,trd,1.90453E-11
2003,wpd,trn,1.88581E-11
2003,wpd,trd,1.90031E-11
2003,wht,trn,1.88581E-11
2003,wht,trd,710.7748731
2003,wrh,trn,1.89147E-11
2003,wrh,trd,1.90603E-11
2003,ott,trn,1.88636E-11
2003,ott,trd,494.8016247
2003,che,trn,1.88837E-11
2003,che,trd,1.90289E-11
2003,air,trn,1.718607262
2003,air,trd,1.90397E-11
2003,mmf,trn,1.88291E-11
2003,mmf,trd,1.89738E-11
2003,otr,trn,1.605588562
2003,otr,trd,1.90333E-11
2003,min,trn,1.88601E-11
2003,min,trd,1.90052E-11
2004,ppd,trn,2.41108E-11
2004,ppd,trd,2.43946E-11
2004,res,trn,2.41392E-11
2004,res,trd,2.44234E-11
2004,com,trn,2.40664E-11
2004,com,trd,2.4349E-11
2004,amb,trn,2.41793E-11
2004,amb,trd,2.44641E-11
2004,fbp,trn,2.41762E-11
2004,fbp,trd,2.44608E-11
2004,rec,trn,2.41124E-11
2004,rec,trd,2.4396E-11
2004,con,trn,2.42092E-11
2004,con,trd,2.44942E-11
2004,agr,trn,2.41975E-11
2004,agr,trd,2.44828E-11
2004,eec,trn,2.40677E-11
2004,eec,trd,2.43506E-11
2004,fnd,trn,2.41498E-11
2004,fnd,trd,2.44342E-11
2004,pub,trn,2.41308E-11
2004,pub,trd,2.44149E-11
2004,hou,trn,2.42152E-11
2004,hou,trd,2.44998E-11
2004,fbt,trn,2.4085E-11
2004,fbt,trd,138.1995796
2004,ins,trn,2.41566E-11
2004,ins,trd,2.44408E-11
2004,tex,trn,2.41121E-11
2004,tex,trd,2.43954E-11
2004,leg,trn,2.4194E-11
2004,leg,trd,2.4479E-11
2004,fen,trn,2.42084E-11
2004,fen,trd,2.44942E-11
2004,uti,trn,2.42014E-11
2004,uti,trd,2.44865E-11
2004,nmp,trn,2.41349E-11
2004,nmp,trd,2.44188E-11
2004,brd,trn,2.42066E-11
2004,brd,trd,2.44917E-11
2004,bnk,trn,2.41372E-11
2004,bnk,trd,2.44207E-11
2004,ore,trn,2.42043E-11
2004,ore,trd,2.4489E-11
2004,edu,trn,2.41929E-11
2004,edu,trd,2.44778E-11
2004,ote,trn,2.40697E-11
2004,ote,trd,2.43524E-11
2004,man,trn,2.41742E-11
2004,man,trd,2.44586E-11
2004,mch,trn,2.41361E-11
2004,mch,trd,2.44201E-11
2004,dat,trn,2.41529E-11
2004,dat,trd,2.44381E-11
2004,amd,trn,2.40431E-11
2004,amd,trd,2.43255E-11
2004,oil,trn,2.39252E-11
2004,oil,trd,2.42058E-11
2004,hos,trn,2.42005E-11
2004,hos,trd,2.44857E-11
2004,rnt,trn,2.41968E-11
2004,rnt,trd,2.44817E-11
2004,pla,trn,2.41578E-11
2004,pla,trd,2.4442E-11
2004,fof,trn,2.39626E-11
2004,fof,trd,2.42429E-11
2004,fin,trn,2.41214E-11
2004,fin,trd,2.44051E-11
2004,tsv,trn,2.42206E-11
2004,tsv,trd,2.45066E-11
2004,nrs,trn,2.40939E-11
2004,nrs,trd,2.43769E-11
2004,sec,trn,2.41786E-11
2004,sec,trd,2.44633E-11
2004,art,trn,2.41616E-11
2004,art,trd,2.44459E-11
2004,mov,trn,2.40821E-11
2004,mov,trd,2.43647E-11
2004,fpd,trn,2.40279E-11
2004,fpd,trd,2.43097E-11
2004,slg,trn,2.41508E-11
2004,slg,trd,2.44348E-11
2004,pri,trn,2.40868E-11
2004,pri,trd,2.43702E-11
2004,grd,trn,2.39525E-11
2004,grd,trd,2.42334E-11
2004,pip,trn,21.3636306
2004,pip,trd,2.44849E-11
2004,sle,trn,2.41276E-11
2004,sle,trd,2.44116E-11
2004,osv,trn,2.41951E-11
2004,osv,trd,2.44802E-11
2004,trn,trn,37.25933622
2004,trn,trd,2.45118E-11
2004,smn,trn,2.39138E-11
2004,smn,trd,2.41932E-11
2004,fmt,trn,2.41639E-11
2004,fmt,trd,2.44483E-11
2004,pet,trn,2.40913E-11
2004,pet,trd,2.43744E-11
2004,mvt,trn,2.40773E-11
2004,mvt,trd,113.8593789
2004,cep,trn,2.4092E-11
2004,cep,trd,2.43751E-11
2004,wst,trn,2.4068E-11
2004,wst,trd,2.4351E-11
2004,mot,trn,2.41351E-11
2004,mot,trd,2.44193E-11
2004,adm,trn,2.41557E-11
2004,adm,trd,2.44394E-11
2004,soc,trn,2.40844E-11
2004,soc,trd,2.43668E-11
2004,alt,trn,2.39513E-11
2004,alt,trd,2.42315E-11
2004,pmt,trn,2.4056E-11
2004,pmt,trd,2.43387E-11
2004,trk,trn,176.8524001
2004,trk,trd,2.45416E-11
2004,fdd,trn,2.41582E-11
2004,fdd,trd,2.44428E-11
2004,gmt,trn,2.40652E-11
2004,gmt,trd,136.4540819
2004,wtt,trn,13.65944426
2004,wtt,trd,2.45695E-11
2004,wpd,trn,2.41363E-11
2004,wpd,trd,2.44201E-11
2004,wht,trn,2.4083E-11
2004,wht,trd,784.8835756
2004,wrh,trn,2.41279E-11
2004,wrh,trd,2.44121E-11
2004,ott,trn,2.40923E-11
2004,ott,trd,539.0581595
2004,che,trn,2.41364E-11
2004,che,trd,2.44202E-11
2004,air,trn,2.200359421
2004,air,trd,2.43689E-11
2004,mmf,trn,2.40811E-11
2004,mmf,trd,2.43639E-11
2004,otr,trn,1.714834038
2004,otr,trd,2.43978E-11
2004,min,trn,2.41501E-11
2004,min,trd,2.44338E-11
2005,ppd,trn,2.78738E-11
2005,ppd,trd,2.83043E-11
2005,res,trn,2.78886E-11
2005,res,trd,2.83195E-11
2005,com,trn,2.78523E-11
2005,com,trd,2.82814E-11
2005,amb,trn,2.79683E-11
2005,amb,trd,2.84003E-11
2005,fbp,trn,2.79691E-11
2005,fbp,trd,2.84009E-11
2005,rec,trn,2.78714E-11
2005,rec,trd,2.83018E-11
2005,con,trn,2.80282E-11
2005,con,trd,2.84605E-11
2005,agr,trn,2.79324E-11
2005,agr,trd,2.83647E-11
2005,eec,trn,2.78197E-11
2005,eec,trd,2.82486E-11
2005,fnd,trn,2.79516E-11
2005,fnd,trd,2.83836E-11
2005,pub,trn,2.7916E-11
2005,pub,trd,2.83473E-11
2005,hou,trn,2.80701E-11
2005,hou,trd,2.85019E-11
2005,fbt,trn,2.78723E-11
2005,fbt,trd,142.9082585
2005,ins,trn,2.79794E-11
2005,ins,trd,2.84111E-11
2005,tex,trn,2.78773E-11
2005,tex,trd,2.83065E-11
2005,leg,trn,2.80203E-11
2005,leg,trd,2.84529E-11
2005,fen,trn,2.79792E-11
2005,fen,trd,2.84126E-11
2005,uti,trn,2.80035E-11
2005,uti,trd,2.8436E-11
2005,nmp,trn,2.78924E-11
2005,nmp,trd,2.83228E-11
2005,brd,trn,2.80329E-11
2005,brd,trd,2.84654E-11
2005,bnk,trn,2.79648E-11
2005,bnk,trd,2.83953E-11
2005,ore,trn,2.80324E-11
2005,ore,trd,2.8464E-11
2005,edu,trn,2.80066E-11
2005,edu,trd,2.84391E-11
2005,ote,trn,2.78779E-11
2005,ote,trd,2.83077E-11
2005,man,trn,2.80121E-11
2005,man,trd,2.84436E-11
2005,mch,trn,2.79157E-11
2005,mch,trd,2.8347E-11
2005,dat,trn,2.78708E-11
2005,dat,trd,2.83026E-11
2005,amd,trn,2.78102E-11
2005,amd,trd,2.82394E-11
2005,oil,trn,2.76295E-11
2005,oil,trd,2.80549E-11
2005,hos,trn,2.79959E-11
2005,hos,trd,2.84288E-11
2005,rnt,trn,2.802E-11
2005,rnt,trd,2.84525E-11
2005,pla,trn,2.79498E-11
2005,pla,trd,2.8381E-11
2005,fof,trn,2.77097E-11
2005,fof,trd,2.81349E-11
2005,fin,trn,2.78864E-11
2005,fin,trd,2.83166E-11
2005,tsv,trn,2.80181E-11
2005,tsv,trd,2.84513E-11
2005,nrs,trn,2.78828E-11
2005,nrs,trd,2.83129E-11
2005,sec,trn,2.80094E-11
2005,sec,trd,2.84418E-11
2005,art,trn,2.7958E-11
2005,art,trd,2.83893E-11
2005,mov,trn,2.78583E-11
2005,mov,trd,2.82872E-11
2005,fpd,trn,2.77792E-11
2005,fpd,trd,2.82067E-11
2005,slg,trn,2.79778E-11
2005,slg,trd,2.8409E-11
2005,pri,trn,2.78396E-11
2005,pri,trd,2.82693E-11
2005,grd,trn,2.75926E-11
2005,grd,trd,2.80171E-11
2005,pip,trn,21.34843746
2005,pip,trd,2.86286E-11
2005,sle,trn,2.79174E-11
2005,sle,trd,2.83486E-11
2005,osv,trn,2.79754E-11
2005,osv,trd,2.84076E-11
2005,trn,trn,42.70145287
2005,trn,trd,2.85046E-11
2005,smn,trn,2.76905E-11
2005,smn,trd,2.81161E-11
2005,fmt,trn,2.79773E-11
2005,fmt,trd,2.8409E-11
2005,pet,trn,2.78377E-11
2005,pet,trd,2.82662E-11
2005,mvt,trn,2.78465E-11
2005,mvt,trd,107.7981932
2005,cep,trn,2.78752E-11
2005,cep,trd,2.83047E-11
2005,wst,trn,2.77712E-11
2005,wst,trd,2.81997E-11
2005,mot,trn,2.7908E-11
2005,mot,trd,2.83392E-11
2005,adm,trn,2.80045E-11
2005,adm,trd,2.84354E-11
2005,soc,trn,2.78789E-11
2005,soc,trd,2.83078E-11
2005,alt,trn,2.77109E-11
2005,alt,trd,2.81361E-11
2005,pmt,trn,2.78128E-11
2005,pmt,trd,2.8242E-11
2005,trk,trn,199.0073823
2005,trk,trd,2.85652E-11
2005,fdd,trn,2.79488E-11
2005,fdd,trd,2.83809E-11
2005,gmt,trn,2.78347E-11
2005,gmt,trd,142.535395
2005,wtt,trn,16.06941113
2005,wtt,trd,2.87635E-11
2005,wpd,trn,2.7912E-11
2005,wpd,trd,2.83425E-11
2005,wht,trn,2.78555E-11
2005,wht,trd,863.9430163
2005,wrh,trn,2.7868E-11
2005,wrh,trd,2.82992E-11
2005,ott,trn,2.78773E-11
2005,ott,trd,570.8759827
2005,che,trn,2.79271E-11
2005,che,trd,2.83577E-11
2005,air,trn,2.788952848
2005,air,trd,2.82713E-11
2005,mmf,trn,2.78539E-11
2005,mmf,trd,2.82832E-11
2005,otr,trn,1.899964813
2005,otr,trd,2.83427E-11
2005,min,trn,2.79542E-11
2005,min,trd,2.83849E-11
2006,ppd,trn,6.68519E-11
2006,ppd,trd,6.78945E-11
2006,res,trn,6.67611E-11
2006,res,trd,6.78024E-11
2006,com,trn,6.6776E-11
2006,com,trd,6.78147E-11
2006,amb,trn,6.69855E-11
2006,amb,trd,6.80301E-11
2006,fbp,trn,6.70385E-11
2006,fbp,trd,6.8084E-11
2006,rec,trn,6.67384E-11
2006,rec,trd,6.77786E-11
2006,con,trn,6.71054E-11
2006,con,trd,6.81503E-11
2006,agr,trn,6.68965E-11
2006,agr,trd,6.7942E-11
2006,eec,trn,6.67388E-11
2006,eec,trd,6.77779E-11
2006,fnd,trn,6.69972E-11
2006,fnd,trd,6.80427E-11
2006,pub,trn,6.69017E-11
2006,pub,trd,6.79453E-11
2006,hou,trn,6.72587E-11
2006,hou,trd,6.83034E-11
2006,fbt,trn,6.68207E-11
2006,fbt,trd,150.2532869
2006,ins,trn,6.70558E-11
2006,ins,trd,6.80997E-11
2006,tex,trn,6.67347E-11
2006,tex,trd,6.77713E-11
2006,leg,trn,6.71853E-11
2006,leg,trd,6.82326E-11
2006,fen,trn,6.71075E-11
2006,fen,trd,6.81565E-11
2006,uti,trn,6.7109E-11
2006,uti,trd,6.81555E-11
2006,nmp,trn,6.68109E-11
2006,nmp,trd,6.7852E-11
2006,brd,trn,6.72253E-11
2006,brd,trd,6.82723E-11
2006,bnk,trn,6.7068E-11
2006,bnk,trd,6.81104E-11
2006,ore,trn,6.71845E-11
2006,ore,trd,6.82287E-11
2006,edu,trn,6.71309E-11
2006,edu,trd,6.81777E-11
2006,ote,trn,6.69129E-11
2006,ote,trd,6.7955E-11
2006,man,trn,6.7177E-11
2006,man,trd,6.82216E-11
2006,mch,trn,6.69078E-11
2006,mch,trd,6.79514E-11
2006,dat,trn,6.67969E-11
2006,dat,trd,6.78409E-11
2006,amd,trn,6.66759E-11
2006,amd,trd,6.77145E-11
2006,oil,trn,6.6221E-11
2006,oil,trd,6.72497E-11
2006,hos,trn,6.70761E-11
2006,hos,trd,6.81234E-11
2006,rnt,trn,6.71095E-11
2006,rnt,trd,6.81547E-11
2006,pla,trn,6.69964E-11
2006,pla,trd,6.804E-11
2006,fof,trn,6.64353E-11
2006,fof,trd,6.7466E-11
2006,fin,trn,6.67782E-11
2006,fin,trd,6.78178E-11
2006,tsv,trn,6.71218E-11
2006,tsv,trd,6.81689E-11
2006,nrs,trn,6.68251E-11
2006,nrs,trd,6.7866E-11
2006,sec,trn,6.71157E-11
2006,sec,trd,6.81615E-11
2006,art,trn,6.70098E-11
2006,art,trd,6.80536E-11
2006,mov,trn,6.68072E-11
2006,mov,trd,6.78457E-11
2006,fpd,trn,6.6552E-11
2006,fpd,trd,6.7586E-11
2006,slg,trn,6.71255E-11
2006,slg,trd,6.81695E-11
2006,pri,trn,6.67337E-11
2006,pri,trd,6.77734E-11
2006,grd,trn,6.61685E-11
2006,grd,trd,6.71966E-11
2006,pip,trn,22.59056605
2006,pip,trd,6.86793E-11
2006,sle,trn,6.69247E-11
2006,sle,trd,6.79683E-11
2006,osv,trn,6.69891E-11
2006,osv,trd,6.8034E-11
2006,trn,trn,48.48360309
2006,trn,trd,6.83571E-11
2006,smn,trn,6.64095E-11
2006,smn,trd,6.7442E-11
2006,fmt,trn,6.70827E-11
2006,fmt,trd,6.81275E-11
2006,pet,trn,6.67614E-11
2006,pet,trd,6.77989E-11
2006,mvt,trn,6.67681E-11
2006,mvt,trd,111.257765
2006,cep,trn,6.68342E-11
2006,cep,trd,6.78739E-11
2006,wst,trn,6.6613E-11
2006,wst,trd,6.76503E-11
2006,mot,trn,6.6849E-11
2006,mot,trd,6.78915E-11
2006,adm,trn,6.71525E-11
2006,adm,trd,6.81955E-11
2006,soc,trn,6.68187E-11
2006,soc,trd,6.78568E-11
2006,alt,trn,6.65029E-11
2006,alt,trd,6.75327E-11
2006,pmt,trn,6.66285E-11
2006,pmt,trd,6.76665E-11
2006,trk,trn,214.6623944
2006,trk,trd,6.85302E-11
2006,fdd,trn,6.69674E-11
2006,fdd,trd,6.80128E-11
2006,gmt,trn,6.67183E-11
2006,gmt,trd,144.7753792
2006,wtt,trn,19.45098266
2006,wtt,trd,6.89042E-11
2006,wpd,trn,6.68779E-11
2006,wpd,trd,6.7919E-11
2006,wht,trn,6.67776E-11
2006,wht,trd,937.2869796
2006,wrh,trn,6.68002E-11
2006,wrh,trd,6.78431E-11
2006,ott,trn,6.68388E-11
2006,ott,trd,606.8014333
2006,che,trn,6.69549E-11
2006,che,trd,6.79971E-11
2006,air,trn,3.094951571
2006,air,trd,6.78014E-11
2006,mmf,trn,6.67496E-11
2006,mmf,trd,6.77884E-11
2006,otr,trn,1.940597398
2006,otr,trd,6.79642E-11
2006,min,trn,6.70365E-11
2006,min,trd,6.80801E-11
2007,ppd,trn,1.35196E-12
2007,ppd,trd,1.3672E-12
2007,res,trn,1.34908E-12
2007,res,trd,1.36428E-12
2007,com,trn,1.3496E-12
2007,com,trd,1.36478E-12
2007,amb,trn,1.35358E-12
2007,amb,trd,1.36886E-12
2007,fbp,trn,1.3536E-12
2007,fbp,trd,1.36887E-12
2007,rec,trn,1.34814E-12
2007,rec,trd,1.36332E-12
2007,con,trn,1.3532E-12
2007,con,trd,1.36845E-12
2007,agr,trn,1.35328E-12
2007,agr,trd,1.36856E-12
2007,eec,trn,1.34947E-12
2007,eec,trd,1.36467E-12
2007,fnd,trn,1.35397E-12
2007,fnd,trd,1.36925E-12
2007,pub,trn,1.35337E-12
2007,pub,trd,1.36864E-12
2007,hou,trn,1.35584E-12
2007,hou,trd,1.37111E-12
2007,fbt,trn,1.35102E-12
2007,fbt,trd,151.5985503
2007,ins,trn,1.35545E-12
2007,ins,trd,1.37072E-12
2007,tex,trn,1.34658E-12
2007,tex,trd,1.36171E-12
2007,leg,trn,1.35864E-12
2007,leg,trd,1.37398E-12
2007,fen,trn,1.35958E-12
2007,fen,trd,1.37495E-12
2007,uti,trn,1.35603E-12
2007,uti,trd,1.37133E-12
2007,nmp,trn,1.34986E-12
2007,nmp,trd,1.36507E-12
2007,brd,trn,1.35825E-12
2007,brd,trd,1.37357E-12
2007,bnk,trn,1.35486E-12
2007,bnk,trd,1.37012E-12
2007,ore,trn,1.35616E-12
2007,ore,trd,1.37143E-12
2007,edu,trn,1.35574E-12
2007,edu,trd,1.37104E-12
2007,ote,trn,1.35253E-12
2007,ote,trd,1.36776E-12
2007,man,trn,1.35667E-12
2007,man,trd,1.37196E-12
2007,mch,trn,1.35325E-12
2007,mch,trd,1.36851E-12
2007,dat,trn,1.3517E-12
2007,dat,trd,1.36695E-12
2007,amd,trn,1.34855E-12
2007,amd,trd,1.36373E-12
2007,oil,trn,1.3409E-12
2007,oil,trd,1.35594E-12
2007,hos,trn,1.3549E-12
2007,hos,trd,1.3702E-12
2007,rnt,trn,1.35512E-12
2007,rnt,trd,1.3704E-12
2007,pla,trn,1.35364E-12
2007,pla,trd,1.36891E-12
2007,fof,trn,1.34316E-12
2007,fof,trd,1.35824E-12
2007,fin,trn,1.3503E-12
2007,fin,trd,1.36551E-12
2007,tsv,trn,1.35453E-12
2007,tsv,trd,1.36983E-12
2007,nrs,trn,1.3507E-12
2007,nrs,trd,1.36592E-12
2007,sec,trn,1.35579E-12
2007,sec,trd,1.37109E-12
2007,art,trn,1.35412E-12
2007,art,trd,1.36938E-12
2007,mov,trn,1.35038E-12
2007,mov,trd,1.36558E-12
2007,fpd,trn,1.34549E-12
2007,fpd,trd,1.3606E-12
2007,slg,trn,1.35605E-12
2007,slg,trd,1.37133E-12
2007,pri,trn,1.35035E-12
2007,pri,trd,1.36556E-12
2007,grd,trn,1.34149E-12
2007,grd,trd,1.35654E-12
2007,pip,trn,23.98045563
2007,pip,trd,1.37438E-12
2007,sle,trn,1.35432E-12
2007,sle,trd,1.3696E-12
2007,osv,trn,1.35332E-12
2007,osv,trd,1.36859E-12
2007,trn,trn,50.86972468
2007,trn,trd,1.37266E-12
2007,smn,trn,1.34326E-12
2007,smn,trd,1.35835E-12
2007,fmt,trn,1.35512E-12
2007,fmt,trd,1.37041E-12
2007,pet,trn,1.34998E-12
2007,pet,trd,1.36517E-12
2007,mvt,trn,1.35069E-12
2007,mvt,trd,114.18169
2007,cep,trn,1.35096E-12
2007,cep,trd,1.36616E-12
2007,wst,trn,1.34788E-12
2007,wst,trd,1.36306E-12
2007,mot,trn,1.35123E-12
2007,mot,trd,1.36647E-12
2007,adm,trn,1.35599E-12
2007,adm,trd,1.37125E-12
2007,soc,trn,1.34929E-12
2007,soc,trd,1.36447E-12
2007,alt,trn,1.34377E-12
2007,alt,trd,1.35883E-12
2007,pmt,trn,1.34773E-12
2007,pmt,trd,1.36291E-12
2007,trk,trn,222.6458077
2007,trk,trd,1.37704E-12
2007,fdd,trn,1.35416E-12
2007,fdd,trd,1.36944E-12
2007,gmt,trn,1.35021E-12
2007,gmt,trd,153.6429466
2007,wtt,trn,22.25526074
2007,wtt,trd,1.37923E-12
2007,wpd,trn,1.34945E-12
2007,wpd,trd,1.36464E-12
2007,wht,trn,1.34987E-12
2007,wht,trd,1002.48379
2007,wrh,trn,1.35368E-12
2007,wrh,trd,1.36894E-12
2007,ott,trn,1.35181E-12
2007,ott,trd,619.9913676
2007,che,trn,1.35251E-12
2007,che,trd,1.36775E-12
2007,air,trn,3.546307065
2007,air,trd,1.36936E-12
2007,mmf,trn,1.34883E-12
2007,mmf,trd,1.36401E-12
2007,otr,trn,2.180247961
2007,otr,trd,1.36853E-12
2007,min,trn,1.35486E-12
2007,min,trd,1.37013E-12
2008,ppd,trn,2.20453E-12
2008,ppd,trd,2.224E-12
2008,res,trn,2.20139E-12
2008,res,trd,2.2208E-12
2008,com,trn,2.20416E-12
2008,com,trd,2.22362E-12
2008,amb,trn,2.20605E-12
2008,amb,trd,2.22553E-12
2008,fbp,trn,2.20896E-12
2008,fbp,trd,2.22849E-12
2008,rec,trn,2.19766E-12
2008,rec,trd,2.21703E-12
2008,con,trn,2.20655E-12
2008,con,trd,2.22604E-12
2008,agr,trn,2.20847E-12
2008,agr,trd,2.22798E-12
2008,eec,trn,2.20151E-12
2008,eec,trd,2.22094E-12
2008,fnd,trn,2.2129E-12
2008,fnd,trd,2.23248E-12
2008,pub,trn,2.2095E-12
2008,pub,trd,2.22904E-12
2008,hou,trn,2.2126E-12
2008,hou,trd,2.23216E-12
2008,fbt,trn,2.20616E-12
2008,fbt,trd,157.6158636
2008,ins,trn,2.21051E-12
2008,ins,trd,2.23005E-12
2008,tex,trn,2.20021E-12
2008,tex,trd,2.21962E-12
2008,leg,trn,2.22026E-12
2008,leg,trd,2.23993E-12
2008,fen,trn,2.21895E-12
2008,fen,trd,2.2386E-12
2008,uti,trn,2.21305E-12
2008,uti,trd,2.23264E-12
2008,nmp,trn,2.19904E-12
2008,nmp,trd,2.21841E-12
2008,brd,trn,2.21625E-12
2008,brd,trd,2.23586E-12
2008,bnk,trn,2.21016E-12
2008,bnk,trd,2.22969E-12
2008,ore,trn,2.21074E-12
2008,ore,trd,2.23027E-12
2008,edu,trn,2.21277E-12
2008,edu,trd,2.23236E-12
2008,ote,trn,2.20729E-12
2008,ote,trd,2.22679E-12
2008,man,trn,2.21461E-12
2008,man,trd,2.2342E-12
2008,mch,trn,2.20964E-12
2008,mch,trd,2.22918E-12
2008,dat,trn,2.20461E-12
2008,dat,trd,2.22407E-12
2008,amd,trn,2.20336E-12
2008,amd,trd,2.2228E-12
2008,oil,trn,2.18356E-12
2008,oil,trd,2.20277E-12
2008,hos,trn,2.21225E-12
2008,hos,trd,2.23183E-12
2008,rnt,trn,2.21082E-12
2008,rnt,trd,2.23037E-12
2008,pla,trn,2.20765E-12
2008,pla,trd,2.22717E-12
2008,fof,trn,2.19493E-12
2008,fof,trd,2.21427E-12
2008,fin,trn,2.19784E-12
2008,fin,trd,2.21721E-12
2008,tsv,trn,2.20381E-12
2008,tsv,trd,2.22328E-12
2008,nrs,trn,2.20591E-12
2008,nrs,trd,2.22539E-12
2008,sec,trn,2.2123E-12
2008,sec,trd,2.23186E-12
2008,art,trn,2.2112E-12
2008,art,trd,2.23074E-12
2008,mov,trn,2.20754E-12
2008,mov,trd,2.22703E-12
2008,fpd,trn,2.19768E-12
2008,fpd,trd,2.21706E-12
2008,slg,trn,2.21395E-12
2008,slg,trd,2.23352E-12
2008,pri,trn,2.20556E-12
2008,pri,trd,2.22504E-12
2008,grd,trn,2.19684E-12
2008,grd,trd,2.21619E-12
2008,pip,trn,30.12274421
2008,pip,trd,2.2353E-12
2008,sle,trn,2.21205E-12
2008,sle,trd,2.23162E-12
2008,osv,trn,2.20795E-12
2008,osv,trd,2.22747E-12
2008,trn,trn,57.07255716
2008,trn,trd,2.23392E-12
2008,smn,trn,2.19592E-12
2008,smn,trd,2.21528E-12
2008,fmt,trn,2.21039E-12
2008,fmt,trd,2.22994E-12
2008,pet,trn,2.20024E-12
2008,pet,trd,2.21968E-12
2008,mvt,trn,2.20569E-12
2008,mvt,trd,90.08009965
2008,cep,trn,2.20595E-12
2008,cep,trd,2.22545E-12
2008,wst,trn,2.20349E-12
2008,wst,trd,2.22293E-12
2008,mot,trn,2.20318E-12
2008,mot,trd,2.22264E-12
2008,adm,trn,2.21267E-12
2008,adm,trd,2.23224E-12
2008,soc,trn,2.20452E-12
2008,soc,trd,2.22398E-12
2008,alt,trn,2.19579E-12
2008,alt,trd,2.21515E-12
2008,pmt,trn,2.19924E-12
2008,pmt,trd,2.21865E-12
2008,trk,trn,229.1877284
2008,trk,trd,2.24139E-12
2008,fdd,trn,2.21184E-12
2008,fdd,trd,2.23139E-12
2008,gmt,trn,2.20486E-12
2008,gmt,trd,157.9182933
2008,wtt,trn,25.91541166
2008,wtt,trd,2.25118E-12
2008,wpd,trn,2.19735E-12
2008,wpd,trd,2.21671E-12
2008,wht,trn,2.20469E-12
2008,wht,trd,1063.06792
2008,wrh,trn,2.21004E-12
2008,wrh,trd,2.22958E-12
2008,ott,trn,2.20695E-12
2008,ott,trd,590.6269195
2008,che,trn,2.20697E-12
2008,che,trd,2.22649E-12
2008,air,trn,3.819276837
2008,air,trd,2.23142E-12
2008,mmf,trn,2.20296E-12
2008,mmf,trd,2.22241E-12
2008,otr,trn,2.288496655
2008,otr,trd,2.22999E-12
2008,min,trn,2.21016E-12
2008,min,trd,2.22969E-12
2009,ppd,trn,9.41004E-13
2009,ppd,trd,9.50875E-13
2009,res,trn,9.40628E-13
2009,res,trd,9.50494E-13
2009,com,trn,9.38426E-13
2009,com,trd,9.48242E-13
2009,amb,trn,9.43581E-13
2009,amb,trd,9.53487E-13
2009,fbp,trn,9.42253E-13
2009,fbp,trd,9.52135E-13
2009,rec,trn,9.40065E-13
2009,rec,trd,9.49921E-13
2009,con,trn,9.41252E-13
2009,con,trd,9.51117E-13
2009,agr,trn,9.44366E-13
2009,agr,trd,9.54297E-13
2009,eec,trn,9.3861E-13
2009,eec,trd,9.4844E-13
2009,fnd,trn,9.42147E-13
2009,fnd,trd,9.52035E-13
2009,pub,trn,9.42013E-13
2009,pub,trd,9.51893E-13
2009,hou,trn,9.45109E-13
2009,hou,trd,9.55012E-13
2009,fbt,trn,9.39313E-13
2009,fbt,trd,155.8277247
2009,ins,trn,9.40805E-13
2009,ins,trd,9.50659E-13
2009,tex,trn,9.35136E-13
2009,tex,trd,9.44907E-13
2009,leg,trn,9.44385E-13
2009,leg,trd,9.54299E-13
2009,fen,trn,9.45027E-13
2009,fen,trd,9.54961E-13
2009,uti,trn,9.44244E-13
2009,uti,trd,9.54157E-13
2009,nmp,trn,9.38899E-13
2009,nmp,trd,9.48728E-13
2009,brd,trn,9.44562E-13
2009,brd,trd,9.54472E-13
2009,bnk,trn,9.42226E-13
2009,bnk,trd,9.52096E-13
2009,ore,trn,9.43497E-13
2009,ore,trd,9.53386E-13
2009,edu,trn,9.44061E-13
2009,edu,trd,9.53971E-13
2009,ote,trn,9.40079E-13
2009,ote,trd,9.4992E-13
2009,man,trn,9.42804E-13
2009,man,trd,9.52685E-13
2009,mch,trn,9.41864E-13
2009,mch,trd,9.51744E-13
2009,dat,trn,9.4123E-13
2009,dat,trd,9.51106E-13
2009,amd,trn,9.38953E-13
2009,amd,trd,9.48789E-13
2009,oil,trn,9.3414E-13
2009,oil,trd,9.43907E-13
2009,hos,trn,9.44388E-13
2009,hos,trd,9.5431E-13
2009,rnt,trn,9.43457E-13
2009,rnt,trd,9.53357E-13
2009,pla,trn,9.41833E-13
2009,pla,trd,9.51712E-13
2009,fof,trn,9.34587E-13
2009,fof,trd,9.4435E-13
2009,fin,trn,9.39865E-13
2009,fin,trd,9.49706E-13
2009,tsv,trn,9.44473E-13
2009,tsv,trd,9.54416E-13
2009,nrs,trn,9.39317E-13
2009,nrs,trd,9.49157E-13
2009,sec,trn,9.42834E-13
2009,sec,trd,9.52724E-13
2009,art,trn,9.42194E-13
2009,art,trd,9.52072E-13
2009,mov,trn,9.40132E-13
2009,mov,trd,9.49975E-13
2009,fpd,trn,9.36083E-13
2009,fpd,trd,9.45855E-13
2009,slg,trn,9.43855E-13
2009,slg,trd,9.5374E-13
2009,pri,trn,9.38655E-13
2009,pri,trd,9.48489E-13
2009,grd,trn,9.35302E-13
2009,grd,trd,9.4508E-13
2009,pip,trn,26.92144882
2009,pip,trd,9.52099E-13
2009,sle,trn,9.4148E-13
2009,sle,trd,9.51354E-13
2009,osv,trn,9.42794E-13
2009,osv,trd,9.52691E-13
2009,trn,trn,44.81643693
2009,trn,trd,9.54587E-13
2009,smn,trn,9.36909E-13
2009,smn,trd,9.46708E-13
2009,fmt,trn,9.41904E-13
2009,fmt,trd,9.51785E-13
2009,pet,trn,9.40037E-13
2009,pet,trd,9.49887E-13
2009,mvt,trn,9.3938E-13
2009,mvt,trd,64.15466178
2009,cep,trn,9.39307E-13
2009,cep,trd,9.49142E-13
2009,wst,trn,9.38672E-13
2009,wst,trd,9.48501E-13
2009,mot,trn,9.40023E-13
2009,mot,trd,9.49885E-13
2009,adm,trn,9.4197E-13
2009,adm,trd,9.51832E-13
2009,soc,trn,9.39131E-13
2009,soc,trd,9.48954E-13
2009,alt,trn,9.34036E-13
2009,alt,trd,9.4377E-13
2009,pmt,trn,9.37308E-13
2009,pmt,trd,9.47129E-13
2009,trk,trn,187.7773023
2009,trk,trd,9.55832E-13
2009,fdd,trn,9.43003E-13
2009,fdd,trd,9.52906E-13
2009,gmt,trn,9.3875E-13
2009,gmt,trd,165.0937826
2009,wtt,trn,19.41949465
2009,wtt,trd,9.54366E-13
2009,wpd,trn,9.37528E-13
2009,wpd,trd,9.47334E-13
2009,wht,trn,9.38982E-13
2009,wht,trd,913.3937406
2009,wrh,trn,9.40888E-13
2009,wrh,trd,9.50751E-13
2009,ott,trn,9.40003E-13
2009,ott,trd,564.9193317
2009,che,trn,9.41288E-13
2009,che,trd,9.51152E-13
2009,air,trn,2.687176088
2009,air,trd,9.51787E-13
2009,mmf,trn,9.39536E-13
2009,mmf,trd,9.49374E-13
2009,otr,trn,1.775480423
2009,otr,trd,9.50637E-13
2009,min,trn,9.44235E-13
2009,min,trd,9.54137E-13
2010,ppd,trn,4.15468E-13
2010,ppd,trd,4.20606E-13
2010,res,trn,4.15162E-13
2010,res,trd,4.20295E-13
2010,com,trn,4.15118E-13
2010,com,trd,4.20236E-13
2010,amb,trn,4.16687E-13
2010,amb,trd,4.21841E-13
2010,fbp,trn,4.16472E-13
2010,fbp,trd,4.2162E-13
2010,rec,trn,4.15021E-13
2010,rec,trd,4.2015E-13
2010,con,trn,4.15767E-13
2010,con,trd,4.20902E-13
2010,agr,trn,4.16974E-13
2010,agr,trd,4.22146E-13
2010,eec,trn,4.14485E-13
2010,eec,trd,4.19603E-13
2010,fnd,trn,4.1616E-13
2010,fnd,trd,4.21311E-13
2010,pub,trn,4.16503E-13
2010,pub,trd,4.21653E-13
2010,hou,trn,4.18154E-13
2010,hou,trd,4.23311E-13
2010,fbt,trn,4.15232E-13
2010,fbt,trd,160.7475196
2010,ins,trn,4.16437E-13
2010,ins,trd,4.21581E-13
2010,tex,trn,4.13539E-13
2010,tex,trd,4.18635E-13
2010,leg,trn,4.17529E-13
2010,leg,trd,4.22695E-13
2010,fen,trn,4.17334E-13
2010,fen,trd,4.22506E-13
2010,uti,trn,4.17315E-13
2010,uti,trd,4.22474E-13
2010,nmp,trn,4.14388E-13
2010,nmp,trd,4.19498E-13
2010,brd,trn,4.17551E-13
2010,brd,trd,4.22712E-13
2010,bnk,trn,4.16627E-13
2010,bnk,trd,4.21767E-13
2010,ore,trn,4.17137E-13
2010,ore,trd,4.22283E-13
2010,edu,trn,4.17267E-13
2010,edu,trd,4.2243E-13
2010,ote,trn,4.16124E-13
2010,ote,trd,4.21263E-13
2010,man,trn,4.16948E-13
2010,man,trd,4.22094E-13
2010,mch,trn,4.16279E-13
2010,mch,trd,4.21429E-13
2010,dat,trn,4.15366E-13
2010,dat,trd,4.20502E-13
2010,amd,trn,4.14708E-13
2010,amd,trd,4.1983E-13
2010,oil,trn,4.11992E-13
2010,oil,trd,4.17071E-13
2010,hos,trn,4.17269E-13
2010,hos,trd,4.22437E-13
2010,rnt,trn,4.16965E-13
2010,rnt,trd,4.22121E-13
2010,pla,trn,4.16177E-13
2010,pla,trd,4.21323E-13
2010,fof,trn,4.13098E-13
2010,fof,trd,4.18183E-13
2010,fin,trn,4.14655E-13
2010,fin,trd,4.19768E-13
2010,tsv,trn,4.17065E-13
2010,tsv,trd,4.2223E-13
2010,nrs,trn,4.15222E-13
2010,nrs,trd,4.20352E-13
2010,sec,trn,4.16758E-13
2010,sec,trd,4.2191E-13
2010,art,trn,4.16394E-13
2010,art,trd,4.21541E-13
2010,mov,trn,4.1578E-13
2010,mov,trd,4.20912E-13
2010,fpd,trn,4.14043E-13
2010,fpd,trd,4.19136E-13
2010,slg,trn,4.17393E-13
2010,slg,trd,4.22543E-13
2010,pri,trn,4.14606E-13
2010,pri,trd,4.19729E-13
2010,grd,trn,4.11424E-13
2010,grd,trd,4.16489E-13
2010,pip,trn,31.23179082
2010,pip,trd,4.22392E-13
2010,sle,trn,4.16078E-13
2010,sle,trd,4.21225E-13
2010,osv,trn,4.1626E-13
2010,osv,trd,4.21411E-13
2010,trn,trn,54.66548441
2010,trn,trd,4.2293E-13
2010,smn,trn,4.1395E-13
2010,smn,trd,4.19057E-13
2010,fmt,trn,4.16196E-13
2010,fmt,trd,4.21342E-13
2010,pet,trn,4.15136E-13
2010,pet,trd,4.20259E-13
2010,mvt,trn,4.15027E-13
2010,mvt,trd,105.7321543
2010,cep,trn,4.15216E-13
2010,cep,trd,4.2034E-13
2010,wst,trn,4.14283E-13
2010,wst,trd,4.19403E-13
2010,mot,trn,4.1555E-13
2010,mot,trd,4.2069E-13
2010,adm,trn,4.16738E-13
2010,adm,trd,4.21876E-13
2010,soc,trn,4.15217E-13
2010,soc,trd,4.20336E-13
2010,alt,trn,4.13602E-13
2010,alt,trd,4.18678E-13
2010,pmt,trn,4.14188E-13
2010,pmt,trd,4.19305E-13
2010,trk,trn,206.1950842
2010,trk,trd,4.23885E-13
2010,fdd,trn,4.16794E-13
2010,fdd,trd,4.21956E-13
2010,gmt,trn,4.14791E-13
2010,gmt,trd,169.7068382
2010,wtt,trn,19.37021928
2010,wtt,trd,4.25886E-13
2010,wpd,trn,4.13882E-13
2010,wpd,trd,4.18982E-13
2010,wht,trn,4.1507E-13
2010,wht,trd,1102.77116
2010,wrh,trn,4.15769E-13
2010,wrh,trd,4.20906E-13
2010,ott,trn,4.15471E-13
2010,ott,trd,583.1840098
2010,che,trn,4.16036E-13
2010,che,trd,4.21173E-13
2010,air,trn,3.3077053
2010,air,trd,4.21364E-13
2010,mmf,trn,4.15268E-13
2010,mmf,trd,4.20394E-13
2010,otr,trn,2.256550531
2010,otr,trd,4.21191E-13
2010,min,trn,4.17586E-13
2010,min,trd,4.22745E-13
2011,ppd,trn,8.06156E-13
2011,ppd,trd,8.12377E-13
2011,res,trn,8.05244E-13
2011,res,trd,8.11445E-13
2011,com,trn,8.0542E-13
2011,com,trd,8.11625E-13
2011,amb,trn,8.07904E-13
2011,amb,trd,8.14141E-13
2011,fbp,trn,8.07483E-13
2011,fbp,trd,8.13714E-13
2011,rec,trn,8.04278E-13
2011,rec,trd,8.10474E-13
2011,con,trn,8.06664E-13
2011,con,trd,8.12885E-13
2011,agr,trn,8.09039E-13
2011,agr,trd,8.15296E-13
2011,eec,trn,8.04585E-13
2011,eec,trd,8.10789E-13
2011,fnd,trn,8.08205E-13
2011,fnd,trd,8.14453E-13
2011,pub,trn,8.08148E-13
2011,pub,trd,8.14394E-13
2011,hou,trn,8.09867E-13
2011,hou,trd,8.1612E-13
2011,fbt,trn,8.06225E-13
2011,fbt,trd,166.6579884
2011,ins,trn,8.08112E-13
2011,ins,trd,8.14355E-13
2011,tex,trn,8.04147E-13
2011,tex,trd,8.10345E-13
2011,leg,trn,8.10288E-13
2011,leg,trd,8.1656E-13
2011,fen,trn,8.10545E-13
2011,fen,trd,8.16823E-13
2011,uti,trn,8.08987E-13
2011,uti,trd,8.15242E-13
2011,nmp,trn,8.04422E-13
2011,nmp,trd,8.10616E-13
2011,brd,trn,8.09706E-13
2011,brd,trd,8.15968E-13
2011,bnk,trn,8.07287E-13
2011,bnk,trd,8.13515E-13
2011,ore,trn,8.08239E-13
2011,ore,trd,8.14481E-13
2011,edu,trn,8.08909E-13
2011,edu,trd,8.15165E-13
2011,ote,trn,8.07866E-13
2011,ote,trd,8.14107E-13
2011,man,trn,8.09184E-13
2011,man,trd,8.15441E-13
2011,mch,trn,8.07602E-13
2011,mch,trd,8.13838E-13
2011,dat,trn,8.06477E-13
2011,dat,trd,8.127E-13
2011,amd,trn,8.05138E-13
2011,amd,trd,8.11343E-13
2011,oil,trn,7.99757E-13
2011,oil,trd,8.05901E-13
2011,hos,trn,8.09093E-13
2011,hos,trd,8.15349E-13
2011,rnt,trn,8.0843E-13
2011,rnt,trd,8.14671E-13
2011,pla,trn,8.07197E-13
2011,pla,trd,8.13433E-13
2011,fof,trn,8.0195E-13
2011,fof,trd,8.08123E-13
2011,fin,trn,8.04177E-13
2011,fin,trd,8.10371E-13
2011,tsv,trn,8.07353E-13
2011,tsv,trd,8.13585E-13
2011,nrs,trn,8.0613E-13
2011,nrs,trd,8.12354E-13
2011,sec,trn,8.08249E-13
2011,sec,trd,8.14491E-13
2011,art,trn,8.08394E-13
2011,art,trd,8.14641E-13
2011,mov,trn,8.07081E-13
2011,mov,trd,8.13312E-13
2011,fpd,trn,8.03483E-13
2011,fpd,trd,8.09671E-13
2011,slg,trn,8.08891E-13
2011,slg,trd,8.15137E-13
2011,pri,trn,8.05691E-13
2011,pri,trd,8.11908E-13
2011,grd,trn,8.01156E-13
2011,grd,trd,8.07309E-13
2011,pip,trn,35.67673782
2011,pip,trd,8.14372E-13
2011,sle,trn,8.08242E-13
2011,sle,trd,8.14491E-13
2011,osv,trn,8.07067E-13
2011,osv,trd,8.13296E-13
2011,trn,trn,63.37290332
2011,trn,trd,8.15164E-13
2011,smn,trn,8.04397E-13
2011,smn,trd,8.10598E-13
2011,fmt,trn,8.07417E-13
2011,fmt,trd,8.13655E-13
2011,pet,trn,8.04841E-13
2011,pet,trd,8.11052E-13
2011,mvt,trn,8.0614E-13
2011,mvt,trd,102.2980424
2011,cep,trn,8.05614E-13
2011,cep,trd,8.11832E-13
2011,wst,trn,8.04951E-13
2011,wst,trd,8.11154E-13
2011,mot,trn,8.06769E-13
2011,mot,trd,8.13E-13
2011,adm,trn,8.0823E-13
2011,adm,trd,8.14474E-13
2011,soc,trn,8.05453E-13
2011,soc,trd,8.11665E-13
2011,alt,trn,8.02569E-13
2011,alt,trd,8.08745E-13
2011,pmt,trn,8.04461E-13
2011,pmt,trd,8.10667E-13
2011,trk,trn,230.4357757
2011,trk,trd,8.17707E-13
2011,fdd,trn,8.08908E-13
2011,fdd,trd,8.1516E-13
2011,gmt,trn,8.0591E-13
2011,gmt,trd,165.603989
2011,wtt,trn,18.66818789
2011,wtt,trd,8.22734E-13
2011,wpd,trn,8.03048E-13
2011,wpd,trd,8.09228E-13
2011,wht,trn,8.05669E-13
2011,wht,trd,1253.603108
2011,wrh,trn,8.07253E-13
2011,wrh,trd,8.13487E-13
2011,ott,trn,8.06768E-13
2011,ott,trd,606.1305582
2011,che,trn,8.06397E-13
2011,che,trd,8.12619E-13
2011,air,trn,3.966847347
2011,air,trd,8.15388E-13
2011,mmf,trn,8.05934E-13
2011,mmf,trd,8.12153E-13
2011,otr,trn,2.473836373
2011,otr,trd,8.13882E-13
2011,min,trn,8.09578E-13
2011,min,trd,8.15836E-13
2012,ppd,trn,1.76438E-12
2012,ppd,trd,1.78093E-12
2012,res,trn,1.7606E-12
2012,res,trd,1.7771E-12
2012,com,trn,1.76257E-12
2012,com,trd,1.77906E-12
2012,amb,trn,1.76584E-12
2012,amb,trd,1.78241E-12
2012,fbp,trn,1.76659E-12
2012,fbp,trd,1.78316E-12
2012,rec,trn,1.75785E-12
2012,rec,trd,1.77432E-12
2012,con,trn,1.76463E-12
2012,con,trd,1.78117E-12
2012,agr,trn,1.77021E-12
2012,agr,trd,1.78687E-12
2012,eec,trn,1.76099E-12
2012,eec,trd,1.77748E-12
2012,fnd,trn,1.76853E-12
2012,fnd,trd,1.78514E-12
2012,pub,trn,1.76879E-12
2012,pub,trd,1.78538E-12
2012,hou,trn,1.77209E-12
2012,hou,trd,1.7887E-12
2012,fbt,trn,1.76428E-12
2012,fbt,trd,169.8359374
2012,ins,trn,1.76883E-12
2012,ins,trd,1.7854E-12
2012,tex,trn,1.75852E-12
2012,tex,trd,1.77497E-12
2012,leg,trn,1.77606E-12
2012,leg,trd,1.79274E-12
2012,fen,trn,1.77609E-12
2012,fen,trd,1.79278E-12
2012,uti,trn,1.77139E-12
2012,uti,trd,1.78802E-12
2012,nmp,trn,1.75863E-12
2012,nmp,trd,1.77508E-12
2012,brd,trn,1.77371E-12
2012,brd,trd,1.79036E-12
2012,bnk,trn,1.76931E-12
2012,bnk,trd,1.78587E-12
2012,ore,trn,1.7713E-12
2012,ore,trd,1.78789E-12
2012,edu,trn,1.77037E-12
2012,edu,trd,1.787E-12
2012,ote,trn,1.76837E-12
2012,ote,trd,1.78496E-12
2012,man,trn,1.77325E-12
2012,man,trd,1.78988E-12
2012,mch,trn,1.76866E-12
2012,mch,trd,1.78527E-12
2012,dat,trn,1.76571E-12
2012,dat,trd,1.78225E-12
2012,amd,trn,1.76123E-12
2012,amd,trd,1.77773E-12
2012,oil,trn,1.75084E-12
2012,oil,trd,1.7672E-12
2012,hos,trn,1.76972E-12
2012,hos,trd,1.78635E-12
2012,rnt,trn,1.76972E-12
2012,rnt,trd,1.78632E-12
2012,pla,trn,1.76834E-12
2012,pla,trd,1.78493E-12
2012,fof,trn,1.75447E-12
2012,fof,trd,1.77087E-12
2012,fin,trn,1.75968E-12
2012,fin,trd,1.77615E-12
2012,tsv,trn,1.76761E-12
2012,tsv,trd,1.7842E-12
2012,nrs,trn,1.76302E-12
2012,nrs,trd,1.77954E-12
2012,sec,trn,1.76862E-12
2012,sec,trd,1.78521E-12
2012,art,trn,1.77016E-12
2012,art,trd,1.78677E-12
2012,mov,trn,1.76529E-12
2012,mov,trd,1.78183E-12
2012,fpd,trn,1.75648E-12
2012,fpd,trd,1.77289E-12
2012,slg,trn,1.7708E-12
2012,slg,trd,1.7874E-12
2012,pri,trn,1.76277E-12
2012,pri,trd,1.77928E-12
2012,grd,trn,1.74947E-12
2012,grd,trd,1.76579E-12
2012,pip,trn,37.81098355
2012,pip,trd,1.78477E-12
2012,sle,trn,1.77015E-12
2012,sle,trd,1.78676E-12
2012,osv,trn,1.76574E-12
2012,osv,trd,1.78231E-12
2012,trn,trn,66.5832187
2012,trn,trd,1.78861E-12
2012,smn,trn,1.7591E-12
2012,smn,trd,1.77559E-12
2012,fmt,trn,1.77046E-12
2012,fmt,trd,1.78707E-12
2012,pet,trn,1.76473E-12
2012,pet,trd,1.78126E-12
2012,mvt,trn,1.76438E-12
2012,mvt,trd,120.9859957
2012,cep,trn,1.76517E-12
2012,cep,trd,1.7817E-12
2012,wst,trn,1.76013E-12
2012,wst,trd,1.77661E-12
2012,mot,trn,1.76432E-12
2012,mot,trd,1.78087E-12
2012,adm,trn,1.7707E-12
2012,adm,trd,1.78729E-12
2012,soc,trn,1.7615E-12
2012,soc,trd,1.77799E-12
2012,alt,trn,1.75537E-12
2012,alt,trd,1.77174E-12
2012,pmt,trn,1.76033E-12
2012,pmt,trd,1.77682E-12
2012,trk,trn,251.1437325
2012,trk,trd,1.79442E-12
2012,fdd,trn,1.7691E-12
2012,fdd,trd,1.78571E-12
2012,gmt,trn,1.76371E-12
2012,gmt,trd,162.864095
2012,wtt,trn,19.01379924
2012,wtt,trd,1.80504E-12
2012,wpd,trn,1.75677E-12
2012,wpd,trd,1.77319E-12
2012,wht,trn,1.76396E-12
2012,wht,trd,1369.184714
2012,wrh,trn,1.76548E-12
2012,wrh,trd,1.78202E-12
2012,ott,trn,1.76611E-12
2012,ott,trd,640.8966263
2012,che,trn,1.76682E-12
2012,che,trd,1.78338E-12
2012,air,trn,4.009188174
2012,air,trd,1.78821E-12
2012,mmf,trn,1.76277E-12
2012,mmf,trd,1.77928E-12
2012,otr,trn,2.608319085
2012,otr,trd,1.78377E-12
2012,min,trn,1.77129E-12
2012,min,trd,1.78791E-12
2013,ppd,trn,6.70083E-12
2013,ppd,trd,6.75933E-12
2013,res,trn,6.68531E-12
2013,res,trd,6.74359E-12
2013,com,trn,6.68437E-12
2013,com,trd,6.74258E-12
2013,amb,trn,6.70849E-12
2013,amb,trd,6.7671E-12
2013,fbp,trn,6.70663E-12
2013,fbp,trd,6.7652E-12
2013,rec,trn,6.6777E-12
2013,rec,trd,6.73598E-12
2013,con,trn,6.69638E-12
2013,con,trd,6.75478E-12
2013,agr,trn,6.72453E-12
2013,agr,trd,6.7834E-12
2013,eec,trn,6.6878E-12
2013,eec,trd,6.74611E-12
2013,fnd,trn,6.71065E-12
2013,fnd,trd,6.76929E-12
2013,pub,trn,6.71027E-12
2013,pub,trd,6.76887E-12
2013,hou,trn,6.7183E-12
2013,hou,trd,6.77698E-12
2013,fbt,trn,6.69235E-12
2013,fbt,trd,171.3623901
2013,ins,trn,6.70704E-12
2013,ins,trd,6.76555E-12
2013,tex,trn,6.67106E-12
2013,tex,trd,6.72913E-12
2013,leg,trn,6.7391E-12
2013,leg,trd,6.79804E-12
2013,fen,trn,6.73949E-12
2013,fen,trd,6.79844E-12
2013,uti,trn,6.72036E-12
2013,uti,trd,6.77909E-12
2013,nmp,trn,6.68461E-12
2013,nmp,trd,6.74288E-12
2013,brd,trn,6.72916E-12
2013,brd,trd,6.78798E-12
2013,bnk,trn,6.7131E-12
2013,bnk,trd,6.77167E-12
2013,ore,trn,6.7181E-12
2013,ore,trd,6.77674E-12
2013,edu,trn,6.71598E-12
2013,edu,trd,6.77469E-12
2013,ote,trn,6.70591E-12
2013,ote,trd,6.76446E-12
2013,man,trn,6.72475E-12
2013,man,trd,6.78346E-12
2013,mch,trn,6.71181E-12
2013,mch,trd,6.77045E-12
2013,dat,trn,6.70374E-12
2013,dat,trd,6.76221E-12
2013,amd,trn,6.68839E-12
2013,amd,trd,6.74673E-12
2013,oil,trn,6.65383E-12
2013,oil,trd,6.71171E-12
2013,hos,trn,6.71821E-12
2013,hos,trd,6.77698E-12
2013,rnt,trn,6.71752E-12
2013,rnt,trd,6.77618E-12
2013,pla,trn,6.71234E-12
2013,pla,trd,6.77096E-12
2013,fof,trn,6.66003E-12
2013,fof,trd,6.71802E-12
2013,fin,trn,6.68168E-12
2013,fin,trd,6.73994E-12
2013,tsv,trn,6.7173E-12
2013,tsv,trd,6.77608E-12
2013,nrs,trn,6.68736E-12
2013,nrs,trd,6.74571E-12
2013,sec,trn,6.71495E-12
2013,sec,trd,6.77361E-12
2013,art,trn,6.71596E-12
2013,art,trd,6.77462E-12
2013,mov,trn,6.69382E-12
2013,mov,trd,6.7522E-12
2013,fpd,trn,6.66018E-12
2013,fpd,trd,6.71814E-12
2013,slg,trn,6.7163E-12
2013,slg,trd,6.77493E-12
2013,pri,trn,6.68965E-12
2013,pri,trd,6.74798E-12
2013,grd,trn,6.65399E-12
2013,grd,trd,6.71185E-12
2013,pip,trn,40.55296504
2013,pip,trd,6.76319E-12
2013,sle,trn,6.71449E-12
2013,sle,trd,6.77314E-12
2013,osv,trn,6.70364E-12
2013,osv,trd,6.76218E-12
2013,trn,trn,69.70605741
2013,trn,trd,6.78027E-12
2013,smn,trn,6.68135E-12
2013,smn,trd,6.73966E-12
2013,fmt,trn,6.71772E-12
2013,fmt,trd,6.7764E-12
2013,pet,trn,6.70126E-12
2013,pet,trd,6.75974E-12
2013,mvt,trn,6.69232E-12
2013,mvt,trd,128.1871208
2013,cep,trn,6.69739E-12
2013,cep,trd,6.75578E-12
2013,wst,trn,6.67775E-12
2013,wst,trd,6.73592E-12
2013,mot,trn,6.69936E-12
2013,mot,trd,6.75784E-12
2013,adm,trn,6.71389E-12
2013,adm,trd,6.77246E-12
2013,soc,trn,6.68001E-12
2013,soc,trd,6.73825E-12
2013,alt,trn,6.65532E-12
2013,alt,trd,6.71317E-12
2013,pmt,trn,6.68157E-12
2013,pmt,trd,6.73983E-12
2013,trk,trn,259.8520687
2013,trk,trd,6.79692E-12
2013,fdd,trn,6.71089E-12
2013,fdd,trd,6.76954E-12
2013,gmt,trn,6.69008E-12
2013,gmt,trd,166.9517541
2013,wtt,trn,16.15722783
2013,wtt,trd,6.81377E-12
2013,wpd,trn,6.67374E-12
2013,wpd,trd,6.73186E-12
2013,wht,trn,6.69362E-12
2013,wht,trd,1429.079602
2013,wrh,trn,6.69297E-12
2013,wrh,trd,6.75133E-12
2013,ott,trn,6.70051E-12
2013,ott,trd,687.0705124
2013,che,trn,6.70519E-12
2013,che,trd,6.7637E-12
2013,air,trn,3.202096119
2013,air,trd,6.7861E-12
2013,mmf,trn,6.68657E-12
2013,mmf,trd,6.74488E-12
2013,otr,trn,2.318875461
2013,otr,trd,6.76101E-12
2013,min,trn,6.72073E-12
2013,min,trd,6.77947E-12
2014,ppd,trn,9.13096E-12
2014,ppd,trd,9.20193E-12
2014,res,trn,9.11313E-12
2014,res,trd,9.18387E-12
2014,com,trn,9.10963E-12
2014,com,trd,9.18027E-12
2014,amb,trn,9.14375E-12
2014,amb,trd,9.21489E-12
2014,fbp,trn,9.13844E-12
2014,fbp,trd,9.20948E-12
2014,rec,trn,9.10098E-12
2014,rec,trd,9.17173E-12
2014,con,trn,9.12698E-12
2014,con,trd,9.19786E-12
2014,agr,trn,9.16001E-12
2014,agr,trd,9.23141E-12
2014,eec,trn,9.10827E-12
2014,eec,trd,9.17897E-12
2014,fnd,trn,9.14441E-12
2014,fnd,trd,9.21557E-12
2014,pub,trn,9.13988E-12
2014,pub,trd,9.21094E-12
2014,hou,trn,9.14907E-12
2014,hou,trd,9.22026E-12
2014,fbt,trn,9.11434E-12
2014,fbt,trd,177.3233966
2014,ins,trn,9.13848E-12
2014,ins,trd,9.20945E-12
2014,tex,trn,9.08514E-12
2014,tex,trd,9.15554E-12
2014,leg,trn,9.18142E-12
2014,leg,trd,9.25291E-12
2014,fen,trn,9.1858E-12
2014,fen,trd,9.25733E-12
2014,uti,trn,9.15739E-12
2014,uti,trd,9.22866E-12
2014,nmp,trn,9.11677E-12
2014,nmp,trd,9.18759E-12
2014,brd,trn,9.16845E-12
2014,brd,trd,9.23983E-12
2014,bnk,trn,9.14643E-12
2014,bnk,trd,9.2175E-12
2014,ore,trn,9.15167E-12
2014,ore,trd,9.22282E-12
2014,edu,trn,9.14816E-12
2014,edu,trd,9.21937E-12
2014,ote,trn,9.13421E-12
2014,ote,trd,9.20524E-12
2014,man,trn,9.16154E-12
2014,man,trd,9.23278E-12
2014,mch,trn,9.14375E-12
2014,mch,trd,9.21488E-12
2014,dat,trn,9.13565E-12
2014,dat,trd,9.20657E-12
2014,amd,trn,9.1143E-12
2014,amd,trd,9.1851E-12
2014,oil,trn,9.07444E-12
2014,oil,trd,9.14474E-12
2014,hos,trn,9.15478E-12
2014,hos,trd,9.22608E-12
2014,rnt,trn,9.15232E-12
2014,rnt,trd,9.22347E-12
2014,pla,trn,9.14315E-12
2014,pla,trd,9.21425E-12
2014,fof,trn,9.07057E-12
2014,fof,trd,9.14091E-12
2014,fin,trn,9.11462E-12
2014,fin,trd,9.18546E-12
2014,tsv,trn,9.15499E-12
2014,tsv,trd,9.22635E-12
2014,nrs,trn,9.10756E-12
2014,nrs,trd,9.17832E-12
2014,sec,trn,9.14921E-12
2014,sec,trd,9.22037E-12
2014,art,trn,9.14904E-12
2014,art,trd,9.22019E-12
2014,mov,trn,9.11365E-12
2014,mov,trd,9.18443E-12
2014,fpd,trn,9.07172E-12
2014,fpd,trd,9.14205E-12
2014,slg,trn,9.14944E-12
2014,slg,trd,9.22058E-12
2014,pri,trn,9.11435E-12
2014,pri,trd,9.18511E-12
2014,grd,trn,9.08487E-12
2014,grd,trd,9.15532E-12
2014,pip,trn,43.85971521
2014,pip,trd,9.20096E-12
2014,sle,trn,9.14678E-12
2014,sle,trd,9.21791E-12
2014,osv,trn,9.13625E-12
2014,osv,trd,9.20729E-12
2014,trn,trn,74.24534102
2014,trn,trd,9.22489E-12
2014,smn,trn,9.10524E-12
2014,smn,trd,9.17602E-12
2014,fmt,trn,9.15016E-12
2014,fmt,trd,9.22131E-12
2014,pet,trn,9.13685E-12
2014,pet,trd,9.20787E-12
2014,mvt,trn,9.11414E-12
2014,mvt,trd,137.9610892
2014,cep,trn,9.12139E-12
2014,cep,trd,9.19218E-12
2014,wst,trn,9.10048E-12
2014,wst,trd,9.17108E-12
2014,mot,trn,9.1317E-12
2014,mot,trd,9.20267E-12
2014,adm,trn,9.14201E-12
2014,adm,trd,9.21302E-12
2014,soc,trn,9.09736E-12
2014,soc,trd,9.16802E-12
2014,alt,trn,9.06093E-12
2014,alt,trd,9.13106E-12
2014,pmt,trn,9.1063E-12
2014,pmt,trd,9.17702E-12
2014,trk,trn,281.2137766
2014,trk,trd,9.24295E-12
2014,fdd,trn,9.14235E-12
2014,fdd,trd,9.21349E-12
2014,gmt,trn,9.1131E-12
2014,gmt,trd,170.6106269
2014,wtt,trn,18.87807453
2014,wtt,trd,9.23221E-12
2014,wpd,trn,9.10563E-12
2014,wpd,trd,9.17632E-12
2014,wht,trn,9.11897E-12
2014,wht,trd,1497.095616
2014,wrh,trn,9.11709E-12
2014,wrh,trd,9.1879E-12
2014,ott,trn,9.12766E-12
2014,ott,trd,720.5944109
2014,che,trn,9.13599E-12
2014,che,trd,9.20699E-12
2014,air,trn,3.157913613
2014,air,trd,9.24362E-12
2014,mmf,trn,9.10979E-12
2014,mmf,trd,9.18055E-12
2014,otr,trn,2.71538494
2014,otr,trd,9.19801E-12
2014,min,trn,9.14753E-12
2014,min,trd,9.21871E-12
2015,ppd,trn,1.65544E-11
2015,ppd,trd,1.66679E-11
2015,res,trn,1.65588E-11
2015,res,trd,1.66723E-11
2015,com,trn,1.65185E-11
2015,com,trd,1.66314E-11
2015,amb,trn,1.65846E-11
2015,amb,trd,1.66984E-11
2015,fbp,trn,1.65721E-11
2015,fbp,trd,1.66858E-11
2015,rec,trn,1.65358E-11
2015,rec,trd,1.66491E-11
2015,con,trn,1.65593E-11
2015,con,trd,1.66727E-11
2015,agr,trn,1.6611E-11
2015,agr,trd,1.67252E-11
2015,eec,trn,1.65176E-11
2015,eec,trd,1.66307E-11
2015,fnd,trn,1.65728E-11
2015,fnd,trd,1.66865E-11
2015,pub,trn,1.65586E-11
2015,pub,trd,1.6672E-11
2015,hou,trn,1.65894E-11
2015,hou,trd,1.67031E-11
2015,fbt,trn,1.65118E-11
2015,fbt,trd,185.1508338
2015,ins,trn,1.6562E-11
2015,ins,trd,1.66754E-11
2015,tex,trn,1.6474E-11
2015,tex,trd,1.65865E-11
2015,leg,trn,1.66035E-11
2015,leg,trd,1.67175E-11
2015,fen,trn,1.66122E-11
2015,fen,trd,1.67263E-11
2015,uti,trn,1.65962E-11
2015,uti,trd,1.67101E-11
2015,nmp,trn,1.65642E-11
2015,nmp,trd,1.66777E-11
2015,brd,trn,1.66015E-11
2015,brd,trd,1.67155E-11
2015,bnk,trn,1.65685E-11
2015,bnk,trd,1.66821E-11
2015,ore,trn,1.65689E-11
2015,ore,trd,1.66825E-11
2015,edu,trn,1.65773E-11
2015,edu,trd,1.66911E-11
2015,ote,trn,1.65618E-11
2015,ote,trd,1.66753E-11
2015,man,trn,1.65792E-11
2015,man,trd,1.66929E-11
2015,mch,trn,1.65796E-11
2015,mch,trd,1.66933E-11
2015,dat,trn,1.65579E-11
2015,dat,trd,1.66713E-11
2015,amd,trn,1.65411E-11
2015,amd,trd,1.66544E-11
2015,oil,trn,1.64926E-11
2015,oil,trd,1.66054E-11
2015,hos,trn,1.66051E-11
2015,hos,trd,1.67192E-11
2015,rnt,trn,1.6586E-11
2015,rnt,trd,1.66997E-11
2015,pla,trn,1.65624E-11
2015,pla,trd,1.66759E-11
2015,fof,trn,1.64511E-11
2015,fof,trd,1.65634E-11
2015,fin,trn,1.65403E-11
2015,fin,trd,1.66537E-11
2015,tsv,trn,1.65821E-11
2015,tsv,trd,1.66961E-11
2015,nrs,trn,1.65102E-11
2015,nrs,trd,1.66232E-11
2015,sec,trn,1.65843E-11
2015,sec,trd,1.66981E-11
2015,art,trn,1.65703E-11
2015,art,trd,1.66839E-11
2015,mov,trn,1.65243E-11
2015,mov,trd,1.66374E-11
2015,fpd,trn,1.64596E-11
2015,fpd,trd,1.6572E-11
2015,slg,trn,1.65628E-11
2015,slg,trd,1.66764E-11
2015,pri,trn,1.65275E-11
2015,pri,trd,1.66406E-11
2015,grd,trn,1.65052E-11
2015,grd,trd,1.66182E-11
2015,pip,trn,44.63487128
2015,pip,trd,1.66652E-11
2015,sle,trn,1.65589E-11
2015,sle,trd,1.66724E-11
2015,osv,trn,1.65786E-11
2015,osv,trd,1.66923E-11
2015,trn,trn,68.32668418
2015,trn,trd,1.66974E-11
2015,smn,trn,1.65029E-11
2015,smn,trd,1.66158E-11
2015,fmt,trn,1.65717E-11
2015,fmt,trd,1.66853E-11
2015,pet,trn,1.65727E-11
2015,pet,trd,1.66864E-11
2015,mvt,trn,1.65127E-11
2015,mvt,trd,158.9895967
2015,cep,trn,1.65217E-11
2015,cep,trd,1.66347E-11
2015,wst,trn,1.65199E-11
2015,wst,trd,1.6633E-11
2015,mot,trn,1.65507E-11
2015,mot,trd,1.66641E-11
2015,adm,trn,1.65452E-11
2015,adm,trd,1.66584E-11
2015,soc,trn,1.65032E-11
2015,soc,trd,1.66161E-11
2015,alt,trn,1.64161E-11
2015,alt,trd,1.65279E-11
2015,pmt,trn,1.65096E-11
2015,pmt,trd,1.66226E-11
2015,trk,trn,280.7044648
2015,trk,trd,1.67112E-11
2015,fdd,trn,1.65681E-11
2015,fdd,trd,1.66817E-11
2015,gmt,trn,1.65136E-11
2015,gmt,trd,175.8162714
2015,wtt,trn,18.66962287
2015,wtt,trd,1.66516E-11
2015,wpd,trn,1.65399E-11
2015,wpd,trd,1.66531E-11
2015,wht,trn,1.65275E-11
2015,wht,trd,1507.003274
2015,wrh,trn,1.65338E-11
2015,wrh,trd,1.6647E-11
2015,ott,trn,1.65341E-11
2015,ott,trd,769.4209639
2015,che,trn,1.65549E-11
2015,che,trd,1.66683E-11
2015,air,trn,2.877887183
2015,air,trd,1.67265E-11
2015,mmf,trn,1.6513E-11
2015,mmf,trd,1.66259E-11
2015,otr,trn,2.792368054
2015,otr,trd,1.66527E-11
2015,min,trn,1.65795E-11
2015,min,trd,1.66932E-11
2016,ppd,trn,7.56348E-12
2016,ppd,trd,7.60564E-12
2016,res,trn,7.56225E-12
2016,res,trd,7.60438E-12
2016,com,trn,7.54764E-12
2016,com,trd,7.58961E-12
2016,amb,trn,7.57246E-12
2016,amb,trd,7.61473E-12
2016,fbp,trn,7.56865E-12
2016,fbp,trd,7.61085E-12
2016,rec,trn,7.54314E-12
2016,rec,trd,7.58514E-12
2016,con,trn,7.56485E-12
2016,con,trd,7.607E-12
2016,agr,trn,7.58097E-12
2016,agr,trd,7.62336E-12
2016,eec,trn,7.54698E-12
2016,eec,trd,7.58895E-12
2016,fnd,trn,7.57069E-12
2016,fnd,trd,7.61295E-12
2016,pub,trn,7.56539E-12
2016,pub,trd,7.60757E-12
2016,hou,trn,7.57502E-12
2016,hou,trd,7.61729E-12
2016,fbt,trn,7.54607E-12
2016,fbt,trd,187.9423416
2016,ins,trn,7.56974E-12
2016,ins,trd,7.61193E-12
2016,tex,trn,7.52851E-12
2016,tex,trd,7.57028E-12
2016,leg,trn,7.58928E-12
2016,leg,trd,7.63171E-12
2016,fen,trn,7.59912E-12
2016,fen,trd,7.64164E-12
2016,uti,trn,7.57674E-12
2016,uti,trd,7.61906E-12
2016,nmp,trn,7.5608E-12
2016,nmp,trd,7.60294E-12
2016,brd,trn,7.58419E-12
2016,brd,trd,7.62659E-12
2016,bnk,trn,7.57143E-12
2016,bnk,trd,7.61366E-12
2016,ore,trn,7.57087E-12
2016,ore,trd,7.61311E-12
2016,edu,trn,7.57076E-12
2016,edu,trd,7.61303E-12
2016,ote,trn,7.56201E-12
2016,ote,trd,7.60417E-12
2016,man,trn,7.57773E-12
2016,man,trd,7.62004E-12
2016,mch,trn,7.56891E-12
2016,mch,trd,7.61113E-12
2016,dat,trn,7.57053E-12
2016,dat,trd,7.61273E-12
2016,amd,trn,7.55813E-12
2016,amd,trd,7.60022E-12
2016,oil,trn,7.5372E-12
2016,oil,trd,7.57908E-12
2016,hos,trn,7.58139E-12
2016,hos,trd,7.62378E-12
2016,rnt,trn,7.57479E-12
2016,rnt,trd,7.61705E-12
2016,pla,trn,7.56648E-12
2016,pla,trd,7.60868E-12
2016,fof,trn,7.5161E-12
2016,fof,trd,7.55779E-12
2016,fin,trn,7.55678E-12
2016,fin,trd,7.59889E-12
2016,tsv,trn,7.57335E-12
2016,tsv,trd,7.61569E-12
2016,nrs,trn,7.5424E-12
2016,nrs,trd,7.58434E-12
2016,sec,trn,7.57569E-12
2016,sec,trd,7.61799E-12
2016,art,trn,7.5714E-12
2016,art,trd,7.61365E-12
2016,mov,trn,7.54899E-12
2016,mov,trd,7.59099E-12
2016,fpd,trn,7.51788E-12
2016,fpd,trd,7.55956E-12
2016,slg,trn,7.57415E-12
2016,slg,trd,7.61642E-12
2016,pri,trn,7.5516E-12
2016,pri,trd,7.59364E-12
2016,grd,trn,7.54475E-12
2016,grd,trd,7.5867E-12
2016,pip,trn,44.97135091
2016,pip,trd,7.60353E-12
2016,sle,trn,7.57078E-12
2016,sle,trd,7.613E-12
2016,osv,trn,7.57055E-12
2016,osv,trd,7.6128E-12
2016,trn,trn,62.49510117
2016,trn,trd,7.61059E-12
2016,smn,trn,7.52354E-12
2016,smn,trd,7.56534E-12
2016,fmt,trn,7.57085E-12
2016,fmt,trd,7.61308E-12
2016,pet,trn,7.56856E-12
2016,pet,trd,7.61078E-12
2016,mvt,trn,7.54836E-12
2016,mvt,trd,172.7190152
2016,cep,trn,7.55355E-12
2016,cep,trd,7.59556E-12
2016,wst,trn,7.55126E-12
2016,wst,trd,7.59328E-12
2016,mot,trn,7.56405E-12
2016,mot,trd,7.60619E-12
2016,adm,trn,7.56252E-12
2016,adm,trd,7.60465E-12
2016,soc,trn,7.53273E-12
2016,soc,trd,7.5746E-12
2016,alt,trn,7.50205E-12
2016,alt,trd,7.54357E-12
2016,pmt,trn,7.54191E-12
2016,pmt,trd,7.58386E-12
2016,trk,trn,276.4560956
2016,trk,trd,7.62396E-12
2016,fdd,trn,7.56859E-12
2016,fdd,trd,7.61082E-12
2016,gmt,trn,7.54833E-12
2016,gmt,trd,174.7687191
2016,wtt,trn,16.79910193
2016,wtt,trd,7.5903E-12
2016,wpd,trn,7.55448E-12
2016,wpd,trd,7.59656E-12
2016,wht,trn,7.55507E-12
2016,wht,trd,1486.451396
2016,wrh,trn,7.55454E-12
2016,wrh,trd,7.59661E-12
2016,ott,trn,7.55778E-12
2016,ott,trd,801.3314252
2016,che,trn,7.56263E-12
2016,che,trd,7.60476E-12
2016,air,trn,3.162560859
2016,air,trd,7.63555E-12
2016,mmf,trn,7.54236E-12
2016,mmf,trd,7.58431E-12
2016,otr,trn,2.698601644
2016,otr,trd,7.60077E-12
2016,min,trn,7.56269E-12
2016,min,trd,7.60488E-12
2017,ppd,trn,5.5718E-12
2017,ppd,trd,5.59789E-12
2017,res,trn,5.57603E-12
2017,res,trd,5.60213E-12
2017,com,trn,5.5624E-12
2017,com,trd,5.58841E-12
2017,amb,trn,5.57906E-12
2017,amb,trd,5.60524E-12
2017,fbp,trn,5.58037E-12
2017,fbp,trd,5.60654E-12
2017,rec,trn,5.53583E-12
2017,rec,trd,5.56165E-12
2017,con,trn,5.57984E-12
2017,con,trd,5.606E-12
2017,agr,trn,5.58401E-12
2017,agr,trd,5.61024E-12
2017,eec,trn,5.56152E-12
2017,eec,trd,5.58752E-12
2017,fnd,trn,5.57733E-12
2017,fnd,trd,5.6035E-12
2017,pub,trn,5.57418E-12
2017,pub,trd,5.60031E-12
2017,hou,trn,5.57982E-12
2017,hou,trd,5.60602E-12
2017,fbt,trn,5.55873E-12
2017,fbt,trd,195.2030773
2017,ins,trn,5.58237E-12
2017,ins,trd,5.60857E-12
2017,tex,trn,5.55235E-12
2017,tex,trd,5.57825E-12
2017,leg,trn,5.59826E-12
2017,leg,trd,5.62463E-12
2017,fen,trn,5.61993E-12
2017,fen,trd,5.64648E-12
2017,uti,trn,5.58236E-12
2017,uti,trd,5.60859E-12
2017,nmp,trn,5.56554E-12
2017,nmp,trd,5.5916E-12
2017,brd,trn,5.58514E-12
2017,brd,trd,5.61141E-12
2017,bnk,trn,5.57878E-12
2017,bnk,trd,5.60498E-12
2017,ore,trn,5.57893E-12
2017,ore,trd,5.60514E-12
2017,edu,trn,5.57475E-12
2017,edu,trd,5.60091E-12
2017,ote,trn,5.56615E-12
2017,ote,trd,5.59222E-12
2017,man,trn,5.58655E-12
2017,man,trd,5.61284E-12
2017,mch,trn,5.57652E-12
2017,mch,trd,5.60267E-12
2017,dat,trn,5.5893E-12
2017,dat,trd,5.61554E-12
2017,amd,trn,5.56809E-12
2017,amd,trd,5.59414E-12
2017,oil,trn,5.55595E-12
2017,oil,trd,5.58186E-12
2017,hos,trn,5.58539E-12
2017,hos,trd,5.61165E-12
2017,rnt,trn,5.58598E-12
2017,rnt,trd,5.61222E-12
2017,pla,trn,5.57409E-12
2017,pla,trd,5.60024E-12
2017,fof,trn,5.52493E-12
2017,fof,trd,5.55063E-12
2017,fin,trn,5.55981E-12
2017,fin,trd,5.58583E-12
2017,tsv,trn,5.57658E-12
2017,tsv,trd,5.60277E-12
2017,nrs,trn,5.55112E-12
2017,nrs,trd,5.57704E-12
2017,sec,trn,5.58033E-12
2017,sec,trd,5.60655E-12
2017,art,trn,5.5821E-12
2017,art,trd,5.60832E-12
2017,mov,trn,5.55628E-12
2017,mov,trd,5.58225E-12
2017,fpd,trn,5.52744E-12
2017,fpd,trd,5.55316E-12
2017,slg,trn,5.57984E-12
2017,slg,trd,5.60605E-12
2017,pri,trn,5.56293E-12
2017,pri,trd,5.58897E-12
2017,grd,trn,5.55415E-12
2017,grd,trd,5.58007E-12
2017,pip,trn,47.47419472
2017,pip,trd,5.59387E-12
2017,sle,trn,5.58341E-12
2017,sle,trd,5.60961E-12
2017,osv,trn,5.57829E-12
2017,osv,trd,5.60446E-12
2017,trn,trn,66.60476622
2017,trn,trd,5.59023E-12
2017,smn,trn,5.52571E-12
2017,smn,trd,5.55143E-12
2017,fmt,trn,5.58029E-12
2017,fmt,trd,5.60648E-12
2017,pet,trn,5.57608E-12
2017,pet,trd,5.60224E-12
2017,mvt,trn,5.56145E-12
2017,mvt,trd,180.0276594
2017,cep,trn,5.57182E-12
2017,cep,trd,5.59789E-12
2017,wst,trn,5.56579E-12
2017,wst,trd,5.59182E-12
2017,mot,trn,5.58038E-12
2017,mot,trd,5.60653E-12
2017,adm,trn,5.57376E-12
2017,adm,trd,5.59991E-12
2017,soc,trn,5.53466E-12
2017,soc,trd,5.56046E-12
2017,alt,trn,5.52748E-12
2017,alt,trd,5.55319E-12
2017,pmt,trn,5.5525E-12
2017,pmt,trd,5.57842E-12
2017,trk,trn,288.9913443
2017,trk,trd,5.61155E-12
2017,fdd,trn,5.57794E-12
2017,fdd,trd,5.60411E-12
2017,gmt,trn,5.563E-12
2017,gmt,trd,175.5984407
2017,wtt,trn,16.5382676
2017,wtt,trd,5.56671E-12
2017,wpd,trn,5.55789E-12
2017,wpd,trd,5.58389E-12
2017,wht,trn,5.57295E-12
2017,wht,trd,1571.830144
2017,wrh,trn,5.58545E-12
2017,wrh,trd,5.61167E-12
2017,ott,trn,5.57268E-12
2017,ott,trd,842.4828747
2017,che,trn,5.5772E-12
2017,che,trd,5.60334E-12
2017,air,trn,3.264049574
2017,air,trd,5.62614E-12
2017,mmf,trn,5.55152E-12
2017,mmf,trd,5.57745E-12
2017,otr,trn,2.975864662
2017,otr,trd,5.59925E-12
2017,min,trn,5.56989E-12
2017,min,trd,5.59603E-12
