yr,i,Value
1997,ppd,0.01036392
1997,res,0.056702661
1997,com,0.006287954
1997,amb,0.00043715
1997,fbp,0.054610135
1997,rec,0.035673935
1997,con,0.000862027
1997,agr,-0.015526024
1997,eec,0.025877273
1997,pub,0.019726404
1997,hou,-0.028684638
1997,ins,0.024167263
1997,tex,0.02662738
1997,leg,0.019722266
1997,uti,0.053239614
1997,nmp,0.017645538
1997,brd,0.059612754
1997,bnk,0.000289747
1997,ore,-0.001813647
1997,edu,0.000734605
1997,ote,0.007533199
1997,man,0.002106817
1997,mch,0.016729448
1997,dat,0.005429903
1997,amd,0.066636472
1997,oil,0.028483563
1997,hos,0.003041474
1997,rnt,0.026579525
1997,pla,0.020429204
1997,fof,0.008199157
1997,tsv,0.003084573
1997,nrs,0.00729873
1997,sec,0.003882975
1997,art,0.035823128
1997,mov,0.017393924
1997,fpd,0.038161158
1997,pri,0.007800058
1997,grd,0.001551026
1997,pip,0.077114428
1997,osv,0.021183473
1997,trn,-0.262970649
1997,fmt,0.012692032
1997,pet,0.20783458
1997,cep,0.013005585
1997,wst,0.010218113
1997,mot,0.023207285
1997,adm,0.007791284
1997,soc,0.002992048
1997,alt,0.054609569
1997,pmt,0.002264161
1997,trk,0.008108108
1997,wtt,0.002380413
1997,wpd,0.014957069
1997,wht,3.02893E-05
1997,wrh,0.000183103
1997,che,0.01853462
1997,air,0.066308634
1997,mmf,0.034150553
1997,otr,0.002360128
1997,min,0.028449371
1998,ppd,0.010567376
1998,res,0.05610803
1998,com,0.006252109
1998,amb,0.000470585
1998,fbp,0.055111746
1998,rec,0.03960396
1998,con,0.000862415
1998,agr,-0.032103386
1998,eec,0.026413156
1998,pub,0.019252015
1998,hou,-0.02468272
1998,ins,0.023717949
1998,tex,0.027765169
1998,leg,0.024282853
1998,uti,0.052596042
1998,nmp,0.019135841
1998,brd,0.057334692
1998,bnk,0.000147389
1998,ore,-0.003320017
1998,edu,0.000752325
1998,ote,0.006767162
1998,man,0.002083255
1998,mch,0.018740758
1998,dat,0.005750761
1998,amd,0.068410031
1998,oil,0.029647556
1998,hos,0.003032249
1998,rnt,0.02609542
1998,pla,0.01998209
1998,fof,0.006409952
1998,tsv,0.003227057
1998,nrs,0.007292274
1998,sec,0.004061226
1998,art,0.039515189
1998,mov,0.018779391
1998,fpd,0.037774267
1998,pri,0.008361528
1998,grd,0.002000824
1998,pip,0.075324675
1998,osv,0.020022153
1998,trn,-0.172491545
1998,fmt,0.012890647
1998,pet,0.248663269
1998,cep,0.0136399
1998,wst,0.009769366
1998,mot,0.022303383
1998,adm,0.007414493
1998,soc,0.003048418
1998,alt,0.056357052
1998,pmt,0.003062049
1998,trk,0.008065777
1998,wtt,0.006990089
1998,wpd,0.015939261
1998,wht,6.03182E-05
1998,wrh,0.000338421
1998,che,0.019047269
1998,air,0.078169633
1998,mmf,0.035317683
1998,otr,0.002227424
1998,min,0.027281892
1999,ppd,0.010703518
1999,res,0.056758122
1999,com,0.005868271
1999,amb,0.000494374
1999,fbp,0.055196704
1999,rec,0.037652319
1999,con,0.000882006
1999,agr,-0.063610443
1999,eec,0.02639792
1999,pub,0.018757655
1999,hou,-0.022758809
1999,ins,0.022838648
1999,tex,0.029082979
1999,leg,0.024726375
1999,uti,0.047706626
1999,nmp,0.019005325
1999,brd,0.056650928
1999,bnk,3.65119E-05
1999,ore,-0.005477334
1999,edu,0.000734
1999,ote,0.007713638
1999,man,0.002013234
1999,mch,0.020505544
1999,dat,0.005708064
1999,amd,0.069725696
1999,oil,0.024155296
1999,hos,0.003014771
1999,rnt,0.026250782
1999,pla,0.020571454
1999,fof,0.006889661
1999,tsv,0.003323982
1999,nrs,0.007218016
1999,sec,0.00349655
1999,art,0.042387016
1999,mov,0.019226933
1999,fpd,0.036518761
1999,pri,0.007765576
1999,grd,0.002174488
1999,pip,0.081632653
1999,osv,0.021036287
1999,trn,-0.192946588
1999,fmt,0.012999515
1999,pet,0.226678315
1999,cep,0.01365434
1999,wst,0.009818214
1999,mot,0.023949934
1999,adm,0.007345733
1999,soc,0.002995814
1999,alt,0.05453225
1999,pmt,0.003973779
1999,trk,0.007808191
1999,wtt,0.011549038
1999,wpd,0.01538841
1999,wht,8.67353E-05
1999,wrh,0.000376258
1999,che,0.018640009
1999,air,0.079671179
1999,mmf,0.034875733
1999,otr,0.002092558
1999,min,0.02839182
2000,ppd,0.010882795
2000,res,0.056722107
2000,com,0.006068867
2000,amb,0.000502687
2000,fbp,0.056409854
2000,rec,0.03165665
2000,con,0.00087442
2000,agr,-0.066820597
2000,eec,0.025431523
2000,pub,0.018869868
2000,hou,-0.019964163
2000,ins,0.02093609
2000,tex,0.031256842
2000,leg,0.023925996
2000,uti,0.04238601
2000,nmp,0.019827998
2000,brd,0.055267103
2000,bnk,9.42869E-06
2000,ore,-0.005485399
2000,edu,0.000741051
2000,ote,0.009834244
2000,man,0.001907207
2000,mch,0.020454508
2000,dat,0.006929458
2000,amd,0.0688937
2000,oil,0.022827263
2000,hos,0.002878613
2000,rnt,0.025169084
2000,pla,0.020440285
2000,fof,0.0081603
2000,tsv,0.00314722
2000,nrs,0.006691869
2000,sec,0.003113177
2000,art,0.039450387
2000,mov,0.017931915
2000,fpd,0.036933361
2000,pri,0.007892484
2000,grd,0.002278836
2000,pip,0.048969072
2000,osv,0.020975869
2000,trn,-0.193879935
2000,fmt,0.013179939
2000,pet,0.176559385
2000,cep,0.012705875
2000,wst,0.009266989
2000,mot,0.022554462
2000,adm,0.006390117
2000,soc,0.002933596
2000,alt,0.053745975
2000,pmt,0.004404563
2000,trk,0.007572548
2000,wtt,0.006236488
2000,wpd,0.016157345
2000,wht,8.40713E-05
2000,wrh,0.000376691
2000,che,0.01785673
2000,air,0.079311453
2000,mmf,0.033894193
2000,otr,0.001962634
2000,min,0.02986255
2001,ppd,0.011272218
2001,res,0.058948358
2001,com,0.005616154
2001,amb,0.000512582
2001,fbp,0.056315981
2001,rec,0.031581322
2001,con,0.000873042
2001,agr,-0.064414919
2001,eec,0.026948552
2001,pub,0.018623045
2001,hou,-0.019531063
2001,ins,0.019889217
2001,tex,0.034309499
2001,leg,0.025585476
2001,uti,0.026007347
2001,nmp,0.021558311
2001,brd,0.057650113
2001,bnk,4.44848E-06
2001,ore,-0.00365578
2001,edu,0.000580259
2001,ote,0.008830109
2001,man,0.002072912
2001,mch,0.022872021
2001,dat,0.007298512
2001,amd,0.070616587
2001,oil,0.02529466
2001,hos,0.001542474
2001,rnt,0.026239587
2001,pla,0.021193776
2001,fof,0.008061871
2001,tsv,0.003085878
2001,nrs,0.005255674
2001,sec,0.003273672
2001,art,0.038237973
2001,mov,0.017455232
2001,fpd,0.039969422
2001,pri,0.008012964
2001,grd,0.002618759
2001,pip,0.103918228
2001,osv,0.018899916
2001,trn,-0.149269993
2001,fmt,0.013902125
2001,pet,0.191349365
2001,cep,0.014263841
2001,wst,0.00943073
2001,mot,0.017767985
2001,adm,0.006614029
2001,soc,0.002963572
2001,alt,0.055778898
2001,pmt,0.005088653
2001,trk,0.007598784
2001,wtt,-0.006736408
2001,wpd,0.017594334
2001,wht,9.05811E-05
2001,wrh,0.000352399
2001,che,0.018321946
2001,air,0.037614486
2001,mmf,0.034790383
2001,otr,0.001857771
2001,min,0.032697888
2002,ppd,0.011664405
2002,res,0.057020032
2002,com,0.004961761
2002,amb,0.000497186
2002,fbp,0.05771137
2002,rec,0.032275147
2002,con,0.000871325
2002,agr,-0.031690696
2002,eec,0.027250522
2002,pub,0.017793788
2002,hou,-0.021660847
2002,ins,0.02117965
2002,tex,0.032331887
2002,leg,0.034977384
2002,uti,0.052512926
2002,nmp,0.019402452
2002,brd,0.058659292
2002,bnk,3.74544E-05
2002,ore,-0.001885994
2002,edu,0.000594318
2002,ote,0.009068268
2002,man,0.00205112
2002,mch,0.021011811
2002,dat,0.006552558
2002,amd,0.069180725
2002,oil,0.021844543
2002,hos,0.001555948
2002,rnt,0.028547467
2002,pla,0.020349116
2002,fof,0.007063504
2002,tsv,0.003020673
2002,nrs,0.005422925
2002,sec,0.003357065
2002,art,0.037025708
2002,mov,0.017776987
2002,fpd,0.035462917
2002,pri,0.007052297
2002,grd,0.002317561
2002,pip,0.094827586
2002,osv,0.019853766
2002,trn,-0.234230615
2002,fmt,0.013014583
2002,pet,0.201028493
2002,cep,0.01547003
2002,wst,0.009906911
2002,mot,0.022415512
2002,adm,0.006685873
2002,soc,0.003005923
2002,alt,0.050996965
2002,pmt,0.003956725
2002,trk,0.007925444
2002,wtt,-0.026526486
2002,wpd,0.016066778
2002,wht,0.000110705
2002,wrh,0.000375169
2002,che,0.016543472
2002,air,0.098257689
2002,mmf,0.03239706
2002,otr,0.001572018
2002,min,0.027884901
2003,ppd,0.011868221
2003,res,0.057937175
2003,com,0.004982276
2003,amb,0.000582464
2003,fbp,0.058677111
2003,rec,0.032732944
2003,con,0.000860885
2003,agr,-0.040300977
2003,eec,0.028373499
2003,pub,0.019429323
2003,hou,-0.022615975
2003,ins,0.021699197
2003,tex,0.034072189
2003,leg,0.057971138
2003,uti,0.053094498
2003,nmp,0.02004977
2003,brd,0.060002124
2003,bnk,0.000189263
2003,ore,-0.002692492
2003,edu,0.000510308
2003,ote,0.010452543
2003,man,0.002108998
2003,mch,0.020220481
2003,dat,0.00674384
2003,amd,0.069857463
2003,oil,0.021180411
2003,hos,0.001548735
2003,rnt,0.028433781
2003,pla,0.020625013
2003,fof,0.007788972
2003,tsv,0.002957667
2003,nrs,0.005783605
2003,sec,0.004045569
2003,art,0.037745681
2003,mov,0.017881487
2003,fpd,0.035984238
2003,pri,0.007704855
2003,grd,0.001958575
2003,pip,0.079155673
2003,osv,0.020162996
2003,trn,-0.220021075
2003,fmt,0.013624032
2003,pet,0.180622229
2003,cep,0.015553344
2003,wst,0.009973404
2003,mot,0.023094956
2003,adm,0.006553529
2003,soc,0.003107232
2003,alt,0.052291534
2003,pmt,0.004137004
2003,trk,0.008508149
2003,wtt,-0.017087063
2003,wpd,0.016883509
2003,wht,0.00033167
2003,wrh,0.000349314
2003,che,0.016673604
2003,air,0.069610639
2003,mmf,0.032112392
2003,otr,0.001516134
2003,min,0.030998532
2004,ppd,0.011807774
2004,res,0.058568633
2004,com,0.005202737
2004,amb,0.000673408
2004,fbp,0.058514082
2004,rec,0.031846689
2004,con,0.000860029
2004,agr,-0.02460106
2004,eec,0.028815138
2004,pub,0.01906755
2004,hou,-0.023110015
2004,ins,0.021903507
2004,tex,0.035336781
2004,leg,0.073573482
2004,uti,0.053020041
2004,nmp,0.020465175
2004,brd,0.061113604
2004,bnk,0.000180461
2004,ore,-0.001646189
2004,edu,0.000451381
2004,ote,0.011050915
2004,man,0.002114535
2004,mch,0.019331963
2004,dat,0.006807418
2004,amd,0.066681711
2004,oil,0.021463203
2004,hos,0.001318006
2004,rnt,0.029413842
2004,pla,0.02157303
2004,fof,0.006466979
2004,tsv,0.002870805
2004,nrs,0.005160654
2004,sec,0.00371487
2004,art,0.041297326
2004,mov,0.020194545
2004,fpd,0.037041906
2004,pri,0.008326328
2004,grd,0.001599407
2004,pip,0.071428571
2004,osv,0.0206175
2004,trn,-0.262911796
2004,fmt,0.014120695
2004,pet,0.152752334
2004,cep,0.015967028
2004,wst,0.010001259
2004,mot,0.02359044
2004,adm,0.006551568
2004,soc,0.003425395
2004,alt,0.052204984
2004,pmt,0.003582395
2004,trk,0.008032129
2004,wtt,-0.050649695
2004,wpd,0.017214036
2004,wht,0.000599585
2004,wrh,0.000588836
2004,che,0.016308366
2004,air,0.097173325
2004,mmf,0.03167514
2004,otr,0.001543883
2004,min,0.028885693
2005,ppd,0.011999357
2005,res,0.06057337
2005,com,0.005457914
2005,amb,0.000764308
2005,fbp,0.059919077
2005,rec,0.033062998
2005,con,0.000899642
2005,agr,-0.054238497
2005,eec,0.028939096
2005,pub,0.019746102
2005,hou,-0.023862758
2005,ins,0.020701933
2005,tex,0.036411683
2005,leg,0.094414798
2005,uti,0.049231517
2005,nmp,0.020848242
2005,brd,0.061347712
2005,bnk,8.24602E-05
2005,ore,-0.003098237
2005,edu,0.000404511
2005,ote,0.010787337
2005,man,0.002199555
2005,mch,0.017797772
2005,dat,0.006873512
2005,amd,0.068404084
2005,oil,0.021231553
2005,hos,0.001677808
2005,rnt,0.031073893
2005,pla,0.021425453
2005,fof,0.007510669
2005,tsv,0.002740943
2005,nrs,0.007256086
2005,sec,0.00454529
2005,art,0.041598468
2005,mov,0.02088227
2005,fpd,0.037407116
2005,pri,0.008186688
2005,grd,0.002174326
2005,pip,0.079096045
2005,osv,0.021629762
2005,trn,-0.287216148
2005,fmt,0.013941424
2005,pet,0.125009724
2005,cep,0.016387603
2005,wst,0.00963915
2005,mot,0.023114072
2005,adm,0.006458995
2005,soc,0.003477922
2005,alt,0.053094052
2005,pmt,0.003367099
2005,trk,0.008501621
2005,wtt,-0.026570203
2005,wpd,0.017582594
2005,wht,0.000899002
2005,wrh,0.000796164
2005,che,0.015968614
2005,air,0.094385861
2005,mmf,0.030606589
2005,otr,0.001670541
2005,min,0.028759946
2006,ppd,0.011916968
2006,res,0.062373366
2006,com,0.006101763
2006,amb,0.000844007
2006,fbp,0.061594572
2006,rec,0.032771214
2006,con,0.000999314
2006,agr,-0.029461791
2006,eec,0.027861094
2006,pub,0.020454925
2006,hou,-0.021716563
2006,ins,0.020204279
2006,tex,0.038406495
2006,leg,0.085247261
2006,uti,0.053595388
2006,nmp,0.021032056
2006,brd,0.059618846
2006,bnk,5.89131E-05
2006,ore,-0.001680249
2006,edu,0.000351281
2006,ote,0.011965212
2006,man,0.002085648
2006,mch,0.01720388
2006,dat,0.006656139
2006,amd,0.06860471
2006,oil,0.023101469
2006,hos,0.001620898
2006,rnt,0.032066432
2006,pla,0.022141089
2006,fof,0.007822456
2006,tsv,0.002709425
2006,nrs,0.007502712
2006,sec,0.003805609
2006,art,0.041056655
2006,mov,0.022680321
2006,fpd,0.038667033
2006,pri,0.009371856
2006,grd,0.002378678
2006,pip,0.090909091
2006,osv,0.022298221
2006,trn,-0.247051647
2006,fmt,0.014238526
2006,pet,0.117427458
2006,cep,0.016967183
2006,wst,0.009729473
2006,mot,0.024450977
2006,adm,0.006421246
2006,soc,0.003597609
2006,alt,0.054515927
2006,pmt,0.003011644
2006,trk,0.009374605
2006,wtt,-0.033265036
2006,wpd,0.018471208
2006,wht,0.001266333
2006,wrh,0.000981584
2006,che,0.016139122
2006,air,0.08427052
2006,mmf,0.03094044
2006,otr,0.001777589
2006,min,0.027204858
2007,ppd,0.012082588
2007,res,0.063126859
2007,com,0.006481314
2007,amb,0.000944425
2007,fbp,0.059371363
2007,rec,0.034038516
2007,con,0.001052934
2007,agr,-0.017820959
2007,eec,0.024129625
2007,pub,0.021487667
2007,hou,-0.025325384
2007,ins,0.01807153
2007,tex,0.039057811
2007,leg,0.072200776
2007,uti,0.052666702
2007,nmp,0.020347724
2007,brd,0.055204397
2007,bnk,-8.1477E-06
2007,ore,-0.000488372
2007,edu,0.000313942
2007,ote,0.009370752
2007,man,0.002071082
2007,mch,0.015115623
2007,dat,0.006665145
2007,amd,0.070494868
2007,oil,0.02543904
2007,hos,0.001640114
2007,rnt,0.034172794
2007,pla,0.020809562
2007,fof,0.010385226
2007,tsv,0.002629158
2007,nrs,0.007963542
2007,sec,0.003305007
2007,art,0.042216313
2007,mov,0.025287971
2007,fpd,0.040769485
2007,pri,0.007982095
2007,grd,0.002368412
2007,pip,0.103626943
2007,osv,0.022470236
2007,trn,-0.220185376
2007,fmt,0.01298888
2007,pet,0.107830982
2007,cep,0.017553464
2007,wst,0.010850527
2007,mot,0.023405263
2007,adm,0.006434393
2007,soc,0.003776687
2007,alt,0.054317225
2007,pmt,0.002284073
2007,trk,0.01118332
2007,wtt,-0.023779028
2007,wpd,0.018133754
2007,wht,0.001496554
2007,wrh,0.001093365
2007,che,0.015033375
2007,air,0.093058503
2007,mmf,0.029780518
2007,otr,0.001832715
2007,min,0.027924438
2008,ppd,0.011951133
2008,res,0.064580987
2008,com,0.006316321
2008,amb,0.000845423
2008,fbp,0.056411672
2008,rec,0.033957395
2008,con,0.001077916
2008,agr,-0.016134059
2008,eec,0.023706214
2008,pub,0.021382038
2008,hou,-0.021743568
2008,ins,0.016265398
2008,tex,0.040162181
2008,leg,0.052556983
2008,uti,0.047012245
2008,nmp,0.019077965
2008,brd,0.04953541
2008,bnk,-7.76611E-05
2008,ore,-0.001236139
2008,edu,0.000363686
2008,ote,0.008040626
2008,man,0.002232432
2008,mch,0.015039935
2008,dat,0.005079255
2008,amd,0.070736466
2008,oil,0.028964039
2008,hos,0.001577584
2008,rnt,0.033027581
2008,pla,0.022880507
2008,fof,0.014016392
2008,tsv,0.002553187
2008,nrs,0.008059325
2008,sec,0.003031712
2008,art,0.041021909
2008,mov,0.025919518
2008,fpd,0.039064996
2008,pri,0.00956943
2008,grd,0.002481217
2008,pip,0.118644068
2008,osv,0.021546344
2008,trn,-0.192107093
2008,fmt,0.013294571
2008,pet,0.093238133
2008,cep,0.017202676
2008,wst,0.011317289
2008,mot,0.026509007
2008,adm,0.006628204
2008,soc,0.003588778
2008,alt,0.055634737
2008,pmt,0.002383483
2008,trk,0.011579096
2008,wtt,-0.007442309
2008,wpd,0.018258277
2008,wht,0.00127646
2008,wrh,0.001099258
2008,che,0.015282127
2008,air,0.087174989
2008,mmf,0.03008046
2008,otr,0.00179784
2008,min,0.027525928
2009,ppd,0.013532026
2009,res,0.063801221
2009,com,0.005854578
2009,amb,0.000721784
2009,fbp,0.064134403
2009,rec,0.033996486
2009,con,0.001009418
2009,agr,-0.017730352
2009,eec,0.025513256
2009,pub,0.022710694
2009,hou,-0.021959197
2009,ins,0.016366598
2009,tex,0.042829711
2009,leg,0.026358447
2009,uti,0.053952754
2009,nmp,0.021410338
2009,brd,0.048396885
2009,bnk,-0.000312844
2009,ore,-0.001274199
2009,edu,0.000392909
2009,ote,0.007456729
2009,man,0.002248526
2009,mch,0.019645977
2009,dat,0.00440116
2009,amd,0.071098197
2009,oil,0.022109588
2009,hos,0.001312811
2009,rnt,0.035383552
2009,pla,0.024512152
2009,fof,0.008853782
2009,tsv,0.002463756
2009,nrs,0.007156601
2009,sec,0.002446153
2009,art,0.038586072
2009,mov,0.027550711
2009,fpd,0.044670956
2009,pri,0.011551384
2009,grd,0.008965755
2009,pip,0.138801262
2009,osv,0.021308482
2009,trn,-0.297246322
2009,fmt,0.015883713
2009,pet,0.122512194
2009,cep,0.018792091
2009,wst,0.011555975
2009,mot,0.027517833
2009,adm,0.006572555
2009,soc,0.003357824
2009,alt,0.057986963
2009,pmt,0.003542941
2009,trk,0.014578814
2009,wtt,-0.022156819
2009,wpd,0.0219904
2009,wht,0.001764398
2009,wrh,0.00104902
2009,che,0.016853266
2009,air,0.102989028
2009,mmf,0.032599246
2009,otr,0.001761119
2009,min,0.024059509
2010,ppd,0.01368062
2010,res,0.06600951
2010,com,0.005920112
2010,amb,0.000661339
2010,fbp,0.064864166
2010,rec,0.036057146
2010,con,0.001056422
2010,agr,-0.01597188
2010,eec,0.022385043
2010,pub,0.023734293
2010,hou,-0.021299484
2010,ins,0.018589092
2010,tex,0.042000364
2010,leg,0.027188648
2010,uti,0.049425579
2010,nmp,0.021225363
2010,brd,0.047502203
2010,bnk,-0.000957538
2010,ore,-0.001215251
2010,edu,0.000473622
2010,ote,0.006587969
2010,man,0.002401772
2010,mch,0.018574466
2010,dat,0.003834721
2010,amd,0.075075637
2010,oil,0.020740227
2010,hos,0.000813463
2010,rnt,0.036518896
2010,pla,0.022947724
2010,fof,0.010323459
2010,tsv,0.002460539
2010,nrs,0.00850886
2010,sec,0.002531942
2010,art,0.038519478
2010,mov,0.026443353
2010,fpd,0.042298319
2010,pri,0.011427384
2010,grd,0.011267173
2010,pip,0.137820513
2010,osv,0.021205679
2010,trn,-0.331602855
2010,fmt,0.015491429
2010,pet,0.10529139
2010,cep,0.018178777
2010,wst,0.012245285
2010,mot,0.024131954
2010,adm,0.006730523
2010,soc,0.003313811
2010,alt,0.057350577
2010,pmt,0.003040998
2010,trk,0.014593909
2010,wtt,-0.007023084
2010,wpd,0.02082002
2010,wht,0.00138235
2010,wrh,0.001010589
2010,che,0.016056934
2010,air,0.086149081
2010,mmf,0.032833696
2010,otr,0.00169143
2010,min,0.029443789
2011,ppd,0.013922817
2011,res,0.060019101
2011,com,0.006294631
2011,amb,0.000564758
2011,fbp,0.061138688
2011,rec,0.036694213
2011,con,0.001156159
2011,agr,-0.009300785
2011,eec,0.021367812
2011,pub,0.024842506
2011,hou,-0.021207935
2011,ins,0.017291699
2011,tex,0.041494841
2011,leg,0.029224602
2011,uti,0.050809735
2011,nmp,0.021343836
2011,brd,0.047270143
2011,bnk,-0.001046748
2011,ore,-0.00082893
2011,edu,0.000545502
2011,ote,0.006797397
2011,man,0.002545645
2011,mch,0.017248347
2011,dat,0.003503016
2011,amd,0.0767269
2011,oil,0.023017371
2011,hos,-0.004137435
2011,rnt,0.039910851
2011,pla,0.024012323
2011,fof,0.011966274
2011,tsv,0.002436242
2011,nrs,0.008844529
2011,sec,0.002524113
2011,art,0.038358403
2011,mov,0.027767476
2011,fpd,0.043050354
2011,pri,0.012569799
2011,grd,0.009539799
2011,pip,0.181506849
2011,osv,0.021639238
2011,trn,-0.219505178
2011,fmt,0.016293023
2011,pet,0.087933766
2011,cep,0.018673513
2011,wst,0.013248752
2011,mot,0.027258995
2011,adm,0.007044186
2011,soc,0.003245626
2011,alt,0.057639189
2011,pmt,0.003053371
2011,trk,0.01374051
2011,wtt,-0.002735402
2011,wpd,0.021021239
2011,wht,0.001303543
2011,wrh,0.000985075
2011,che,0.017962312
2011,air,0.07888704
2011,mmf,0.034137437
2011,otr,0.001546477
2011,min,0.035094282
2012,ppd,0.014410403
2012,res,0.059864108
2012,com,0.006537361
2012,amb,0.000453241
2012,fbp,0.059290141
2012,rec,0.041191968
2012,con,0.001145238
2012,agr,-0.008487155
2012,eec,0.023306003
2012,pub,0.025840604
2012,hou,-0.020060626
2012,ins,0.015700998
2012,tex,0.041253102
2012,leg,0.032820403
2012,uti,0.052798828
2012,nmp,0.021472968
2012,brd,0.046430039
2012,bnk,-0.001359968
2012,ore,-0.00103075
2012,edu,0.000628212
2012,ote,0.006543929
2012,man,0.002627607
2012,mch,0.016716011
2012,dat,0.002952685
2012,amd,0.077551954
2012,oil,0.024175397
2012,hos,-0.001321214
2012,rnt,0.041894534
2012,pla,0.023494734
2012,fof,0.011667064
2012,tsv,0.002444243
2012,nrs,0.010524506
2012,sec,0.002287805
2012,art,0.037180428
2012,mov,0.027997941
2012,fpd,0.042888862
2012,pri,0.012792415
2012,grd,0.010719755
2012,pip,0.237226277
2012,osv,0.0213268
2012,trn,-0.14108713
2012,fmt,0.01666485
2012,pet,0.093754179
2012,cep,0.018776113
2012,wst,0.01464141
2012,mot,0.02464645
2012,adm,0.007242169
2012,soc,0.003252422
2012,alt,0.058529157
2012,pmt,0.003280691
2012,trk,0.013872197
2012,wtt,-0.018104261
2012,wpd,0.020363339
2012,wrh,0.000982459
2012,che,0.018139776
2012,air,0.080762145
2012,mmf,0.0345268
2012,otr,0.001428769
2012,min,0.035649133
2013,ppd,0.01449128
2013,res,0.061750975
2013,com,0.006990405
2013,amb,0.000467648
2013,fbp,0.058427862
2013,rec,0.042022088
2013,con,0.001169151
2013,agr,-0.007315179
2013,eec,0.026471897
2013,pub,0.026061043
2013,hou,-0.019683564
2013,ins,0.014649932
2013,tex,0.041480328
2013,leg,0.040532513
2013,uti,0.049740435
2013,nmp,0.022491987
2013,brd,0.046296949
2013,bnk,-0.001003067
2013,ore,-0.001088297
2013,edu,0.000645786
2013,ote,0.006833629
2013,man,0.002545935
2013,mch,0.017650717
2013,dat,0.003071728
2013,amd,0.078853631
2013,oil,0.025806461
2013,hos,-0.00187329
2013,rnt,0.041023553
2013,pla,0.024623978
2013,fof,0.012081155
2013,tsv,0.002598252
2013,nrs,0.010994957
2013,sec,0.002341474
2013,art,0.036878098
2013,mov,0.028424856
2013,fpd,0.04451476
2013,pri,0.012833134
2013,grd,0.010735162
2013,pip,0.201388889
2013,osv,0.022517658
2013,trn,-0.137591194
2013,fmt,0.018896061
2013,pet,0.09416353
2013,cep,0.020132697
2013,wst,0.015298477
2013,mot,0.027928774
2013,adm,0.007447737
2013,soc,0.003570361
2013,alt,0.058383184
2013,pmt,0.003402371
2013,trk,0.013209167
2013,wtt,0.004027562
2013,wpd,0.020750277
2013,wrh,0.001059879
2013,che,0.018551393
2013,air,0.090012173
2013,mmf,0.038160124
2013,otr,0.00149734
2013,min,0.038669837
2014,ppd,0.014298466
2014,res,0.06153171
2014,com,0.007409414
2014,amb,0.000462108
2014,fbp,0.057510659
2014,rec,0.041756747
2014,con,0.001164352
2014,agr,-0.004148093
2014,eec,0.027189559
2014,pub,0.0256192
2014,hou,-0.018853152
2014,ins,0.02288396
2014,tex,0.041229118
2014,leg,0.042788797
2014,uti,0.046102536
2014,nmp,0.022418068
2014,brd,0.045137838
2014,bnk,-0.001185336
2014,ore,-0.001162068
2014,edu,0.000670283
2014,ote,0.006686967
2014,man,0.002630994
2014,mch,0.017184912
2014,dat,0.003213546
2014,amd,0.076240688
2014,oil,0.023882799
2014,hos,-0.001499406
2014,rnt,0.040525739
2014,pla,0.024606068
2014,fof,0.01081241
2014,fin,0.000410026
2014,tsv,0.00259509
2014,nrs,0.010825324
2014,sec,0.00235593
2014,art,0.035463115
2014,mov,0.029000831
2014,fpd,0.04363306
2014,pri,0.012987317
2014,grd,0.009972953
2014,pip,0.208722741
2014,osv,0.022525366
2014,trn,-0.119604974
2014,fmt,0.018402713
2014,pet,0.102404005
2014,cep,0.020322712
2014,wst,0.015694851
2014,mot,0.0262918
2014,adm,0.007301381
2014,soc,0.003616716
2014,alt,0.057876764
2014,pmt,0.003550723
2014,trk,0.012263949
2014,wtt,0.006322493
2014,wpd,0.020792614
2014,wrh,0.001093818
2014,che,0.019601678
2014,air,0.092972865
2014,mmf,0.039145979
2014,otr,0.001436877
2014,min,0.034389868
2015,ppd,0.015046218
2015,res,0.060757153
2015,com,0.00797684
2015,amb,0.000461877
2015,fbp,0.056834763
2015,rec,0.042701511
2015,con,0.001148945
2015,agr,-0.006887731
2015,eec,0.028353054
2015,pub,0.026297304
2015,hou,-0.018266844
2015,ins,0.026823385
2015,tex,0.043156818
2015,leg,0.045974976
2015,uti,0.047110996
2015,nmp,0.023399034
2015,brd,0.043446749
2015,bnk,-0.000794557
2015,ore,-0.000675065
2015,edu,0.000689905
2015,ote,0.007085263
2015,man,0.002676238
2015,mch,0.018867132
2015,dat,0.00324344
2015,amd,0.075278788
2015,oil,0.024901853
2015,hos,1.32056E-05
2015,rnt,0.041563983
2015,pla,0.025311231
2015,fof,0.008797966
2015,fin,0.000387356
2015,tsv,0.00260383
2015,nrs,0.01101274
2015,sec,0.002390032
2015,art,0.034576917
2015,mov,0.028360907
2015,fpd,0.044665122
2015,pri,0.013475745
2015,grd,0.010032025
2015,pip,0.212827988
2015,osv,0.022966948
2015,trn,-0.138530928
2015,fmt,0.019637798
2015,pet,0.138098143
2015,cep,0.020830527
2015,wst,0.016328332
2015,mot,0.025894942
2015,adm,0.007258452
2015,soc,0.0036562
2015,alt,0.05795471
2015,pmt,0.004110015
2015,trk,0.011957831
2015,wtt,0.007252216
2015,wpd,0.021894365
2015,wrh,0.001155817
2015,che,0.020788393
2015,air,0.097538331
2015,mmf,0.039711271
2015,otr,0.001423407
2015,min,0.02679908
2016,ppd,0.015319678
2016,res,0.061372812
2016,com,0.007854825
2016,amb,0.000462392
2016,fbp,0.057778125
2016,rec,0.04345811
2016,con,0.001134247
2016,agr,-0.011454308
2016,eec,0.029148169
2016,pub,0.025889968
2016,hou,-0.018834998
2016,ins,0.026913757
2016,tex,0.044239936
2016,leg,0.047666534
2016,uti,0.049531012
2016,nmp,0.024378075
2016,brd,0.041272814
2016,bnk,-0.000853668
2016,ore,-0.00051752
2016,edu,0.000696234
2016,ote,0.008101174
2016,man,0.002648551
2016,mch,0.020266134
2016,dat,0.003074686
2016,amd,0.078034709
2016,oil,0.023441557
2016,hos,0.000885297
2016,rnt,0.042501403
2016,pla,0.025514214
2016,fof,0.0084285
2016,fin,0.000736244
2016,tsv,0.002559063
2016,nrs,0.011358362
2016,sec,0.002384986
2016,art,0.034105487
2016,mov,0.027448653
2016,fpd,0.045547302
2016,pri,0.013804227
2016,grd,0.009958664
2016,pip,0.209770115
2016,osv,0.02283111
2016,trn,-0.156094276
2016,fmt,0.020770664
2016,pet,0.156202497
2016,cep,0.02016273
2016,wst,0.015970819
2016,mot,0.024739885
2016,adm,0.007035626
2016,soc,0.003664832
2016,alt,0.058723575
2016,pmt,0.004510947
2016,trk,0.011865125
2016,wtt,0.000685225
2016,wpd,0.022212579
2016,wrh,0.001183914
2016,che,0.021102803
2016,air,0.100750788
2016,mmf,0.036735115
2016,otr,0.001422186
2016,min,0.02575125
2017,ppd,0.015171437
2017,res,0.061111164
2017,com,0.007718316
2017,amb,0.000462814
2017,fbp,0.056952932
2017,rec,0.043435452
2017,con,0.001139324
2017,agr,-0.007823359
2017,eec,0.028420565
2017,pub,0.025411183
2017,hou,-0.017928451
2017,ins,0.016744981
2017,tex,0.043816474
2017,leg,0.046552252
2017,uti,0.048783518
2017,nmp,0.024344691
2017,brd,0.043128228
2017,bnk,-0.000708633
2017,ore,-0.000402224
2017,edu,0.00068481
2017,ote,0.007962986
2017,man,0.002580972
2017,mch,0.018786156
2017,dat,0.003038137
2017,amd,0.079776201
2017,oil,0.025260579
2017,hos,0.001632614
2017,rnt,0.043635373
2017,pla,0.025291329
2017,fof,0.008803956
2017,fin,0.000902881
2017,tsv,0.002530681
2017,nrs,0.011823001
2017,sec,0.002367437
2017,art,0.033193429
2017,mov,0.027330923
2017,fpd,0.044063196
2017,pri,0.012741444
2017,grd,0.010153305
2017,pip,0.208219178
2017,osv,0.022948806
2017,trn,-0.19197634
2017,fmt,0.020119865
2017,pet,0.138614936
2017,cep,0.019414486
2017,wst,0.016218231
2017,mot,0.024886591
2017,adm,0.006871673
2017,soc,0.003632018
2017,alt,0.05824421
2017,pmt,0.004327986
2017,trk,0.011255535
2017,wtt,0.004808457
2017,wpd,0.021773176
2017,wrh,0.001195909
2017,che,0.021922639
2017,air,0.103047319
2017,mmf,0.036066597
2017,otr,0.001440495
2017,min,0.028539425
