yr,va,j,Value
1997,surplus,ppd,22.55774981
1997,surplus,res,32.64305104
1997,surplus,com,9.560310051
1997,surplus,amb,56.78677502
1997,surplus,fbp,56.6756268
1997,surplus,rec,17.09687089
1997,surplus,con,107.2428519
1997,surplus,agr,72.56092193
1997,surplus,eec,19.11884929
1997,surplus,fnd,50.037407
1997,surplus,pub,43.57744841
1997,surplus,hou,660.8447746
1997,surplus,fbt,21.0282144
1997,surplus,ins,89.03836135
1997,surplus,tex,6.354768871
1997,surplus,leg,40.00960342
1997,surplus,fen,10.86502468
1997,surplus,uti,97.69795504
1997,surplus,nmp,16.79971716
1997,surplus,brd,123.5010085
1997,surplus,bnk,115.8627733
1997,surplus,ore,116.7344483
1997,surplus,edu,14.6480584
1997,surplus,ote,14.86425252
1997,surplus,man,14.58735466
1997,surplus,mch,27.86602529
1997,surplus,dat,9.262101397
1997,surplus,amd,22.29744355
1997,surplus,oil,33.44186564
1997,surplus,hos,21.26643016
1997,surplus,rnt,79.61198708
1997,surplus,pla,21.64211394
1997,surplus,fof,10.16600397
1997,surplus,fin,4.788717034
1997,surplus,tsv,113.3144844
1997,surplus,nrs,3.252607288
1997,surplus,sec,27.03596904
1997,surplus,art,14.49606327
1997,surplus,mov,19.8744303
1997,surplus,fpd,7.976054429
1997,surplus,slg,75.70118354
1997,surplus,pri,4.733568442
1997,surplus,grd,5.863455022
1997,surplus,pip,2.535076333
1997,surplus,sle,32.93651863
1997,surplus,osv,78.71124466
1997,surplus,trn,4.97610306
1997,surplus,smn,3.86299588
1997,surplus,fmt,37.46112797
1997,surplus,pet,35.07592525
1997,surplus,mvt,31.16896228
1997,surplus,cep,81.88604975
1997,surplus,wst,7.452008989
1997,surplus,mot,46.93796788
1997,surplus,adm,43.19031849
1997,surplus,soc,6.869912291
1997,surplus,alt,6.754074394
1997,surplus,pmt,15.0753465
1997,surplus,trk,25.09131134
1997,surplus,fdd,102.775658
1997,surplus,gmt,10.8830986
1997,surplus,wtt,2.910660641
1997,surplus,wpd,7.020123805
1997,surplus,wht,137.136254
1997,surplus,wrh,3.320552782
1997,surplus,ott,70.22342781
1997,surplus,che,104.5336223
1997,surplus,air,17.40567133
1997,surplus,mmf,19.83702243
1997,surplus,otr,14.10435297
1997,surplus,min,9.563916859
1997,compen,ppd,32.40111293
1997,compen,res,98.04729806
1997,compen,com,64.328762
1997,compen,amb,189.4468467
1997,compen,fbp,62.21140418
1997,compen,rec,21.7973556
1997,compen,con,229.7341837
1997,compen,agr,17.05875778
1997,compen,eec,27.03265152
1997,compen,fnd,72.59051374
1997,compen,pub,52.06997673
1997,compen,hou,8.827103075
1997,compen,fbt,57.17530861
1997,compen,ins,112.747453
1997,compen,tex,20.14047744
1997,compen,leg,60.57034449
1997,compen,fen,47.52607081
1997,compen,uti,42.14937746
1997,compen,nmp,22.06292917
1997,compen,brd,79.05610595
1997,compen,bnk,110.292998
1997,compen,ore,33.54448541
1997,compen,edu,59.48419517
1997,compen,ote,46.61624228
1997,compen,man,106.2506357
1997,compen,mch,72.26589226
1997,compen,dat,20.48353212
1997,compen,amd,37.67284825
1997,compen,oil,12.2623166
1997,compen,hos,140.4965314
1997,compen,rnt,19.17662465
1997,compen,pla,34.52256919
1997,compen,fof,9.430116325
1997,compen,fin,0.851103911
1997,compen,tsv,202.747227
1997,compen,nrs,53.26794555
1997,compen,sec,94.25012076
1997,compen,art,20.08034903
1997,compen,mov,18.80579408
1997,compen,fpd,19.54864581
1997,compen,slg,612.4224251
1997,compen,pri,32.01626277
1997,compen,grd,8.521661306
1997,compen,pip,3.589225959
1997,compen,sle,45.44833577
1997,compen,osv,141.2661234
1997,compen,trn,14.90878739
1997,compen,smn,9.092555633
1997,compen,fmt,70.98884754
1997,compen,pet,10.52595943
1997,compen,mvt,64.5506004
1997,compen,cep,109.4527074
1997,compen,wst,12.10540469
1997,compen,mot,63.18457479
1997,compen,adm,146.799382
1997,compen,soc,31.89837675
1997,compen,alt,17.88309329
1997,compen,pmt,35.86435217
1997,compen,trk,48.32310129
1997,compen,fdd,114.0500459
1997,compen,gmt,45.683486
1997,compen,wtt,3.25009931
1997,compen,wpd,19.08916443
1997,compen,wht,263.6852306
1997,compen,wrh,17.27924671
1997,compen,ott,168.0226235
1997,compen,che,64.22448218
1997,compen,air,32.22506646
1997,compen,mmf,31.33968845
1997,compen,otr,40.21704976
1997,compen,min,13.75490257
1998,surplus,ppd,22.7317485
1998,surplus,res,34.02281035
1998,surplus,com,8.474198062
1998,surplus,amb,56.47255583
1998,surplus,fbp,57.52082753
1998,surplus,rec,13.48962896
1998,surplus,con,122.5405003
1998,surplus,agr,66.83708893
1998,surplus,eec,11.69908356
1998,surplus,fnd,51.68009581
1998,surplus,pub,45.44034461
1998,surplus,hou,700.5333901
1998,surplus,fbt,24.05034406
1998,surplus,ins,101.3432556
1998,surplus,tex,6.576847104
1998,surplus,leg,43.54944526
1998,surplus,fen,12.0741435
1998,surplus,uti,88.33168311
1998,surplus,nmp,16.5202643
1998,surplus,brd,129.9129021
1998,surplus,bnk,135.515991
1998,surplus,ore,100.7576044
1998,surplus,edu,12.00958103
1998,surplus,ote,15.64630303
1998,surplus,man,15.23941328
1998,surplus,mch,36.59324987
1998,surplus,dat,11.15981025
1998,surplus,amd,22.22833438
1998,surplus,oil,18.15040978
1998,surplus,hos,21.31329448
1998,surplus,rnt,84.15530853
1998,surplus,pla,23.64990427
1998,surplus,fof,10.19348103
1998,surplus,fin,10.53807869
1998,surplus,tsv,112.0980185
1998,surplus,nrs,3.424940791
1998,surplus,sec,13.57337814
1998,surplus,art,15.93645635
1998,surplus,mov,27.83932516
1998,surplus,fpd,8.070261869
1998,surplus,slg,79.74218395
1998,surplus,pri,5.576314339
1998,surplus,grd,6.160067798
1998,surplus,pip,5.229206433
1998,surplus,sle,31.59857478
1998,surplus,osv,84.59133035
1998,surplus,trn,5.676493609
1998,surplus,smn,3.535685516
1998,surplus,fmt,35.58550879
1998,surplus,pet,37.56260905
1998,surplus,mvt,31.80046218
1998,surplus,cep,69.32864269
1998,surplus,wst,7.573344958
1998,surplus,mot,50.52327851
1998,surplus,adm,40.30810674
1998,surplus,soc,7.65619623
1998,surplus,alt,5.280153381
1998,surplus,pmt,15.00347388
1998,surplus,trk,29.36211464
1998,surplus,fdd,102.1180722
1998,surplus,gmt,12.44459154
1998,surplus,wtt,2.82202262
1998,surplus,wpd,6.444095572
1998,surplus,wht,145.2819146
1998,surplus,wrh,6.029833178
1998,surplus,ott,82.34565589
1998,surplus,che,109.3450372
1998,surplus,air,11.7991771
1998,surplus,mmf,20.22166792
1998,surplus,otr,14.45073393
1998,surplus,min,11.90140555
1998,compen,ppd,32.59085884
1998,compen,res,108.1152174
1998,compen,com,78.55878381
1998,compen,amb,197.1416853
1998,compen,fbp,66.21767373
1998,compen,rec,24.33383968
1998,compen,con,254.0966631
1998,compen,agr,18.03908279
1998,compen,eec,28.1312466
1998,compen,fnd,75.6607487
1998,compen,pub,61.15735086
1998,compen,hou,9.396771788
1998,compen,fbt,61.21797845
1998,compen,ins,122.1488048
1998,compen,tex,20.57932686
1998,compen,leg,65.68426692
1998,compen,fen,48.7705818
1998,compen,uti,43.13533027
1998,compen,nmp,23.31855862
1998,compen,brd,86.79667321
1998,compen,bnk,123.9050406
1998,compen,ore,37.53712707
1998,compen,edu,64.55362955
1998,compen,ote,49.99331083
1998,compen,man,118.8411539
1998,compen,mch,74.80237557
1998,compen,dat,23.86164126
1998,compen,amd,41.92628039
1998,compen,oil,12.30766086
1998,compen,hos,148.0979197
1998,compen,rnt,20.91863388
1998,compen,pla,36.64061256
1998,compen,fof,9.661067447
1998,compen,fin,0.94977528
1998,compen,tsv,223.7108901
1998,compen,nrs,56.17843154
1998,compen,sec,107.1415164
1998,compen,art,21.59333217
1998,compen,mov,19.24356547
1998,compen,fpd,21.14118255
1998,compen,slg,645.184946
1998,compen,pri,33.38496039
1998,compen,grd,9.209101356
1998,compen,pip,3.560098111
1998,compen,sle,48.06022748
1998,compen,osv,153.0964208
1998,compen,trn,15.89999421
1998,compen,smn,9.690852822
1998,compen,fmt,74.45254831
1998,compen,pet,10.59160017
1998,compen,mvt,69.11546686
1998,compen,cep,118.077791
1998,compen,wst,12.87702028
1998,compen,mot,71.22543671
1998,compen,adm,164.8702885
1998,compen,soc,34.58030309
1998,compen,alt,17.6232919
1998,compen,pmt,36.59668294
1998,compen,trk,51.73329589
1998,compen,fdd,113.5075619
1998,compen,gmt,48.90431473
1998,compen,wtt,3.135580689
1998,compen,wpd,20.34579704
1998,compen,wht,286.5029175
1998,compen,wrh,18.31389789
1998,compen,ott,179.8711828
1998,compen,che,66.7422339
1998,compen,air,36.12576855
1998,compen,mmf,33.93402304
1998,compen,otr,43.71562862
1998,compen,min,14.0017707
1999,surplus,ppd,25.50521718
1999,surplus,res,38.69303547
1999,surplus,com,6.798136054
1999,surplus,amb,59.92272508
1999,surplus,fbp,76.44906083
1999,surplus,rec,15.04333632
1999,surplus,con,134.6215411
1999,surplus,agr,65.57303957
1999,surplus,eec,14.26108788
1999,surplus,fnd,54.31430988
1999,surplus,pub,66.52148186
1999,surplus,hou,749.9059445
1999,surplus,fbt,24.01520423
1999,surplus,ins,93.07555235
1999,surplus,tex,7.143271106
1999,surplus,leg,46.90024679
1999,surplus,fen,12.0981762
1999,surplus,uti,99.23103717
1999,surplus,nmp,17.64061818
1999,surplus,brd,128.0805683
1999,surplus,bnk,164.6106013
1999,surplus,ore,119.5148381
1999,surplus,edu,14.3217409
1999,surplus,ote,21.51871498
1999,surplus,man,16.45811809
1999,surplus,mch,32.60376621
1999,surplus,dat,13.6761884
1999,surplus,amd,25.27556876
1999,surplus,oil,23.41369378
1999,surplus,hos,22.38784649
1999,surplus,rnt,95.61375188
1999,surplus,pla,25.71921927
1999,surplus,fof,10.11058137
1999,surplus,fin,14.16707543
1999,surplus,tsv,124.6418973
1999,surplus,nrs,3.526416668
1999,surplus,sec,3.472173032
1999,surplus,art,17.20781011
1999,surplus,mov,38.71671366
1999,surplus,fpd,8.575705539
1999,surplus,slg,84.87265763
1999,surplus,pri,7.137145761
1999,surplus,grd,6.574718962
1999,surplus,pip,5.551806343
1999,surplus,sle,33.1375149
1999,surplus,osv,89.53439871
1999,surplus,trn,5.521642112
1999,surplus,smn,1.642551171
1999,surplus,fmt,37.85583901
1999,surplus,pet,32.29648675
1999,surplus,mvt,34.45926439
1999,surplus,cep,53.76067776
1999,surplus,wst,9.079358534
1999,surplus,mot,55.45958348
1999,surplus,adm,44.77026692
1999,surplus,soc,8.242597832
1999,surplus,alt,5.444893909
1999,surplus,pmt,11.47315746
1999,surplus,trk,30.97842039
1999,surplus,fdd,101.5383091
1999,surplus,gmt,12.5158361
1999,surplus,wtt,2.659011664
1999,surplus,wpd,7.006362629
1999,surplus,wht,147.9050407
1999,surplus,wrh,6.813957531
1999,surplus,ott,79.7267068
1999,surplus,che,113.7580942
1999,surplus,air,9.563519592
1999,surplus,mmf,21.06165618
1999,surplus,otr,11.40941535
1999,surplus,min,12.60818682
1999,compen,ppd,33.41238617
1999,compen,res,118.0363456
1999,compen,com,93.22559764
1999,compen,amb,205.9556411
1999,compen,fbp,69.00812897
1999,compen,rec,26.10399372
1999,compen,con,279.2615135
1999,compen,agr,18.69794461
1999,compen,eec,29.49084211
1999,compen,fnd,79.59357377
1999,compen,pub,70.41896392
1999,compen,hou,9.895592599
1999,compen,fbt,62.70862001
1999,compen,ins,127.6896899
1999,compen,tex,20.40140463
1999,compen,leg,68.91722363
1999,compen,fen,50.04970085
1999,compen,uti,47.24229125
1999,compen,nmp,24.46908385
1999,compen,brd,100.2206422
1999,compen,bnk,130.8904858
1999,compen,ore,40.88470201
1999,compen,edu,69.68696939
1999,compen,ote,51.00662015
1999,compen,man,126.5912689
1999,compen,mch,75.90645412
1999,compen,dat,25.99151551
1999,compen,amd,46.48118966
1999,compen,oil,12.31942317
1999,compen,hos,155.8589254
1999,compen,rnt,22.46767505
1999,compen,pla,38.6002309
1999,compen,fof,10.60785568
1999,compen,fin,1.010713985
1999,compen,tsv,242.2392488
1999,compen,nrs,59.82506869
1999,compen,sec,118.5249045
1999,compen,art,23.8204096
1999,compen,mov,19.46600618
1999,compen,fpd,22.55504904
1999,compen,slg,686.6552262
1999,compen,pri,34.22136617
1999,compen,grd,10.23145029
1999,compen,pip,3.876683667
1999,compen,sle,51.10982825
1999,compen,osv,159.7549428
1999,compen,trn,16.41837673
1999,compen,smn,8.996770329
1999,compen,fmt,76.33082026
1999,compen,pet,11.01299349
1999,compen,mvt,73.37698257
1999,compen,cep,128.1874975
1999,compen,wst,13.65964491
1999,compen,mot,76.99340327
1999,compen,adm,178.4232851
1999,compen,soc,38.78117302
1999,compen,alt,16.42081005
1999,compen,pmt,37.0403058
1999,compen,trk,56.23081111
1999,compen,fdd,115.1290052
1999,compen,gmt,50.72650059
1999,compen,wtt,3.292691838
1999,compen,wpd,21.58158452
1999,compen,wht,299.6154043
1999,compen,wrh,17.32848717
1999,compen,ott,189.8957248
1999,compen,che,69.83103068
1999,compen,air,39.35240379
1999,compen,mmf,35.39397042
1999,compen,otr,45.17540333
1999,compen,min,13.55541599
2000,surplus,ppd,27.74144209
2000,surplus,res,44.47281388
2000,surplus,com,16.33401309
2000,surplus,amb,63.99013962
2000,surplus,fbp,73.74323852
2000,surplus,rec,15.55841978
2000,surplus,con,148.4278376
2000,surplus,agr,71.42547239
2000,surplus,eec,13.52601885
2000,surplus,fnd,57.56770799
2000,surplus,pub,37.65554798
2000,surplus,hou,799.3498696
2000,surplus,fbt,23.17392962
2000,surplus,ins,127.3329831
2000,surplus,tex,6.822395283
2000,surplus,leg,48.93026051
2000,surplus,fen,10.58399727
2000,surplus,uti,94.87610287
2000,surplus,nmp,15.4994027
2000,surplus,brd,136.1874327
2000,surplus,bnk,176.0625505
2000,surplus,ore,121.7407182
2000,surplus,edu,16.56925713
2000,surplus,ote,19.58833598
2000,surplus,man,17.65684015
2000,surplus,mch,30.33571102
2000,surplus,dat,10.27542555
2000,surplus,amd,29.99293903
2000,surplus,oil,44.33398116
2000,surplus,hos,22.58850355
2000,surplus,rnt,101.2237077
2000,surplus,pla,23.70834083
2000,surplus,fof,10.80075462
2000,surplus,fin,12.17700486
2000,surplus,tsv,128.7965014
2000,surplus,nrs,3.376069652
2000,surplus,sec,3.733856954
2000,surplus,art,19.16049473
2000,surplus,mov,31.51083712
2000,surplus,fpd,9.212448289
2000,surplus,slg,91.24548902
2000,surplus,pri,7.681801793
2000,surplus,grd,7.042466591
2000,surplus,pip,3.206515164
2000,surplus,sle,31.20306711
2000,surplus,osv,95.3721899
2000,surplus,trn,6.661929327
2000,surplus,smn,3.655043726
2000,surplus,fmt,39.01255998
2000,surplus,pet,39.79828072
2000,surplus,mvt,34.38475782
2000,surplus,cep,70.90870029
2000,surplus,wst,9.624344832
2000,surplus,mot,55.19739809
2000,surplus,adm,46.82108523
2000,surplus,soc,9.32866935
2000,surplus,alt,5.901448297
2000,surplus,pmt,11.50314708
2000,surplus,trk,34.34866829
2000,surplus,fdd,102.9372696
2000,surplus,gmt,12.0836066
2000,surplus,wtt,4.117343529
2000,surplus,wpd,5.464109693
2000,surplus,wht,157.089306
2000,surplus,wrh,6.252485938
2000,surplus,ott,81.87812174
2000,surplus,che,108.8838275
2000,surplus,air,5.638690482
2000,surplus,mmf,20.83663076
2000,surplus,otr,15.01603644
2000,surplus,min,12.16733747
2000,compen,ppd,33.88649824
2000,compen,res,125.288529
2000,compen,com,106.2628946
2000,compen,amb,218.5688983
2000,compen,fbp,71.56231638
2000,compen,rec,28.83987559
2000,compen,con,308.3475223
2000,compen,agr,19.56232076
2000,compen,eec,31.25093924
2000,compen,fnd,86.06471984
2000,compen,pub,75.69885673
2000,compen,hou,10.79378883
2000,compen,fbt,65.37000768
2000,compen,ins,133.7195181
2000,compen,tex,20.25162676
2000,compen,leg,75.13700682
2000,compen,fen,53.92932118
2000,compen,uti,50.26279361
2000,compen,nmp,25.93921883
2000,compen,brd,109.6641813
2000,compen,bnk,134.5646723
2000,compen,ore,43.91556495
2000,compen,edu,74.58820879
2000,compen,ote,51.33989622
2000,compen,man,147.717519
2000,compen,mch,80.0057225
2000,compen,dat,31.69637907
2000,compen,amd,49.99557188
2000,compen,oil,13.35468081
2000,compen,hos,163.1729126
2000,compen,rnt,24.32995041
2000,compen,pla,40.11874492
2000,compen,fof,10.51196439
2000,compen,fin,1.092462149
2000,compen,tsv,273.2303443
2000,compen,nrs,64.08933877
2000,compen,sec,140.8578626
2000,compen,art,26.49953755
2000,compen,mov,20.41302039
2000,compen,fpd,23.76976574
2000,compen,slg,730.4176317
2000,compen,pri,35.09202589
2000,compen,grd,10.4743082
2000,compen,pip,4.803420307
2000,compen,sle,54.55490453
2000,compen,osv,171.8205642
2000,compen,trn,16.11401319
2000,compen,smn,9.804129406
2000,compen,fmt,80.30731165
2000,compen,pet,11.06267445
2000,compen,mvt,77.14592602
2000,compen,cep,149.0711589
2000,compen,wst,14.30068583
2000,compen,mot,79.99174859
2000,compen,adm,203.9729852
2000,compen,soc,42.33650122
2000,compen,alt,15.71805206
2000,compen,pmt,37.68547908
2000,compen,trk,58.65432645
2000,compen,fdd,119.5685867
2000,compen,gmt,55.29225463
2000,compen,wtt,3.339077651
2000,compen,wpd,22.06525825
2000,compen,wht,324.9779071
2000,compen,wrh,19.92500063
2000,compen,ott,203.9532066
2000,compen,che,73.90951146
2000,compen,air,41.99069936
2000,compen,mmf,37.1548937
2000,compen,otr,49.42593603
2000,compen,min,13.03593609
2001,surplus,ppd,19.74660353
2001,surplus,res,45.49440074
2001,surplus,com,3.128302591
2001,surplus,amb,71.33823181
2001,surplus,fbp,83.11318975
2001,surplus,rec,9.707662545
2001,surplus,con,155.9527465
2001,surplus,agr,72.36398185
2001,surplus,eec,13.32909491
2001,surplus,fnd,59.74645693
2001,surplus,pub,37.41664931
2001,surplus,hou,857.7201667
2001,surplus,fbt,26.71109567
2001,surplus,ins,105.4008588
2001,surplus,tex,5.703852758
2001,surplus,leg,54.00752213
2001,surplus,fen,8.201084223
2001,surplus,uti,99.87724115
2001,surplus,nmp,14.18283639
2001,surplus,brd,139.8876475
2001,surplus,bnk,183.6896092
2001,surplus,ore,134.3221867
2001,surplus,edu,18.23524378
2001,surplus,ote,24.04920806
2001,surplus,man,18.1846558
2001,surplus,mch,28.20036363
2001,surplus,dat,18.03013917
2001,surplus,amd,26.60829967
2001,surplus,oil,50.95585711
2001,surplus,hos,23.69194952
2001,surplus,rnt,113.874204
2001,surplus,pla,23.39324647
2001,surplus,fof,10.40889506
2001,surplus,fin,13.29627721
2001,surplus,tsv,137.1971725
2001,surplus,nrs,3.529768546
2001,surplus,sec,29.15569612
2001,surplus,art,19.73592345
2001,surplus,mov,38.74058898
2001,surplus,fpd,7.939639454
2001,surplus,slg,96.81894285
2001,surplus,pri,7.730816176
2001,surplus,grd,7.396632967
2001,surplus,pip,9.817373388
2001,surplus,sle,29.31373379
2001,surplus,osv,76.19324019
2001,surplus,trn,6.80520458
2001,surplus,smn,7.870958487
2001,surplus,fmt,32.15094676
2001,surplus,pet,54.5792177
2001,surplus,mvt,29.20314302
2001,surplus,cep,32.01457607
2001,surplus,wst,11.35576084
2001,surplus,mot,49.78090143
2001,surplus,adm,53.24031731
2001,surplus,soc,10.78197487
2001,surplus,alt,4.762480558
2001,surplus,pmt,7.506323606
2001,surplus,trk,32.86844412
2001,surplus,fdd,102.058099
2001,surplus,gmt,12.79626441
2001,surplus,wtt,4.355772785
2001,surplus,wpd,5.124205776
2001,surplus,wht,149.3257676
2001,surplus,wrh,5.243674549
2001,surplus,ott,89.52909223
2001,surplus,che,112.7198616
2001,surplus,air,0.500684548
2001,surplus,mmf,18.99414042
2001,surplus,otr,18.34300223
2001,surplus,min,11.71307533
2001,compen,ppd,33.30592434
2001,compen,res,132.8423266
2001,compen,com,111.8066322
2001,compen,amb,234.8993981
2001,compen,fbp,73.36961402
2001,compen,rec,30.17934488
2001,compen,con,326.6331088
2001,compen,agr,20.75756136
2001,compen,eec,30.28606645
2001,compen,fnd,88.66477812
2001,compen,pub,75.97101089
2001,compen,hou,11.14837035
2001,compen,fbt,67.75325323
2001,compen,ins,143.2234618
2001,compen,tex,18.50483534
2001,compen,leg,81.2056702
2001,compen,fen,53.91765964
2001,compen,uti,54.0877133
2001,compen,nmp,26.16700819
2001,compen,brd,109.5805804
2001,compen,bnk,151.6596519
2001,compen,ore,45.66812019
2001,compen,edu,79.95391248
2001,compen,ote,51.62528507
2001,compen,man,150.8532477
2001,compen,mch,75.52149709
2001,compen,dat,33.50550068
2001,compen,amd,50.79811896
2001,compen,oil,14.11253127
2001,compen,hos,177.0937233
2001,compen,rnt,24.68624053
2001,compen,pla,38.91004297
2001,compen,fof,10.45379109
2001,compen,fin,1.183839188
2001,compen,tsv,284.8616878
2001,compen,nrs,68.81647164
2001,compen,sec,155.0735281
2001,compen,art,27.93406132
2001,compen,mov,22.47160681
2001,compen,fpd,22.78780927
2001,compen,slg,784.4436851
2001,compen,pri,34.33739165
2001,compen,grd,10.76465325
2001,compen,pip,4.71651108
2001,compen,sle,61.86830765
2001,compen,osv,178.0492995
2001,compen,trn,15.88236011
2001,compen,smn,11.42692518
2001,compen,fmt,77.84551012
2001,compen,pet,12.06966429
2001,compen,mvt,81.36193595
2001,compen,cep,136.9678884
2001,compen,wst,15.19688414
2001,compen,mot,74.02454552
2001,compen,adm,209.1696293
2001,compen,soc,44.15418265
2001,compen,alt,14.34024742
2001,compen,pmt,34.95407896
2001,compen,trk,59.52573547
2001,compen,fdd,125.9962138
2001,compen,gmt,57.47678636
2001,compen,wtt,3.662855388
2001,compen,wpd,21.55304102
2001,compen,wht,328.7913113
2001,compen,wrh,20.15952608
2001,compen,ott,207.8005685
2001,compen,che,74.72842337
2001,compen,air,44.51937816
2001,compen,mmf,37.40278331
2001,compen,otr,49.70195629
2001,compen,min,13.19851939
2002,surplus,ppd,20.83010898
2002,surplus,res,52.29305352
2002,surplus,com,8.329715585
2002,surplus,amb,77.17654854
2002,surplus,fbp,82.29797227
2002,surplus,rec,9.78374004
2002,surplus,con,160.4885435
2002,surplus,agr,58.9636313
2002,surplus,eec,14.59306875
2002,surplus,fnd,61.5856441
2002,surplus,pub,64.59525838
2002,surplus,hou,893.5428861
2002,surplus,fbt,28.01583663
2002,surplus,ins,89.18866077
2002,surplus,tex,5.791016405
2002,surplus,leg,56.1428439
2002,surplus,fen,12.15631073
2002,surplus,uti,86.84826177
2002,surplus,nmp,14.85897592
2002,surplus,brd,143.3279653
2002,surplus,bnk,214.9758247
2002,surplus,ore,159.4937361
2002,surplus,edu,13.53422633
2002,surplus,ote,20.56267736
2002,surplus,man,19.05129832
2002,surplus,mch,26.81731293
2002,surplus,dat,26.34217591
2002,surplus,amd,29.89637666
2002,surplus,oil,45.57438409
2002,surplus,hos,27.40533469
2002,surplus,rnt,111.2829235
2002,surplus,pla,22.88618156
2002,surplus,fof,9.904086237
2002,surplus,fin,15.03828465
2002,surplus,tsv,163.6635809
2002,surplus,nrs,4.000079417
2002,surplus,sec,25.22362008
2002,surplus,art,22.82777962
2002,surplus,mov,45.47779788
2002,surplus,fpd,8.399801709
2002,surplus,slg,101.2719376
2002,surplus,pri,8.692034988
2002,surplus,grd,7.487080502
2002,surplus,pip,4.976690397
2002,surplus,sle,28.68606763
2002,surplus,osv,83.11889409
2002,surplus,trn,6.030882145
2002,surplus,smn,4.407524094
2002,surplus,fmt,30.00382894
2002,surplus,pet,37.73976407
2002,surplus,mvt,32.66821546
2002,surplus,cep,47.1754036
2002,surplus,wst,12.58079818
2002,surplus,mot,58.89183448
2002,surplus,adm,53.12641998
2002,surplus,soc,10.6118665
2002,surplus,alt,5.067352438
2002,surplus,pmt,11.51939668
2002,surplus,trk,32.39446217
2002,surplus,fdd,103.0818972
2002,surplus,gmt,13.42306907
2002,surplus,wtt,3.22385715
2002,surplus,wpd,5.137872409
2002,surplus,wht,147.4202648
2002,surplus,wrh,5.554854999
2002,surplus,ott,92.15044493
2002,surplus,che,126.5590039
2002,surplus,air,12.8040271
2002,surplus,mmf,22.61997215
2002,surplus,otr,20.84844598
2002,surplus,min,12.07709224
2002,compen,ppd,32.4627316
2002,compen,res,138.4249691
2002,compen,com,99.48017339
2002,compen,amb,251.5885328
2002,compen,fbp,74.56777796
2002,compen,rec,31.77236271
2002,compen,con,327.3262624
2002,compen,agr,20.73611888
2002,compen,eec,28.02468914
2002,compen,fnd,97.71234245
2002,compen,pub,69.60282106
2002,compen,hou,11.93853816
2002,compen,fbt,69.29143238
2002,compen,ins,147.2151271
2002,compen,tex,17.45354901
2002,compen,leg,85.31861178
2002,compen,fen,54.51726572
2002,compen,uti,54.85428072
2002,compen,nmp,25.75370084
2002,compen,brd,104.7590291
2002,compen,bnk,161.8555371
2002,compen,ore,49.29222708
2002,compen,edu,88.99754805
2002,compen,ote,50.84254379
2002,compen,man,150.9555528
2002,compen,mch,69.51178605
2002,compen,dat,33.62585184
2002,compen,amd,49.91985183
2002,compen,oil,13.27587249
2002,compen,hos,191.7024543
2002,compen,rnt,25.09923558
2002,compen,pla,38.6006886
2002,compen,fof,10.80020342
2002,compen,fin,1.193770077
2002,compen,tsv,285.5168274
2002,compen,nrs,74.4066798
2002,compen,sec,138.0341148
2002,compen,art,29.69014903
2002,compen,mov,21.74864042
2002,compen,fpd,22.32759311
2002,compen,slg,827.8662389
2002,compen,pri,32.64377506
2002,compen,grd,11.08408003
2002,compen,pip,3.649315715
2002,compen,sle,65.58944628
2002,compen,osv,189.258531
2002,compen,trn,15.48263876
2002,compen,smn,10.35768162
2002,compen,fmt,74.22395342
2002,compen,pet,11.22660055
2002,compen,mvt,84.28040019
2002,compen,cep,119.9514048
2002,compen,wst,15.80952499
2002,compen,mot,73.6759277
2002,compen,adm,212.2231885
2002,compen,soc,48.06968661
2002,compen,alt,12.62179158
2002,compen,pmt,32.16915254
2002,compen,trk,59.0475594
2002,compen,fdd,143.0877204
2002,compen,gmt,60.85534377
2002,compen,wtt,3.77290278
2002,compen,wpd,21.40018267
2002,compen,wht,326.5813362
2002,compen,wrh,20.53969727
2002,compen,ott,210.3219136
2002,compen,che,73.91589786
2002,compen,air,38.54200818
2002,compen,mmf,36.91303053
2002,compen,otr,49.43393047
2002,compen,min,12.28384411
2003,surplus,ppd,17.86381456
2003,surplus,res,51.62272256
2003,surplus,com,15.55829845
2003,surplus,amb,77.77189012
2003,surplus,fbp,81.97904013
2003,surplus,rec,10.60021923
2003,surplus,con,183.313689
2003,surplus,agr,79.14846992
2003,surplus,eec,16.77354057
2003,surplus,fnd,63.84016695
2003,surplus,pub,71.15291799
2003,surplus,hou,921.5452344
2003,surplus,fbt,28.87297961
2003,surplus,ins,109.6594056
2003,surplus,tex,1.271937059
2003,surplus,leg,61.22281305
2003,surplus,fen,11.96434669
2003,surplus,uti,92.62645765
2003,surplus,nmp,15.01496878
2003,surplus,brd,150.4515667
2003,surplus,bnk,215.3198912
2003,surplus,ore,175.7042769
2003,surplus,edu,17.95000062
2003,surplus,ote,19.89194791
2003,surplus,man,20.23662043
2003,surplus,mch,26.17094438
2003,surplus,dat,28.34261253
2003,surplus,amd,29.32843807
2003,surplus,oil,65.90554165
2003,surplus,hos,29.29096057
2003,surplus,rnt,107.1560093
2003,surplus,pla,22.40130125
2003,surplus,fof,10.74754459
2003,surplus,fin,18.30517588
2003,surplus,tsv,162.7971409
2003,surplus,nrs,4.163050643
2003,surplus,sec,12.42742981
2003,surplus,art,25.9878227
2003,surplus,mov,41.54249009
2003,surplus,fpd,7.65502386
2003,surplus,slg,105.1029041
2003,surplus,pri,9.290135162
2003,surplus,grd,9.053449354
2003,surplus,pip,5.257803418
2003,surplus,sle,28.15416203
2003,surplus,osv,74.44701383
2003,surplus,trn,7.288875798
2003,surplus,smn,5.205514518
2003,surplus,fmt,32.95913464
2003,surplus,pet,67.10119396
2003,surplus,mvt,30.83939279
2003,surplus,cep,71.85165328
2003,surplus,wst,13.59377706
2003,surplus,mot,64.89338958
2003,surplus,adm,64.54696059
2003,surplus,soc,12.01058884
2003,surplus,alt,3.113897959
2003,surplus,pmt,9.743907115
2003,surplus,trk,35.33014719
2003,surplus,fdd,106.5129007
2003,surplus,gmt,15.00387759
2003,surplus,wtt,4.180924355
2003,surplus,wpd,6.361435409
2003,surplus,wht,161.8821262
2003,surplus,wrh,6.455869663
2003,surplus,ott,103.8335461
2003,surplus,che,126.9266367
2003,surplus,air,5.043876351
2003,surplus,mmf,22.42284845
2003,surplus,otr,20.44865762
2003,surplus,min,13.55667963
2003,compen,ppd,32.38013526
2003,compen,res,147.4617081
2003,compen,com,97.99158724
2003,compen,amb,267.361678
2003,compen,fbp,77.28951684
2003,compen,rec,32.95449129
2003,compen,con,336.1114643
2003,compen,agr,20.38125576
2003,compen,eec,27.71876608
2003,compen,fnd,107.4941411
2003,compen,pub,71.6483073
2003,compen,hou,11.87978003
2003,compen,fbt,71.36725396
2003,compen,ins,154.6758519
2003,compen,tex,16.68920531
2003,compen,leg,90.05464975
2003,compen,fen,54.44887877
2003,compen,uti,53.09806519
2003,compen,nmp,25.80196771
2003,compen,brd,104.5205196
2003,compen,bnk,176.9896384
2003,compen,ore,51.01201969
2003,compen,edu,94.66763272
2003,compen,ote,51.28242184
2003,compen,man,160.3410107
2003,compen,mch,68.72361724
2003,compen,dat,33.50001733
2003,compen,amd,51.09410252
2003,compen,oil,13.64441688
2003,compen,hos,208.3211497
2003,compen,rnt,24.89527583
2003,compen,pla,38.77320894
2003,compen,fof,11.11207071
2003,compen,fin,1.291549756
2003,compen,tsv,291.3827506
2003,compen,nrs,78.78573336
2003,compen,sec,131.7869309
2003,compen,art,31.25016377
2003,compen,mov,22.30768497
2003,compen,fpd,22.2428432
2003,compen,slg,863.8511673
2003,compen,pri,32.1487046
2003,compen,grd,11.46416666
2003,compen,pip,3.592365963
2003,compen,sle,68.90476547
2003,compen,osv,197.0044259
2003,compen,trn,15.80753806
2003,compen,smn,11.08653063
2003,compen,fmt,73.77634213
2003,compen,pet,12.13628796
2003,compen,mvt,87.51499223
2003,compen,cep,115.6803229
2003,compen,wst,16.54752098
2003,compen,mot,75.532469
2003,compen,adm,219.4370071
2003,compen,soc,52.03688601
2003,compen,alt,11.96256625
2003,compen,pmt,31.5377168
2003,compen,trk,60.40524563
2003,compen,fdd,165.5148281
2003,compen,gmt,64.90441431
2003,compen,wtt,3.864541043
2003,compen,wpd,21.63584364
2003,compen,wht,334.8161387
2003,compen,wrh,21.80627134
2003,compen,ott,217.5351804
2003,compen,che,75.9305829
2003,compen,air,41.35318997
2003,compen,mmf,38.22787692
2003,compen,otr,51.60399986
2003,compen,min,12.45531133
2004,surplus,ppd,20.09551237
2004,surplus,res,53.17485062
2004,surplus,com,15.92723358
2004,surplus,amb,80.42485102
2004,surplus,fbp,76.97823786
2004,surplus,rec,12.13939745
2004,surplus,con,219.6545963
2004,surplus,agr,102.371274
2004,surplus,eec,12.46717052
2004,surplus,fnd,66.66498817
2004,surplus,pub,85.41884268
2004,surplus,hou,979.6556025
2004,surplus,fbt,29.27308589
2004,surplus,ins,139.1674689
2004,surplus,tex,4.96964543
2004,surplus,leg,68.00963307
2004,surplus,fen,10.28204198
2004,surplus,uti,102.7688549
2004,surplus,nmp,17.41644852
2004,surplus,brd,170.1506798
2004,surplus,bnk,179.1735206
2004,surplus,ore,173.1891599
2004,surplus,edu,22.2302053
2004,surplus,ote,18.05863322
2004,surplus,man,21.15136243
2004,surplus,mch,29.6200497
2004,surplus,dat,37.26106882
2004,surplus,amd,32.89532576
2004,surplus,oil,81.23621077
2004,surplus,hos,33.52326159
2004,surplus,rnt,101.4052192
2004,surplus,pla,23.00146701
2004,surplus,fof,9.873773043
2004,surplus,fin,18.99064498
2004,surplus,tsv,172.6283272
2004,surplus,nrs,4.480869771
2004,surplus,sec,2.827079955
2004,surplus,art,27.14474571
2004,surplus,mov,45.31264019
2004,surplus,fpd,7.357142266
2004,surplus,slg,111.608026
2004,surplus,pri,9.678954113
2004,surplus,grd,9.901610481
2004,surplus,pip,5.355085868
2004,surplus,sle,27.72479781
2004,surplus,osv,76.98787065
2004,surplus,trn,8.524839184
2004,surplus,smn,6.726757047
2004,surplus,fmt,35.26714512
2004,surplus,pet,89.50062732
2004,surplus,mvt,30.25775869
2004,surplus,cep,75.91764736
2004,surplus,wst,12.11893084
2004,surplus,mot,60.03772887
2004,surplus,adm,72.70549735
2004,surplus,soc,11.55704897
2004,surplus,alt,2.369789366
2004,surplus,pmt,25.15366132
2004,surplus,trk,39.25034775
2004,surplus,fdd,111.927959
2004,surplus,gmt,14.74328358
2004,surplus,wtt,4.712100087
2004,surplus,wpd,8.669871442
2004,surplus,wht,187.6055157
2004,surplus,wrh,7.666540422
2004,surplus,ott,105.1457365
2004,surplus,che,140.4820531
2004,surplus,air,7.67589988
2004,surplus,mmf,22.25106128
2004,surplus,otr,23.97326526
2004,surplus,min,16.74833438
2004,compen,ppd,31.86707845
2004,compen,res,157.7983365
2004,compen,com,104.728941
2004,compen,amb,288.6157494
2004,compen,fbp,78.5555588
2004,compen,rec,34.51442525
2004,compen,con,358.2199058
2004,compen,agr,22.05582202
2004,compen,eec,28.56526441
2004,compen,fnd,112.6608442
2004,compen,pub,72.23806542
2004,compen,hou,12.41769178
2004,compen,fbt,72.11124001
2004,compen,ins,164.6497969
2004,compen,tex,16.39923378
2004,compen,leg,94.17705168
2004,compen,fen,58.31548899
2004,compen,uti,55.82177439
2004,compen,nmp,26.57765575
2004,compen,brd,107.5041644
2004,compen,bnk,185.0200163
2004,compen,ore,56.56709362
2004,compen,edu,102.1903246
2004,compen,ote,56.30257107
2004,compen,man,176.2948188
2004,compen,mch,71.84026974
2004,compen,dat,35.61540931
2004,compen,amd,55.04287241
2004,compen,oil,15.57727341
2004,compen,hos,223.70363
2004,compen,rnt,26.43270184
2004,compen,pla,39.15902793
2004,compen,fof,12.72375963
2004,compen,fin,1.545281646
2004,compen,tsv,309.3650661
2004,compen,nrs,82.926617
2004,compen,sec,152.7799831
2004,compen,art,32.67194731
2004,compen,mov,24.21016835
2004,compen,fpd,23.08140605
2004,compen,slg,906.3807717
2004,compen,pri,32.25518701
2004,compen,grd,12.23540426
2004,compen,pip,3.599732462
2004,compen,sle,73.19714779
2004,compen,osv,206.4364584
2004,compen,trn,16.38583124
2004,compen,smn,12.73968334
2004,compen,fmt,77.42740493
2004,compen,pet,12.49973646
2004,compen,mvt,89.50487369
2004,compen,cep,119.4949323
2004,compen,wst,17.45324306
2004,compen,mot,76.08997837
2004,compen,adm,236.1998574
2004,compen,soc,55.03394735
2004,compen,alt,11.79141319
2004,compen,pmt,32.89712275
2004,compen,trk,63.65909429
2004,compen,fdd,177.1733125
2004,compen,gmt,67.65504775
2004,compen,wtt,4.223041979
2004,compen,wpd,23.11435267
2004,compen,wht,354.9207092
2004,compen,wrh,25.39317024
2004,compen,ott,226.5151876
2004,compen,che,77.86565671
2004,compen,air,40.94844114
2004,compen,mmf,40.00527783
2004,compen,otr,55.78514807
2004,compen,min,13.39210031
2005,surplus,ppd,18.88286777
2005,surplus,res,52.41567527
2005,surplus,com,17.54369558
2005,surplus,amb,84.34988123
2005,surplus,fbp,77.28916116
2005,surplus,rec,13.15605953
2005,surplus,con,256.4621783
2005,surplus,agr,97.49554607
2005,surplus,eec,12.92099183
2005,surplus,fnd,69.97249913
2005,surplus,pub,95.26431256
2005,surplus,hou,1050.495641
2005,surplus,fbt,31.98664088
2005,surplus,ins,155.8589102
2005,surplus,tex,4.414437536
2005,surplus,leg,70.84604942
2005,surplus,fen,6.624447157
2005,surplus,uti,98.47868442
2005,surplus,nmp,19.38873076
2005,surplus,brd,192.6361789
2005,surplus,bnk,199.432162
2005,surplus,ore,199.6180125
2005,surplus,edu,21.96901623
2005,surplus,ote,30.74034314
2005,surplus,man,21.9510638
2005,surplus,mch,36.0921909
2005,surplus,dat,33.68926951
2005,surplus,amd,35.45955158
2005,surplus,oil,117.6209581
2005,surplus,hos,29.44508439
2005,surplus,rnt,103.6934073
2005,surplus,pla,21.11426859
2005,surplus,fof,10.21773747
2005,surplus,fin,21.21845717
2005,surplus,tsv,173.4526956
2005,surplus,nrs,4.024419679
2005,surplus,sec,26.42853377
2005,surplus,art,28.34477216
2005,surplus,mov,33.2151846
2005,surplus,fpd,9.639418557
2005,surplus,slg,121.9795024
2005,surplus,pri,10.99080542
2005,surplus,grd,9.881068323
2005,surplus,pip,4.452921999
2005,surplus,sle,30.28726496
2005,surplus,osv,85.87461415
2005,surplus,trn,10.43152327
2005,surplus,smn,10.32855926
2005,surplus,fmt,39.00096626
2005,surplus,pet,125.3404295
2005,surplus,mvt,30.65416614
2005,surplus,cep,81.78885348
2005,surplus,wst,12.37709459
2005,surplus,mot,57.70227817
2005,surplus,adm,84.62701048
2005,surplus,soc,11.77514364
2005,surplus,alt,2.193271067
2005,surplus,pmt,25.4018351
2005,surplus,trk,42.1625524
2005,surplus,fdd,118.1676362
2005,surplus,gmt,14.98403749
2005,surplus,wtt,4.040757383
2005,surplus,wpd,9.170778316
2005,surplus,wht,212.3232018
2005,surplus,wrh,9.708448328
2005,surplus,ott,115.7500156
2005,surplus,che,133.6054837
2005,surplus,air,10.2117438
2005,surplus,mmf,23.35486287
2005,surplus,otr,28.94728981
2005,surplus,min,24.49410305
2005,compen,ppd,31.67781642
2005,compen,res,165.3218487
2005,compen,com,114.9847984
2005,compen,amb,305.9358946
2005,compen,fbp,79.58172486
2005,compen,rec,35.47044766
2005,compen,con,387.776217
2005,compen,agr,21.92192239
2005,compen,eec,29.08973025
2005,compen,fnd,117.9725208
2005,compen,pub,74.33276482
2005,compen,hou,12.79659129
2005,compen,fbt,73.17104197
2005,compen,ins,173.2947804
2005,compen,tex,15.47140105
2005,compen,leg,98.80848348
2005,compen,fen,58.95757962
2005,compen,uti,56.35586392
2005,compen,nmp,28.05902242
2005,compen,brd,107.2855587
2005,compen,bnk,197.6813279
2005,compen,ore,61.49161794
2005,compen,edu,106.1885928
2005,compen,ote,57.18116257
2005,compen,man,186.0614935
2005,compen,mch,75.38838047
2005,compen,dat,36.84138781
2005,compen,amd,57.28575214
2005,compen,oil,17.20660088
2005,compen,hos,236.5541381
2005,compen,rnt,27.5533352
2005,compen,pla,40.22695793
2005,compen,fof,12.60280879
2005,compen,fin,1.698886452
2005,compen,tsv,341.4863109
2005,compen,nrs,85.44960908
2005,compen,sec,168.582167
2005,compen,art,33.14324528
2005,compen,mov,24.50246282
2005,compen,fpd,23.4648319
2005,compen,slg,943.675072
2005,compen,pri,32.61171801
2005,compen,grd,12.726816
2005,compen,pip,3.651318498
2005,compen,sle,76.37753827
2005,compen,osv,209.8467999
2005,compen,trn,17.2995547
2005,compen,smn,15.8870393
2005,compen,fmt,81.24591657
2005,compen,pet,13.44459315
2005,compen,mvt,92.66770637
2005,compen,cep,123.0598514
2005,compen,wst,18.7266085
2005,compen,mot,75.23055541
2005,compen,adm,256.5458965
2005,compen,soc,59.44062915
2005,compen,alt,11.2253796
2005,compen,pmt,33.1306232
2005,compen,trk,67.84223639
2005,compen,fdd,190.7739839
2005,compen,gmt,71.71612856
2005,compen,wtt,4.700616789
2005,compen,wpd,24.7119225
2005,compen,wht,377.1415336
2005,compen,wrh,27.80128424
2005,compen,ott,236.7849399
2005,compen,che,80.62083504
2005,compen,air,38.91476454
2005,compen,mmf,41.24617453
2005,compen,otr,58.34897013
2005,compen,min,14.31012139
2006,surplus,ppd,25.40784188
2006,surplus,res,55.67621874
2006,surplus,com,18.41455382
2006,surplus,amb,88.8479454
2006,surplus,fbp,90.8835324
2006,surplus,rec,13.23364169
2006,surplus,con,267.6379428
2006,surplus,agr,81.66507245
2006,surplus,eec,20.04675682
2006,surplus,fnd,73.55481093
2006,surplus,pub,80.83648595
2006,surplus,hou,1116.673203
2006,surplus,fbt,32.58343777
2006,surplus,ins,169.0196218
2006,surplus,tex,4.615981351
2006,surplus,leg,76.44634614
2006,surplus,fen,7.826878002
2006,surplus,uti,118.2705338
2006,surplus,nmp,19.91421632
2006,surplus,brd,198.1648909
2006,surplus,bnk,198.3826253
2006,surplus,ore,165.7148345
2006,surplus,edu,23.9615158
2006,surplus,ote,32.46608912
2006,surplus,man,22.50614908
2006,surplus,mch,39.6453757
2006,surplus,dat,41.41971068
2006,surplus,amd,38.86473775
2006,surplus,oil,133.3222604
2006,surplus,hos,31.78356639
2006,surplus,rnt,125.608167
2006,surplus,pla,21.41131181
2006,surplus,fof,11.55840308
2006,surplus,fin,18.75798888
2006,surplus,tsv,178.7070489
2006,surplus,nrs,3.869186573
2006,surplus,sec,31.40074685
2006,surplus,art,30.81900617
2006,surplus,mov,36.78793853
2006,surplus,fpd,10.08141195
2006,surplus,slg,132.0326522
2006,surplus,pri,13.00121743
2006,surplus,grd,11.33814286
2006,surplus,pip,4.75757927
2006,surplus,sle,29.96492522
2006,surplus,osv,89.69419652
2006,surplus,trn,13.46352354
2006,surplus,smn,21.25329356
2006,surplus,fmt,39.06024914
2006,surplus,pet,121.8171838
2006,surplus,mvt,30.088132
2006,surplus,cep,87.98714658
2006,surplus,wst,9.199433555
2006,surplus,mot,55.65508497
2006,surplus,adm,88.88062751
2006,surplus,soc,13.51773427
2006,surplus,alt,1.568911279
2006,surplus,pmt,31.45230481
2006,surplus,trk,46.55002432
2006,surplus,fdd,125.0872367
2006,surplus,gmt,12.84891915
2006,surplus,wtt,7.608930368
2006,surplus,wpd,6.118897299
2006,surplus,wht,233.8221392
2006,surplus,wrh,11.638173
2006,surplus,ott,121.7069731
2006,surplus,che,162.8435789
2006,surplus,air,17.16633602
2006,surplus,mmf,25.89263752
2006,surplus,otr,32.74309143
2006,surplus,min,31.74836333
2006,compen,ppd,31.40714021
2006,compen,res,174.3997045
2006,compen,com,127.9261914
2006,compen,amb,327.3739438
2006,compen,fbp,80.84757079
2006,compen,rec,36.57798612
2006,compen,con,421.4665591
2006,compen,agr,21.79767033
2006,compen,eec,30.32845424
2006,compen,fnd,121.9937856
2006,compen,pub,78.18460009
2006,compen,hou,13.2252099
2006,compen,fbt,74.45672297
2006,compen,ins,183.5594724
2006,compen,tex,14.67872127
2006,compen,leg,104.1979181
2006,compen,fen,60.55330968
2006,compen,uti,61.10744611
2006,compen,nmp,29.10960297
2006,compen,brd,108.1489883
2006,compen,bnk,208.9126019
2006,compen,ore,66.09646744
2006,compen,edu,113.3806887
2006,compen,ote,61.85694927
2006,compen,man,201.5703085
2006,compen,mch,79.28675225
2006,compen,dat,38.9642865
2006,compen,amd,59.47333701
2006,compen,oil,20.8999599
2006,compen,hos,253.3370127
2006,compen,rnt,29.04202623
2006,compen,pla,40.84352722
2006,compen,fof,16.0439319
2006,compen,fin,1.814834192
2006,compen,tsv,377.0632887
2006,compen,nrs,90.2122963
2006,compen,sec,192.588977
2006,compen,art,36.66839522
2006,compen,mov,25.0428629
2006,compen,fpd,23.84379706
2006,compen,slg,988.5226919
2006,compen,pri,32.92962414
2006,compen,grd,13.56534953
2006,compen,pip,4.090764385
2006,compen,sle,79.58098264
2006,compen,osv,219.241572
2006,compen,trn,18.07925739
2006,compen,smn,20.54636529
2006,compen,fmt,85.73635323
2006,compen,pet,15.57807637
2006,compen,mvt,94.23955714
2006,compen,cep,129.4825833
2006,compen,wst,19.76141631
2006,compen,mot,75.29682268
2006,compen,adm,273.1360028
2006,compen,soc,62.08518663
2006,compen,alt,10.87818164
2006,compen,pmt,35.10949849
2006,compen,trk,71.76211625
2006,compen,fdd,197.7232616
2006,compen,gmt,74.46895763
2006,compen,wtt,5.111449865
2006,compen,wpd,24.65751574
2006,compen,wht,401.964572
2006,compen,wrh,28.5198088
2006,compen,ott,245.3624324
2006,compen,che,81.3893892
2006,compen,air,39.20557977
2006,compen,mmf,42.84306487
2006,compen,otr,60.27885993
2006,compen,min,15.69095292
2007,surplus,ppd,22.73876331
2007,surplus,res,49.86304452
2007,surplus,com,23.03658404
2007,surplus,amb,88.73503709
2007,surplus,fbp,87.69747629
2007,surplus,rec,15.42946388
2007,surplus,con,266.9949893
2007,surplus,agr,93.58861111
2007,surplus,eec,18.13455714
2007,surplus,fnd,77.40523599
2007,surplus,pub,102.1347977
2007,surplus,hou,1157.60485
2007,surplus,fbt,27.49249878
2007,surplus,ins,194.3535332
2007,surplus,tex,4.14284959
2007,surplus,leg,86.16620516
2007,surplus,fen,8.295043256
2007,surplus,uti,117.6333711
2007,surplus,nmp,19.14918649
2007,surplus,brd,222.9276903
2007,surplus,bnk,179.608154
2007,surplus,ore,225.1137922
2007,surplus,edu,24.32161887
2007,surplus,ote,46.22200593
2007,surplus,man,23.58979804
2007,surplus,mch,43.59747701
2007,surplus,dat,32.20794431
2007,surplus,amd,41.78583034
2007,surplus,oil,155.3881148
2007,surplus,hos,32.65034211
2007,surplus,rnt,119.0947919
2007,surplus,pla,21.06837846
2007,surplus,fof,10.59803013
2007,surplus,fin,20.82349705
2007,surplus,tsv,186.1997343
2007,surplus,nrs,3.602300859
2007,surplus,sec,5.568475293
2007,surplus,art,29.98756165
2007,surplus,mov,43.8949179
2007,surplus,fpd,8.249482696
2007,surplus,slg,145.1660758
2007,surplus,pri,13.42942747
2007,surplus,grd,10.94580646
2007,surplus,pip,6.28291805
2007,surplus,sle,25.7711011
2007,surplus,osv,82.09785304
2007,surplus,trn,12.92692855
2007,surplus,smn,24.87997896
2007,surplus,fmt,43.39032937
2007,surplus,pet,135.6808741
2007,surplus,mvt,30.76481173
2007,surplus,cep,89.44769348
2007,surplus,wst,12.0767234
2007,surplus,mot,49.42070146
2007,surplus,adm,99.12336963
2007,surplus,soc,13.30875274
2007,surplus,alt,0.864635414
2007,surplus,pmt,33.06012498
2007,surplus,trk,41.80879684
2007,surplus,fdd,132.5946624
2007,surplus,gmt,9.887537309
2007,surplus,wtt,8.268930244
2007,surplus,wpd,4.726779615
2007,surplus,wht,254.0422851
2007,surplus,wrh,9.382772672
2007,surplus,ott,112.0403101
2007,surplus,che,171.5125689
2007,surplus,air,17.5775041
2007,surplus,mmf,25.52505688
2007,surplus,otr,24.00269582
2007,surplus,min,36.99827477
2007,compen,ppd,31.69627427
2007,compen,res,184.8516682
2007,compen,com,140.9490381
2007,compen,amb,346.1673732
2007,compen,fbp,83.76837967
2007,compen,rec,38.2963606
2007,compen,con,439.925484
2007,compen,agr,25.17221197
2007,compen,eec,31.08595217
2007,compen,fnd,128.0809242
2007,compen,pub,86.01388151
2007,compen,hou,13.99476644
2007,compen,fbt,76.74390444
2007,compen,ins,190.500476
2007,compen,tex,14.32185584
2007,compen,leg,110.1748623
2007,compen,fen,61.14947314
2007,compen,uti,63.29951933
2007,compen,nmp,29.53774951
2007,compen,brd,118.490763
2007,compen,bnk,210.3840715
2007,compen,ore,67.82877085
2007,compen,edu,121.0622276
2007,compen,ote,65.82245781
2007,compen,man,220.6145199
2007,compen,mch,82.78191797
2007,compen,dat,31.1188886
2007,compen,amd,63.33755143
2007,compen,oil,22.5618507
2007,compen,hos,267.5106207
2007,compen,rnt,30.55676835
2007,compen,pla,40.44089038
2007,compen,fof,16.43613113
2007,compen,fin,0.666631752
2007,compen,tsv,405.2452777
2007,compen,nrs,94.84425004
2007,compen,sec,213.7539757
2007,compen,art,38.87658508
2007,compen,mov,26.4048713
2007,compen,fpd,23.6409615
2007,compen,slg,1043.825475
2007,compen,pri,33.25339292
2007,compen,grd,14.28613705
2007,compen,pip,4.550428636
2007,compen,sle,83.8468219
2007,compen,osv,231.2616847
2007,compen,trn,18.59360661
2007,compen,smn,23.9188551
2007,compen,fmt,89.17897297
2007,compen,pet,15.71196917
2007,compen,mvt,95.60130489
2007,compen,cep,131.6126685
2007,compen,wst,20.35948432
2007,compen,mot,72.36103555
2007,compen,adm,289.967909
2007,compen,soc,66.0331185
2007,compen,alt,10.56104563
2007,compen,pmt,36.03041389
2007,compen,trk,74.18269004
2007,compen,fdd,206.1832165
2007,compen,gmt,77.26130967
2007,compen,wtt,5.761008571
2007,compen,wpd,23.52724151
2007,compen,wht,425.8891666
2007,compen,wrh,31.16260725
2007,compen,ott,252.3745685
2007,compen,che,85.40278784
2007,compen,air,42.63038795
2007,compen,mmf,44.85041707
2007,compen,otr,64.03627575
2007,compen,min,16.1934045
2008,surplus,ppd,18.54871444
2008,surplus,res,50.32308855
2008,surplus,com,27.99077258
2008,surplus,amb,106.5246853
2008,surplus,fbp,91.53124514
2008,surplus,rec,13.40334527
2008,surplus,con,207.309141
2008,surplus,agr,96.41623571
2008,surplus,eec,23.68782174
2008,surplus,fnd,81.37221115
2008,surplus,pub,99.17046792
2008,surplus,hou,1218.911744
2008,surplus,fbt,27.74592946
2008,surplus,ins,132.1565797
2008,surplus,tex,3.672488357
2008,surplus,leg,111.2608747
2008,surplus,fen,7.471580647
2008,surplus,uti,122.0426805
2008,surplus,nmp,15.60748099
2008,surplus,brd,246.7305439
2008,surplus,bnk,192.1980973
2008,surplus,ore,212.8833704
2008,surplus,edu,31.49680247
2008,surplus,ote,44.12296992
2008,surplus,man,26.05754187
2008,surplus,mch,44.34599917
2008,surplus,dat,50.38233519
2008,surplus,amd,37.85449616
2008,surplus,oil,208.0625942
2008,surplus,hos,42.99172638
2008,surplus,rnt,133.3042863
2008,surplus,pla,14.35526505
2008,surplus,fof,9.677580692
2008,surplus,fin,20.25586547
2008,surplus,tsv,218.999996
2008,surplus,nrs,5.343002303
2008,surplus,sec,2.154584178
2008,surplus,art,33.69073166
2008,surplus,mov,46.62161301
2008,surplus,fpd,5.238313778
2008,surplus,slg,155.8050581
2008,surplus,pri,12.01875799
2008,surplus,grd,12.19788004
2008,surplus,pip,9.120699189
2008,surplus,sle,25.5609574
2008,surplus,osv,72.40215606
2008,surplus,trn,16.55202414
2008,surplus,smn,29.80306855
2008,surplus,fmt,40.03120019
2008,surplus,pet,135.000966
2008,surplus,mvt,22.14591527
2008,surplus,cep,96.78800315
2008,surplus,wst,12.33564457
2008,surplus,mot,23.7570111
2008,surplus,adm,102.429949
2008,surplus,soc,13.85215288
2008,surplus,alt,0.801927518
2008,surplus,pmt,37.31979126
2008,surplus,trk,40.49813232
2008,surplus,fdd,141.0947062
2008,surplus,gmt,10.99408845
2008,surplus,wtt,9.810621831
2008,surplus,wpd,3.66344613
2008,surplus,wht,274.7157757
2008,surplus,wrh,12.56299688
2008,surplus,ott,106.934676
2008,surplus,che,168.1742276
2008,surplus,air,14.64193222
2008,surplus,mmf,28.2837312
2008,surplus,otr,28.19571511
2008,surplus,min,38.64797758
2008,compen,ppd,31.56952564
2008,compen,res,186.9434614
2008,compen,com,149.619475
2008,compen,amb,366.3889964
2008,compen,fbp,85.6265171
2008,compen,rec,39.89281462
2008,compen,con,434.3967123
2008,compen,agr,25.52755828
2008,compen,eec,30.99375879
2008,compen,fnd,135.4974463
2008,compen,pub,86.01995966
2008,compen,hou,14.2932367
2008,compen,fbt,79.96766865
2008,compen,ins,194.1229656
2008,compen,tex,13.44517736
2008,compen,leg,113.1442488
2008,compen,fen,60.09888885
2008,compen,uti,66.34852067
2008,compen,nmp,27.74152847
2008,compen,brd,115.1265748
2008,compen,bnk,197.7625203
2008,compen,ore,65.83266764
2008,compen,edu,129.4673979
2008,compen,ote,68.54641121
2008,compen,man,220.8947094
2008,compen,mch,84.38105496
2008,compen,dat,30.55395113
2008,compen,amd,65.47229194
2008,compen,oil,27.25440026
2008,compen,hos,285.8657283
2008,compen,rnt,30.08381264
2008,compen,pla,39.98252344
2008,compen,fof,16.4352103
2008,compen,fin,0.645109823
2008,compen,tsv,430.5074291
2008,compen,nrs,100.937369
2008,compen,sec,178.9404503
2008,compen,art,40.74811437
2008,compen,mov,27.22940109
2008,compen,fpd,22.08257979
2008,compen,slg,1092.846249
2008,compen,pri,32.16670826
2008,compen,grd,14.8093611
2008,compen,pip,4.596924792
2008,compen,sle,87.56794937
2008,compen,osv,239.7249935
2008,compen,trn,19.71260545
2008,compen,smn,28.053954
2008,compen,fmt,91.16958503
2008,compen,pet,16.30166104
2008,compen,mvt,89.5456628
2008,compen,cep,128.0267922
2008,compen,wst,21.43342916
2008,compen,mot,63.98197317
2008,compen,adm,292.2374674
2008,compen,soc,70.22011283
2008,compen,alt,10.39819414
2008,compen,pmt,36.78595085
2008,compen,trk,72.4132715
2008,compen,fdd,218.6651151
2008,compen,gmt,79.16992559
2008,compen,wtt,6.057538411
2008,compen,wpd,21.25999885
2008,compen,wht,432.4297446
2008,compen,wrh,31.87880386
2008,compen,ott,248.2524398
2008,compen,che,86.51459512
2008,compen,air,40.96836978
2008,compen,mmf,45.43351749
2008,compen,otr,64.38297602
2008,compen,min,17.44419623
2009,surplus,ppd,29.49351674
2009,surplus,res,60.35006998
2009,surplus,com,38.01910295
2009,surplus,amb,118.3957744
2009,surplus,fbp,123.2047754
2009,surplus,rec,13.27659742
2009,surplus,con,191.6390433
2009,surplus,agr,81.05293379
2009,surplus,eec,21.68593219
2009,surplus,fnd,84.09724581
2009,surplus,pub,92.61195446
2009,surplus,hou,1245.692493
2009,surplus,fbt,31.74505379
2009,surplus,ins,156.7370913
2009,surplus,tex,3.592621653
2009,surplus,leg,94.51269979
2009,surplus,fen,7.495618392
2009,surplus,uti,137.3683299
2009,surplus,nmp,14.93744845
2009,surplus,brd,234.266594
2009,surplus,bnk,199.5854344
2009,surplus,ore,209.2882561
2009,surplus,edu,40.95923546
2009,surplus,ote,48.74609377
2009,surplus,man,28.96077906
2009,surplus,mch,42.1199517
2009,surplus,dat,54.71904919
2009,surplus,amd,28.42103583
2009,surplus,oil,123.6500661
2009,surplus,hos,54.09207346
2009,surplus,rnt,121.9497679
2009,surplus,pla,24.72025148
2009,surplus,fof,9.081946135
2009,surplus,fin,14.5186825
2009,surplus,tsv,208.3575258
2009,surplus,nrs,7.197292081
2009,surplus,sec,6.482698276
2009,surplus,art,37.81827202
2009,surplus,mov,49.45833621
2009,surplus,fpd,4.754567512
2009,surplus,slg,162.7131326
2009,surplus,pri,11.58216599
2009,surplus,grd,13.01107675
2009,surplus,pip,7.347915872
2009,surplus,sle,29.61733331
2009,surplus,osv,74.73917127
2009,surplus,trn,14.47220056
2009,surplus,smn,17.1560784
2009,surplus,fmt,38.10827804
2009,surplus,pet,91.6520041
2009,surplus,mvt,21.33030933
2009,surplus,cep,98.49942323
2009,surplus,wst,14.30827215
2009,surplus,mot,20.18840642
2009,surplus,adm,100.0369703
2009,surplus,soc,12.88233279
2009,surplus,alt,0.973681271
2009,surplus,pmt,15.10586045
2009,surplus,trk,37.49109984
2009,surplus,fdd,146.8813253
2009,surplus,gmt,13.93781102
2009,surplus,wtt,9.619025531
2009,surplus,wpd,4.255172642
2009,surplus,wht,271.1599846
2009,surplus,wrh,12.15877063
2009,surplus,ott,120.2411844
2009,surplus,che,193.7515149
2009,surplus,air,21.21971527
2009,surplus,mmf,36.58579844
2009,surplus,otr,22.81147894
2009,surplus,min,41.3857696
2009,compen,ppd,29.03462446
2009,compen,res,183.8333564
2009,compen,com,148.2426287
2009,compen,amb,382.2011864
2009,compen,fbp,86.05393015
2009,compen,rec,38.71676596
2009,compen,con,371.6332707
2009,compen,agr,25.94221854
2009,compen,eec,29.12425485
2009,compen,fnd,147.3018145
2009,compen,pub,82.98811882
2009,compen,hou,14.19860438
2009,compen,fbt,79.23173734
2009,compen,ins,188.5045687
2009,compen,tex,10.96647255
2009,compen,leg,110.1287139
2009,compen,fen,58.31013591
2009,compen,uti,67.37066283
2009,compen,nmp,22.95712755
2009,compen,brd,113.8416041
2009,compen,bnk,186.3921847
2009,compen,ore,61.97645208
2009,compen,edu,140.5045495
2009,compen,ote,67.52196258
2009,compen,man,209.5017075
2009,compen,mch,75.38912637
2009,compen,dat,30.19596581
2009,compen,amd,60.12521211
2009,compen,oil,25.95959923
2009,compen,hos,303.0685027
2009,compen,rnt,28.02918272
2009,compen,pla,34.82665607
2009,compen,fof,16.6848037
2009,compen,fin,0.637828955
2009,compen,tsv,414.5239421
2009,compen,nrs,105.2751863
2009,compen,sec,180.5528157
2009,compen,art,40.34965717
2009,compen,mov,26.96594192
2009,compen,fpd,17.94155397
2009,compen,slg,1118.569863
2009,compen,pri,27.41270226
2009,compen,grd,15.01478658
2009,compen,pip,4.778578401
2009,compen,sle,89.75384677
2009,compen,osv,238.1895731
2009,compen,trn,18.37543044
2009,compen,smn,23.12958118
2009,compen,fmt,79.36869195
2009,compen,pet,16.51156164
2009,compen,mvt,77.5913505
2009,compen,cep,119.5076364
2009,compen,wst,21.21904317
2009,compen,mot,47.05842008
2009,compen,adm,269.2147903
2009,compen,soc,73.5904138
2009,compen,alt,8.617581146
2009,compen,pmt,29.52315109
2009,compen,trk,66.94332046
2009,compen,fdd,234.6884542
2009,compen,gmt,82.20590489
2009,compen,wtt,5.989262143
2009,compen,wpd,16.55680367
2009,compen,wht,405.4729116
2009,compen,wrh,32.44109546
2009,compen,ott,234.6877455
2009,compen,che,84.7644658
2009,compen,air,38.16776769
2009,compen,mmf,43.90416962
2009,compen,otr,61.97448604
2009,compen,min,16.08035216
2010,surplus,ppd,25.71841189
2010,surplus,res,63.60511109
2010,surplus,com,42.50130463
2010,surplus,amb,124.8245711
2010,surplus,fbp,103.6067782
2010,surplus,rec,17.19690781
2010,surplus,con,174.4412016
2010,surplus,agr,96.57139227
2010,surplus,eec,21.39649817
2010,surplus,fnd,88.02513012
2010,surplus,pub,101.3801756
2010,surplus,hou,1250.121514
2010,surplus,fbt,30.5245377
2010,surplus,ins,157.7527935
2010,surplus,tex,3.941048785
2010,surplus,leg,87.44575588
2010,surplus,fen,4.169766739
2010,surplus,uti,155.1751952
2010,surplus,nmp,14.65070038
2010,surplus,brd,237.7850836
2010,surplus,bnk,215.766276
2010,surplus,ore,245.045634
2010,surplus,edu,45.61828725
2010,surplus,ote,51.83828194
2010,surplus,man,30.04048696
2010,surplus,mch,48.7929688
2010,surplus,dat,67.76794101
2010,surplus,amd,30.85283709
2010,surplus,oil,134.7304527
2010,surplus,hos,55.11718389
2010,surplus,rnt,118.5160521
2010,surplus,pla,24.16874386
2010,surplus,fof,10.12144309
2010,surplus,fin,15.21658189
2010,surplus,tsv,228.5582838
2010,surplus,nrs,6.811779934
2010,surplus,sec,5.71823316
2010,surplus,art,40.23595129
2010,surplus,mov,56.98644731
2010,surplus,fpd,4.725098172
2010,surplus,slg,164.7823607
2010,surplus,pri,12.49743224
2010,surplus,grd,14.3567256
2010,surplus,pip,12.15547164
2010,surplus,sle,30.77529982
2010,surplus,osv,78.59969298
2010,surplus,trn,15.91826659
2010,surplus,smn,21.23042285
2010,surplus,fmt,39.57067323
2010,surplus,pet,103.8349456
2010,surplus,mvt,27.84918878
2010,surplus,cep,109.1118252
2010,surplus,wst,16.94921045
2010,surplus,mot,37.23112923
2010,surplus,adm,104.3902216
2010,surplus,soc,11.70605325
2010,surplus,alt,1.681987126
2010,surplus,pmt,24.76904265
2010,surplus,trk,39.50341275
2010,surplus,fdd,152.3890823
2010,surplus,gmt,13.62060732
2010,surplus,wtt,8.20152582
2010,surplus,wpd,6.731329633
2010,surplus,wht,304.4730383
2010,surplus,wrh,11.7424049
2010,surplus,ott,120.8930649
2010,surplus,che,204.6964876
2010,surplus,air,33.98872226
2010,surplus,mmf,37.56642375
2010,surplus,otr,26.5437525
2010,surplus,min,47.35321667
2010,compen,ppd,29.07049491
2010,compen,res,187.9464724
2010,compen,com,157.008562
2010,compen,amb,398.9382774
2010,compen,fbp,88.19873948
2010,compen,rec,39.05143716
2010,compen,con,344.3694557
2010,compen,agr,24.33704528
2010,compen,eec,29.32302403
2010,compen,fnd,159.3330715
2010,compen,pub,81.78445165
2010,compen,hou,14.10016098
2010,compen,fbt,79.57112102
2010,compen,ins,193.7936938
2010,compen,tex,10.87868795
2010,compen,leg,108.8083795
2010,compen,fen,57.05598918
2010,compen,uti,68.02249922
2010,compen,nmp,22.26176466
2010,compen,brd,109.2386682
2010,compen,bnk,188.7022349
2010,compen,ore,62.48812238
2010,compen,edu,145.8338297
2010,compen,ote,66.66396843
2010,compen,man,228.12795
2010,compen,mch,75.32395769
2010,compen,dat,31.20853706
2010,compen,amd,61.03544018
2010,compen,oil,27.57433878
2010,compen,hos,303.8599099
2010,compen,rnt,27.53343446
2010,compen,pla,36.00871501
2010,compen,fof,17.0797477
2010,compen,fin,0.560335589
2010,compen,tsv,418.995098
2010,compen,nrs,109.3568997
2010,compen,sec,196.0821129
2010,compen,art,40.62772003
2010,compen,mov,28.04313258
2010,compen,fpd,16.62298499
2010,compen,slg,1139.745993
2010,compen,pri,26.04006431
2010,compen,grd,15.38756752
2010,compen,pip,5.121296705
2010,compen,sle,91.22488701
2010,compen,osv,232.1666526
2010,compen,trn,17.87512893
2010,compen,smn,25.09279827
2010,compen,fmt,78.59896481
2010,compen,pet,16.39903271
2010,compen,mvt,81.02512814
2010,compen,cep,123.456619
2010,compen,wst,27.55337764
2010,compen,mot,48.64525676
2010,compen,adm,279.5007019
2010,compen,soc,76.38134747
2010,compen,alt,8.324545494
2010,compen,pmt,30.34187825
2010,compen,trk,66.79548122
2010,compen,fdd,248.7613423
2010,compen,gmt,80.28049276
2010,compen,wtt,6.062217027
2010,compen,wpd,15.79610716
2010,compen,wht,409.7217628
2010,compen,wrh,32.65229232
2010,compen,ott,234.7785992
2010,compen,che,85.78825666
2010,compen,air,39.41830928
2010,compen,mmf,43.73511874
2010,compen,otr,62.32440464
2010,compen,min,16.65927572
2011,surplus,ppd,22.91851578
2011,surplus,res,64.65976636
2011,surplus,com,48.065067
2011,surplus,amb,130.6868462
2011,surplus,fbp,89.95530933
2011,surplus,rec,17.12732154
2011,surplus,con,170.1360142
2011,surplus,agr,129.5262344
2011,surplus,eec,17.6471307
2011,surplus,fnd,92.01284987
2011,surplus,pub,103.5231271
2011,surplus,hou,1293.755128
2011,surplus,fbt,28.23849912
2011,surplus,ins,156.4632823
2011,surplus,tex,3.406343363
2011,surplus,leg,93.70347241
2011,surplus,fen,0.509199825
2011,surplus,uti,159.4106711
2011,surplus,nmp,14.76309075
2011,surplus,brd,226.4676489
2011,surplus,bnk,240.9420485
2011,surplus,ore,274.8223618
2011,surplus,edu,45.41955568
2011,surplus,ote,55.33593871
2011,surplus,man,31.92808812
2011,surplus,mch,57.91744186
2011,surplus,dat,77.84819768
2011,surplus,amd,36.1865856
2011,surplus,oil,157.3828387
2011,surplus,hos,57.25174501
2011,surplus,rnt,119.0772142
2011,surplus,pla,23.33942277
2011,surplus,fof,8.974108121
2011,surplus,fin,11.57274432
2011,surplus,tsv,231.2555887
2011,surplus,nrs,7.27225029
2011,surplus,sec,4.780596971
2011,surplus,art,43.82206606
2011,surplus,mov,49.56479176
2011,surplus,fpd,4.70443762
2011,surplus,slg,170.8785516
2011,surplus,pri,11.93557751
2011,surplus,grd,16.19073376
2011,surplus,pip,12.88761275
2011,surplus,sle,37.95227741
2011,surplus,osv,75.73339552
2011,surplus,trn,15.84530959
2011,surplus,smn,28.90477058
2011,surplus,fmt,40.52090871
2011,surplus,pet,137.6475587
2011,surplus,mvt,26.87200437
2011,surplus,cep,101.1291948
2011,surplus,wst,15.9089089
2011,surplus,mot,48.70311134
2011,surplus,adm,105.9902324
2011,surplus,soc,10.4990781
2011,surplus,alt,1.664809291
2011,surplus,pmt,34.00556423
2011,surplus,trk,42.00899139
2011,surplus,fdd,159.1036395
2011,surplus,gmt,11.95844073
2011,surplus,wtt,7.249258959
2011,surplus,wpd,6.680016601
2011,surplus,wht,311.4606529
2011,surplus,wrh,11.25652366
2011,surplus,ott,120.6599533
2011,surplus,che,202.9435483
2011,surplus,air,30.52453081
2011,surplus,mmf,33.61063227
2011,surplus,otr,27.87071582
2011,surplus,min,51.49224656
2011,compen,ppd,29.44778617
2011,compen,res,198.4154182
2011,compen,com,172.6540678
2011,compen,amb,416.0450304
2011,compen,fbp,87.71720873
2011,compen,rec,39.99329285
2011,compen,con,347.7987793
2011,compen,agr,22.99891529
2011,compen,eec,30.75926701
2011,compen,fnd,161.1387258
2011,compen,pub,87.2645206
2011,compen,hou,14.82264185
2011,compen,fbt,80.17626354
2011,compen,ins,204.9292608
2011,compen,tex,10.93369623
2011,compen,leg,112.4852122
2011,compen,fen,56.92773528
2011,compen,uti,71.71188297
2011,compen,nmp,22.58153763
2011,compen,brd,110.8685201
2011,compen,bnk,199.0081669
2011,compen,ore,63.29797156
2011,compen,edu,153.0488156
2011,compen,ote,69.31309917
2011,compen,man,238.7501666
2011,compen,mch,83.3213917
2011,compen,dat,34.23503441
2011,compen,amd,64.46471839
2011,compen,oil,30.61257486
2011,compen,hos,317.8016484
2011,compen,rnt,28.53152486
2011,compen,pla,37.61525338
2011,compen,fof,18.08018842
2011,compen,fin,0.612868145
2011,compen,tsv,443.4498337
2011,compen,nrs,111.270333
2011,compen,sec,195.8726243
2011,compen,art,41.85555009
2011,compen,mov,29.19160154
2011,compen,fpd,16.75607646
2011,compen,slg,1139.913398
2011,compen,pri,25.87721831
2011,compen,grd,16.35674128
2011,compen,pip,5.556626176
2011,compen,sle,91.96155695
2011,compen,osv,240.3612985
2011,compen,trn,19.89649149
2011,compen,smn,31.8853025
2011,compen,fmt,84.4723133
2011,compen,pet,16.85647108
2011,compen,mvt,86.6602749
2011,compen,cep,128.6670926
2011,compen,wst,23.24896059
2011,compen,mot,52.54759375
2011,compen,adm,299.0958615
2011,compen,soc,76.46686963
2011,compen,alt,8.088769291
2011,compen,pmt,33.22978466
2011,compen,trk,72.06464547
2011,compen,fdd,255.2829978
2011,compen,gmt,83.93033561
2011,compen,wtt,6.40211365
2011,compen,wpd,16.18776418
2011,compen,wht,433.1263667
2011,compen,wrh,33.08799246
2011,compen,ott,241.3645819
2011,compen,che,86.41021568
2011,compen,air,41.63998941
2011,compen,mmf,44.77958726
2011,compen,otr,64.57964366
2011,compen,min,17.963169
2012,surplus,ppd,22.31512812
2012,surplus,res,66.71119592
2012,surplus,com,55.18720408
2012,surplus,amb,129.887094
2012,surplus,fbp,96.59047248
2012,surplus,rec,17.99011925
2012,surplus,con,180.4124042
2012,surplus,agr,121.8768371
2012,surplus,eec,19.90105891
2012,surplus,fnd,95.12461465
2012,surplus,pub,105.5021739
2012,surplus,hou,1324.44966
2012,surplus,fbt,27.49172671
2012,surplus,ins,166.8963353
2012,surplus,tex,4.157584711
2012,surplus,leg,90.56202106
2012,surplus,fen,5.921420031
2012,surplus,uti,153.4323025
2012,surplus,nmp,17.81977929
2012,surplus,brd,229.1344187
2012,surplus,bnk,286.1605765
2012,surplus,ore,306.2927218
2012,surplus,edu,44.56993084
2012,surplus,ote,52.7572469
2012,surplus,man,34.47484673
2012,surplus,mch,60.77913869
2012,surplus,dat,64.80315334
2012,surplus,amd,38.64794647
2012,surplus,oil,156.8271791
2012,surplus,hos,59.08974469
2012,surplus,rnt,126.127506
2012,surplus,pla,26.8432014
2012,surplus,fof,9.248717713
2012,surplus,fin,11.68861711
2012,surplus,tsv,239.9442748
2012,surplus,nrs,7.68417577
2012,surplus,sec,25.67481995
2012,surplus,art,49.90938957
2012,surplus,mov,45.84447676
2012,surplus,fpd,4.682267331
2012,surplus,slg,178.1663746
2012,surplus,pri,11.97473914
2012,surplus,grd,17.60045623
2012,surplus,pip,15.515532
2012,surplus,sle,46.09479437
2012,surplus,osv,78.76083762
2012,surplus,trn,16.81665715
2012,surplus,smn,29.63663323
2012,surplus,fmt,44.76411885
2012,surplus,pet,136.7131074
2012,surplus,mvt,31.16185124
2012,surplus,cep,102.6466168
2012,surplus,wst,15.34422133
2012,surplus,mot,55.51741071
2012,surplus,adm,106.6626995
2012,surplus,soc,9.389473303
2012,surplus,alt,1.532176296
2012,surplus,pmt,36.00813588
2012,surplus,trk,44.18644955
2012,surplus,fdd,162.2251147
2012,surplus,gmt,11.40049712
2012,surplus,wtt,6.423179889
2012,surplus,wpd,8.402314746
2012,surplus,wht,345.0703209
2012,surplus,wrh,10.85897635
2012,surplus,ott,132.3768158
2012,surplus,che,198.5049169
2012,surplus,air,32.0873186
2012,surplus,mmf,33.22764544
2012,surplus,otr,25.67022584
2012,surplus,min,41.14713238
2012,compen,ppd,29.40117066
2012,compen,res,215.7132332
2012,compen,com,193.1873185
2012,compen,amb,435.7091247
2012,compen,fbp,92.19388527
2012,compen,rec,42.26725446
2012,compen,con,366.7096735
2012,compen,agr,28.46622423
2012,compen,eec,32.02264948
2012,compen,fnd,161.2605585
2012,compen,pub,92.27399915
2012,compen,hou,15.48541153
2012,compen,fbt,82.30530028
2012,compen,ins,215.7148169
2012,compen,tex,11.10680437
2012,compen,leg,115.7157998
2012,compen,fen,54.04181586
2012,compen,uti,70.89495961
2012,compen,nmp,23.29083406
2012,compen,brd,112.7166095
2012,compen,bnk,212.3502586
2012,compen,ore,68.52836903
2012,compen,edu,161.7643234
2012,compen,ote,71.67177261
2012,compen,man,260.3199641
2012,compen,mch,88.55982383
2012,compen,dat,37.76562414
2012,compen,amd,67.58347763
2012,compen,oil,34.98818707
2012,compen,hos,329.8594865
2012,compen,rnt,30.63507973
2012,compen,pla,38.95177604
2012,compen,fof,19.75085507
2012,compen,fin,0.52177729
2012,compen,tsv,470.0801251
2012,compen,nrs,113.2229355
2012,compen,sec,210.1106734
2012,compen,art,44.25868387
2012,compen,mov,30.52341079
2012,compen,fpd,17.24038931
2012,compen,slg,1145.939517
2012,compen,pri,25.55763748
2012,compen,grd,17.1299361
2012,compen,pip,6.586129289
2012,compen,sle,91.72657629
2012,compen,osv,253.1575293
2012,compen,trn,21.74507232
2012,compen,smn,36.91706147
2012,compen,fmt,90.87307384
2012,compen,pet,17.90536399
2012,compen,mvt,91.94876125
2012,compen,cep,130.6666041
2012,compen,wst,24.03864934
2012,compen,mot,56.84973254
2012,compen,adm,318.009688
2012,compen,soc,84.96137987
2012,compen,alt,8.114970044
2012,compen,pmt,35.22510504
2012,compen,trk,76.77117567
2012,compen,fdd,252.073715
2012,compen,gmt,83.79002878
2012,compen,wtt,6.659946368
2012,compen,wpd,16.60523901
2012,compen,wht,454.8310019
2012,compen,wrh,35.57171622
2012,compen,ott,248.9589247
2012,compen,che,89.46151015
2012,compen,air,43.04836361
2012,compen,mmf,46.20603869
2012,compen,otr,67.85717288
2012,compen,min,18.62864931
2013,surplus,ppd,25.4738464
2013,surplus,res,68.68037851
2013,surplus,com,52.59892054
2013,surplus,amb,132.0742336
2013,surplus,fbp,101.8427374
2013,surplus,rec,19.30716553
2013,surplus,con,192.0080999
2013,surplus,agr,155.7139853
2013,surplus,eec,24.30650602
2013,surplus,fnd,98.16977075
2013,surplus,pub,107.0131582
2013,surplus,hou,1352.79067
2013,surplus,fbt,28.08821014
2013,surplus,ins,140.438773
2013,surplus,tex,4.626188747
2013,surplus,leg,88.4829111
2013,surplus,fen,5.554333467
2013,surplus,uti,156.1230943
2013,surplus,nmp,21.66422541
2013,surplus,brd,261.7130285
2013,surplus,bnk,264.8638368
2013,surplus,ore,337.9330469
2013,surplus,edu,44.10490813
2013,surplus,ote,56.94554039
2013,surplus,man,36.38538168
2013,surplus,mch,66.15334104
2013,surplus,dat,83.27623232
2013,surplus,amd,42.99743623
2013,surplus,oil,185.4078427
2013,surplus,hos,58.64702682
2013,surplus,rnt,134.521362
2013,surplus,pla,26.99271702
2013,surplus,fof,8.945421563
2013,surplus,fin,11.26804242
2013,surplus,tsv,236.1445363
2013,surplus,nrs,7.625879304
2013,surplus,sec,43.56625371
2013,surplus,art,50.62058142
2013,surplus,mov,46.5862857
2013,surplus,fpd,5.703432047
2013,surplus,slg,182.944484
2013,surplus,pri,12.7180751
2013,surplus,grd,18.51091786
2013,surplus,pip,17.65199231
2013,surplus,sle,49.8538385
2013,surplus,osv,79.06537153
2013,surplus,trn,18.76323549
2013,surplus,smn,28.63252876
2013,surplus,fmt,47.25940245
2013,surplus,pet,128.3376669
2013,surplus,mvt,33.38330833
2013,surplus,cep,108.1984581
2013,surplus,wst,15.37304592
2013,surplus,mot,60.36523524
2013,surplus,adm,108.7627655
2013,surplus,soc,9.700648374
2013,surplus,alt,1.724351284
2013,surplus,pmt,33.06863111
2013,surplus,trk,43.30300618
2013,surplus,fdd,162.9981176
2013,surplus,gmt,11.81640363
2013,surplus,wtt,9.048721195
2013,surplus,wpd,12.02841553
2013,surplus,wht,367.7313103
2013,surplus,wrh,10.09416287
2013,surplus,ott,142.7406709
2013,surplus,che,211.6865536
2013,surplus,air,33.57958296
2013,surplus,mmf,30.10672714
2013,surplus,otr,26.1518292
2013,surplus,min,36.99135347
2013,compen,ppd,29.67214332
2013,compen,res,226.5606861
2013,compen,com,198.0038283
2013,compen,amb,453.2197389
2013,compen,fbp,93.92806086
2013,compen,rec,43.88487259
2013,compen,con,388.6940948
2013,compen,agr,28.42139045
2013,compen,eec,33.15409028
2013,compen,fnd,160.4131995
2013,compen,pub,99.52050629
2013,compen,hou,15.65529039
2013,compen,fbt,84.77498214
2013,compen,ins,219.7241097
2013,compen,tex,11.42870537
2013,compen,leg,117.4605209
2013,compen,fen,52.66536417
2013,compen,uti,73.66701392
2013,compen,nmp,24.01927105
2013,compen,brd,113.3858811
2013,compen,bnk,220.2916204
2013,compen,ore,72.53961376
2013,compen,edu,165.6749592
2013,compen,ote,74.05114819
2013,compen,man,276.014573
2013,compen,mch,88.85338033
2013,compen,dat,45.33638354
2013,compen,amd,69.87083387
2013,compen,oil,36.4584986
2013,compen,hos,337.993865
2013,compen,rnt,31.10257883
2013,compen,pla,39.92604155
2013,compen,fof,20.31422824
2013,compen,fin,0.589659616
2013,compen,tsv,488.3099208
2013,compen,nrs,116.1262132
2013,compen,sec,210.4537075
2013,compen,art,46.27660683
2013,compen,mov,29.87282015
2013,compen,fpd,17.82970179
2013,compen,slg,1196.365712
2013,compen,pri,25.41716202
2013,compen,grd,17.71005613
2013,compen,pip,6.04064296
2013,compen,sle,95.65415277
2013,compen,osv,259.922873
2013,compen,trn,21.12953194
2013,compen,smn,38.69287784
2013,compen,fmt,91.8898117
2013,compen,pet,18.57179812
2013,compen,mvt,97.54309774
2013,compen,cep,128.1460174
2013,compen,wst,24.39551116
2013,compen,mot,59.34374052
2013,compen,adm,330.0237334
2013,compen,soc,89.9890147
2013,compen,alt,8.139017516
2013,compen,pmt,35.13926244
2013,compen,trk,80.77966152
2013,compen,fdd,243.234113
2013,compen,gmt,84.01033128
2013,compen,wtt,7.02096505
2013,compen,wpd,17.64851855
2013,compen,wht,464.5664968
2013,compen,wrh,36.42072287
2013,compen,ott,256.89705
2013,compen,che,92.0855301
2013,compen,air,45.70468878
2013,compen,mmf,47.15971289
2013,compen,otr,70.03123457
2013,compen,min,18.41729261
2014,surplus,ppd,25.59992241
2014,surplus,res,72.21269945
2014,surplus,com,46.71526565
2014,surplus,amb,133.7432602
2014,surplus,fbp,107.5317916
2014,surplus,rec,18.94533937
2014,surplus,con,206.4800046
2014,surplus,agr,136.0011794
2014,surplus,eec,20.03124595
2014,surplus,fnd,101.8607348
2014,surplus,pub,105.2241308
2014,surplus,hou,1416.928575
2014,surplus,fbt,27.77624794
2014,surplus,ins,217.4659776
2014,surplus,tex,5.119106777
2014,surplus,leg,92.39977272
2014,surplus,fen,0.464470488
2014,surplus,uti,165.6239366
2014,surplus,nmp,22.43781531
2014,surplus,brd,247.2751904
2014,surplus,bnk,310.7107316
2014,surplus,ore,338.0033238
2014,surplus,edu,43.19980406
2014,surplus,ote,61.14707576
2014,surplus,man,37.24203591
2014,surplus,mch,64.95868395
2014,surplus,dat,96.06517891
2014,surplus,amd,43.93704144
2014,surplus,oil,201.0931906
2014,surplus,hos,61.5331803
2014,surplus,rnt,139.2747174
2014,surplus,pla,23.16063561
2014,surplus,fof,9.321568114
2014,surplus,fin,19.06015297
2014,surplus,tsv,247.5912823
2014,surplus,nrs,8.0008482
2014,surplus,sec,6.690677527
2014,surplus,art,54.98874136
2014,surplus,mov,43.77422479
2014,surplus,fpd,6.612491979
2014,surplus,slg,188.465414
2014,surplus,pri,12.51672851
2014,surplus,grd,20.26910115
2014,surplus,pip,20.26422002
2014,surplus,sle,53.90864112
2014,surplus,osv,84.12317853
2014,surplus,trn,19.97338028
2014,surplus,smn,33.60913257
2014,surplus,fmt,45.5568882
2014,surplus,pet,134.7647466
2014,surplus,mvt,34.25627782
2014,surplus,cep,110.7609754
2014,surplus,wst,16.82861215
2014,surplus,mot,64.53468658
2014,surplus,adm,112.5347742
2014,surplus,soc,9.500159586
2014,surplus,alt,1.254172279
2014,surplus,pmt,34.23362715
2014,surplus,trk,48.83606525
2014,surplus,fdd,163.2742771
2014,surplus,gmt,11.56771793
2014,surplus,wtt,8.378091857
2014,surplus,wpd,10.85256727
2014,surplus,wht,387.8714957
2014,surplus,wrh,8.978689995
2014,surplus,ott,140.0003885
2014,surplus,che,215.5875622
2014,surplus,air,39.92789729
2014,surplus,mmf,29.95680379
2014,surplus,otr,26.12942996
2014,surplus,min,34.06116768
2014,compen,ppd,30.17028801
2014,compen,res,242.7539826
2014,compen,com,214.3429319
2014,compen,amb,469.2007977
2014,compen,fbp,99.63223239
2014,compen,rec,47.38653364
2014,compen,con,423.2326064
2014,compen,agr,28.98754736
2014,compen,eec,33.72552399
2014,compen,fnd,165.1545228
2014,compen,pub,106.9407855
2014,compen,hou,16.48095373
2014,compen,fbt,86.95751695
2014,compen,ins,234.6456374
2014,compen,tex,12.01552923
2014,compen,leg,119.1956166
2014,compen,fen,56.20798125
2014,compen,uti,76.14097466
2014,compen,nmp,25.57978793
2014,compen,brd,116.525517
2014,compen,bnk,223.8057271
2014,compen,ore,77.10504781
2014,compen,edu,175.4509821
2014,compen,ote,75.83547839
2014,compen,man,288.3945081
2014,compen,mch,92.78867438
2014,compen,dat,49.99988008
2014,compen,amd,74.16275635
2014,compen,oil,39.28509721
2014,compen,hos,345.3888512
2014,compen,rnt,33.19761954
2014,compen,pla,41.99074501
2014,compen,fof,21.86567834
2014,compen,fin,0.869710706
2014,compen,tsv,517.7716375
2014,compen,nrs,119.1376459
2014,compen,sec,230.5530275
2014,compen,art,49.81823449
2014,compen,mov,32.50119328
2014,compen,fpd,18.65485909
2014,compen,slg,1231.0739
2014,compen,pri,25.75809394
2014,compen,grd,18.6530999
2014,compen,pip,6.426337077
2014,compen,sle,98.78789812
2014,compen,osv,275.8919101
2014,compen,trn,22.62770526
2014,compen,smn,43.55304307
2014,compen,fmt,96.08627622
2014,compen,pet,19.01723102
2014,compen,mvt,102.9121693
2014,compen,cep,132.264359
2014,compen,wst,25.80068472
2014,compen,mot,64.747778
2014,compen,adm,351.6946032
2014,compen,soc,94.66155435
2014,compen,alt,8.311497991
2014,compen,pmt,36.51204483
2014,compen,trk,85.13552651
2014,compen,fdd,242.6698471
2014,compen,gmt,86.58261599
2014,compen,wtt,7.275818585
2014,compen,wpd,19.30031562
2014,compen,wht,486.6585029
2014,compen,wrh,38.03250754
2014,compen,ott,265.4739713
2014,compen,che,96.94341649
2014,compen,air,47.00911337
2014,compen,mmf,48.74686356
2014,compen,otr,73.22830204
2014,compen,min,18.41516387
2015,surplus,ppd,27.82244409
2015,surplus,res,81.5336682
2015,surplus,com,44.0651937
2015,surplus,amb,139.8361799
2015,surplus,fbp,126.5941725
2015,surplus,rec,20.48901525
2015,surplus,con,228.4162276
2015,surplus,agr,117.5199856
2015,surplus,eec,27.93573189
2015,surplus,fnd,103.9718585
2015,surplus,pub,102.7056289
2015,surplus,hou,1511.50666
2015,surplus,fbt,28.86345777
2015,surplus,ins,262.105751
2015,surplus,tex,5.280453004
2015,surplus,leg,99.36024941
2015,surplus,fen,4.298809033
2015,surplus,uti,163.6317544
2015,surplus,nmp,25.86407148
2015,surplus,brd,274.843588
2015,surplus,bnk,318.7101091
2015,surplus,ore,326.9205013
2015,surplus,edu,44.50204537
2015,surplus,ote,68.43009177
2015,surplus,man,37.39984261
2015,surplus,mch,53.90048511
2015,surplus,dat,108.3798623
2015,surplus,amd,53.1558549
2015,surplus,oil,86.12886826
2015,surplus,hos,65.90024564
2015,surplus,rnt,152.1263918
2015,surplus,pla,32.54954075
2015,surplus,fof,9.700077767
2015,surplus,fin,15.52656236
2015,surplus,tsv,259.0728182
2015,surplus,nrs,8.36362738
2015,surplus,sec,6.774063175
2015,surplus,art,52.38119126
2015,surplus,mov,46.78795481
2015,surplus,fpd,8.381551601
2015,surplus,slg,191.7590341
2015,surplus,pri,13.32316936
2015,surplus,grd,20.57271163
2015,surplus,pip,25.8521929
2015,surplus,sle,57.44688815
2015,surplus,osv,86.30150748
2015,surplus,trn,19.26685559
2015,surplus,smn,16.12979832
2015,surplus,fmt,46.78483047
2015,surplus,pet,120.6598026
2015,surplus,mvt,36.46495835
2015,surplus,cep,123.8969583
2015,surplus,wst,17.79680585
2015,surplus,mot,72.34642931
2015,surplus,adm,111.5156645
2015,surplus,soc,9.789397844
2015,surplus,alt,1.212487283
2015,surplus,pmt,28.83829715
2015,surplus,trk,51.41115811
2015,surplus,fdd,161.7488016
2015,surplus,gmt,12.26773965
2015,surplus,wtt,7.710161589
2015,surplus,wpd,11.23009376
2015,surplus,wht,416.881271
2015,surplus,wrh,7.841099347
2015,surplus,ott,148.8644514
2015,surplus,che,214.0377922
2015,surplus,air,49.80305622
2015,surplus,mmf,26.49361923
2015,surplus,otr,28.33074795
2015,surplus,min,26.70897562
2015,compen,ppd,30.41967605
2015,compen,res,260.7619403
2015,compen,com,235.236609
2015,compen,amb,494.7274307
2015,compen,fbp,102.7271211
2015,compen,rec,48.872825
2015,compen,con,459.0151904
2015,compen,agr,27.13451654
2015,compen,eec,34.69699164
2015,compen,fnd,172.1557658
2015,compen,pub,114.760651
2015,compen,hou,17.59370985
2015,compen,fbt,91.74470385
2015,compen,ins,251.2544178
2015,compen,tex,11.93565148
2015,compen,leg,123.067439
2015,compen,fen,59.95638316
2015,compen,uti,78.58636971
2015,compen,nmp,26.95617642
2015,compen,brd,113.6680103
2015,compen,bnk,237.6912296
2015,compen,ore,84.89099216
2015,compen,edu,183.2312001
2015,compen,ote,77.76014902
2015,compen,man,303.2330502
2015,compen,mch,94.55718794
2015,compen,dat,57.14033201
2015,compen,amd,77.71894334
2015,compen,oil,38.77712203
2015,compen,hos,366.2922242
2015,compen,rnt,34.62444762
2015,compen,pla,43.38311954
2015,compen,fof,23.3961278
2015,compen,fin,1.128234688
2015,compen,tsv,553.1789073
2015,compen,nrs,123.5616845
2015,compen,sec,234.2200528
2015,compen,art,52.30305524
2015,compen,mov,34.37642202
2015,compen,fpd,20.16605692
2015,compen,slg,1273.753966
2015,compen,pri,25.990266
2015,compen,grd,19.63467607
2015,compen,pip,6.957135292
2015,compen,sle,102.2119592
2015,compen,osv,289.5903585
2015,compen,trn,23.63335916
2015,compen,smn,35.19777198
2015,compen,fmt,97.49766785
2015,compen,pet,19.73451732
2015,compen,mvt,109.5460334
2015,compen,cep,137.407068
2015,compen,wst,26.47067009
2015,compen,mot,69.72759016
2015,compen,adm,372.2319153
2015,compen,soc,100.3555755
2015,compen,alt,8.109376852
2015,compen,pmt,35.3711615
2015,compen,trk,89.98957937
2015,compen,fdd,242.1885518
2015,compen,gmt,89.57830102
2015,compen,wtt,7.469410314
2015,compen,wpd,20.32382288
2015,compen,wht,505.8633019
2015,compen,wrh,43.19745623
2015,compen,ott,278.2781195
2015,compen,che,100.0682074
2015,compen,air,51.40710657
2015,compen,mmf,51.51038135
2015,compen,otr,79.15698886
2015,compen,min,17.99359341
2016,surplus,ppd,26.82661165
2016,surplus,res,86.6613049
2016,surplus,com,51.98433524
2016,surplus,amb,153.0398275
2016,surplus,fbp,125.2429475
2016,surplus,rec,21.25062054
2016,surplus,con,250.5042477
2016,surplus,agr,101.6263052
2016,surplus,eec,22.42713713
2016,surplus,fnd,106.2336634
2016,surplus,pub,109.0053592
2016,surplus,hou,1587.694884
2016,surplus,fbt,30.08573487
2016,surplus,ins,272.2225474
2016,surplus,tex,5.684361151
2016,surplus,leg,108.5973351
2016,surplus,fen,6.455305571
2016,surplus,uti,161.5022838
2016,surplus,nmp,27.64598782
2016,surplus,brd,294.4767443
2016,surplus,bnk,324.6300472
2016,surplus,ore,326.7145025
2016,surplus,edu,46.58611054
2016,surplus,ote,68.35507745
2016,surplus,man,37.8853011
2016,surplus,mch,49.00857257
2016,surplus,dat,128.3333317
2016,surplus,amd,52.00287514
2016,surplus,oil,73.7351213
2016,surplus,hos,67.1779514
2016,surplus,rnt,165.3426093
2016,surplus,pla,32.8325967
2016,surplus,fof,9.147664087
2016,surplus,fin,16.36785654
2016,surplus,tsv,256.2673475
2016,surplus,nrs,8.23822945
2016,surplus,sec,34.57413531
2016,surplus,art,57.18255356
2016,surplus,mov,51.22819714
2016,surplus,fpd,8.794185068
2016,surplus,slg,195.2404709
2016,surplus,pri,13.96930671
2016,surplus,grd,20.01641648
2016,surplus,pip,27.9002488
2016,surplus,sle,60.2679554
2016,surplus,osv,86.55440978
2016,surplus,trn,17.35087506
2016,surplus,smn,5.441722203
2016,surplus,fmt,46.99002174
2016,surplus,pet,61.26887925
2016,surplus,mvt,38.99615594
2016,surplus,cep,123.2720426
2016,surplus,wst,17.24162046
2016,surplus,mot,78.717168
2016,surplus,adm,118.788258
2016,surplus,soc,10.00929249
2016,surplus,alt,1.238894151
2016,surplus,pmt,26.96266001
2016,surplus,trk,50.27226054
2016,surplus,fdd,159.8233255
2016,surplus,gmt,11.85941155
2016,surplus,wtt,5.731377782
2016,surplus,wpd,13.36438288
2016,surplus,wht,405.2932836
2016,surplus,wrh,8.510885884
2016,surplus,ott,157.8575711
2016,surplus,che,239.2328391
2016,surplus,air,55.72904616
2016,surplus,mmf,33.70163026
2016,surplus,otr,27.8729736
2016,surplus,min,26.07663477
2016,compen,ppd,30.33678705
2016,compen,res,278.2175911
2016,compen,com,247.0283897
2016,compen,amb,519.4123533
2016,compen,fbp,107.1212499
2016,compen,rec,52.0986856
2016,compen,con,486.6977161
2016,compen,agr,29.27950417
2016,compen,eec,35.01803915
2016,compen,fnd,180.0858839
2016,compen,pub,118.9075727
2016,compen,hou,18.08550672
2016,compen,fbt,92.71846712
2016,compen,ins,256.4232953
2016,compen,tex,11.96430256
2016,compen,leg,126.3015058
2016,compen,fen,59.39304488
2016,compen,uti,82.55552905
2016,compen,nmp,27.90001372
2016,compen,brd,113.6487739
2016,compen,bnk,249.6070831
2016,compen,ore,88.2774563
2016,compen,edu,191.241061
2016,compen,ote,77.7116201
2016,compen,man,305.6570601
2016,compen,mch,90.84103287
2016,compen,dat,61.95647734
2016,compen,amd,79.61830572
2016,compen,oil,33.72920423
2016,compen,hos,380.9107455
2016,compen,rnt,34.76039787
2016,compen,pla,44.7489783
2016,compen,fof,24.63964356
2016,compen,fin,1.622666744
2016,compen,tsv,568.2061453
2016,compen,nrs,128.8139489
2016,compen,sec,238.2304005
2016,compen,art,56.35997762
2016,compen,mov,35.80059416
2016,compen,fpd,20.87275342
2016,compen,slg,1302.247448
2016,compen,pri,26.14195981
2016,compen,grd,20.770487
2016,compen,pip,7.034673958
2016,compen,sle,104.1843964
2016,compen,osv,298.3088228
2016,compen,trn,21.41701364
2016,compen,smn,24.68654121
2016,compen,fmt,96.17860108
2016,compen,pet,19.34979778
2016,compen,mvt,114.1132348
2016,compen,cep,142.7325746
2016,compen,wst,26.95678095
2016,compen,mot,72.33253525
2016,compen,adm,383.5858301
2016,compen,soc,107.5168835
2016,compen,alt,8.00019866
2016,compen,pmt,34.4803412
2016,compen,trk,90.46741281
2016,compen,fdd,245.888123
2016,compen,gmt,91.04353068
2016,compen,wtt,7.243525278
2016,compen,wpd,20.96106331
2016,compen,wht,507.4062658
2016,compen,wrh,48.54371934
2016,compen,ott,285.5408524
2016,compen,che,98.68611269
2016,compen,air,57.02598975
2016,compen,mmf,51.6742355
2016,compen,otr,82.46069055
2016,compen,min,16.3451334
2017,surplus,ppd,23.51748694
2017,surplus,res,88.95471741
2017,surplus,com,53.76570485
2017,surplus,amb,158.3048969
2017,surplus,fbp,119.6502412
2017,surplus,rec,20.31685238
2017,surplus,con,264.2525019
2017,surplus,agr,108.7522037
2017,surplus,eec,25.83507695
2017,surplus,fnd,110.4498226
2017,surplus,pub,113.4250715
2017,surplus,hou,1657.623901
2017,surplus,fbt,29.5133579
2017,surplus,ins,255.3220189
2017,surplus,tex,5.373290337
2017,surplus,leg,110.6982307
2017,surplus,fen,9.347841616
2017,surplus,uti,171.160271
2017,surplus,nmp,28.1350856
2017,surplus,brd,285.0612145
2017,surplus,bnk,322.8298384
2017,surplus,ore,348.175682
2017,surplus,edu,47.60051275
2017,surplus,ote,70.15203776
2017,surplus,man,39.83894628
2017,surplus,mch,49.53864215
2017,surplus,dat,149.8062062
2017,surplus,amd,53.79086949
2017,surplus,oil,127.2313351
2017,surplus,hos,67.22280464
2017,surplus,rnt,165.5610273
2017,surplus,pla,28.10870721
2017,surplus,fof,8.094737046
2017,surplus,fin,18.40022065
2017,surplus,tsv,260.6057823
2017,surplus,nrs,8.270403291
2017,surplus,sec,49.85518556
2017,surplus,art,59.83206314
2017,surplus,mov,50.36854282
2017,surplus,fpd,6.931602231
2017,surplus,slg,202.3443504
2017,surplus,pri,12.79300385
2017,surplus,grd,20.95899993
2017,surplus,pip,28.89246445
2017,surplus,sle,60.34644085
2017,surplus,osv,87.34512834
2017,surplus,trn,19.24622442
2017,surplus,smn,9.615869851
2017,surplus,fmt,46.73729666
2017,surplus,pet,105.7070311
2017,surplus,mvt,37.62332625
2017,surplus,cep,121.4777664
2017,surplus,wst,19.06100772
2017,surplus,mot,78.53146679
2017,surplus,adm,129.9503183
2017,surplus,soc,9.58169888
2017,surplus,alt,1.115505486
2017,surplus,pmt,27.13187088
2017,surplus,trk,54.96464935
2017,surplus,fdd,160.6314904
2017,surplus,gmt,11.70742739
2017,surplus,wtt,5.985609973
2017,surplus,wpd,15.68603391
2017,surplus,wht,406.0734918
2017,surplus,wrh,8.011385522
2017,surplus,ott,161.8374714
2017,surplus,che,239.6470239
2017,surplus,air,57.15572933
2017,surplus,mmf,36.78978967
2017,surplus,otr,28.25834565
2017,surplus,min,34.72169477
2017,compen,ppd,31.07955695
2017,compen,res,293.3985843
2017,compen,com,265.3538494
2017,compen,amb,545.0305722
2017,compen,fbp,113.3262853
2017,compen,rec,54.04228336
2017,compen,con,517.3842453
2017,compen,agr,30.31122485
2017,compen,eec,36.88063182
2017,compen,fnd,186.510422
2017,compen,pub,130.8220886
2017,compen,hou,18.94539997
2017,compen,fbt,95.44156737
2017,compen,ins,272.5368009
2017,compen,tex,12.24076298
2017,compen,leg,131.7391903
2017,compen,fen,60.29151097
2017,compen,uti,84.08820543
2017,compen,nmp,29.39180137
2017,compen,brd,113.4338181
2017,compen,bnk,265.5505746
2017,compen,ore,93.68738184
2017,compen,edu,190.733895
2017,compen,ote,79.43122775
2017,compen,man,325.8944584
2017,compen,mch,94.87804313
2017,compen,dat,70.33768088
2017,compen,amd,83.0128677
2017,compen,oil,29.30354242
2017,compen,hos,396.2103644
2017,compen,rnt,36.38949738
2017,compen,pla,46.95151969
2017,compen,fof,25.36224153
2017,compen,fin,2.064980909
2017,compen,tsv,594.1796998
2017,compen,nrs,131.6906528
2017,compen,sec,259.6432425
2017,compen,art,59.11365756
2017,compen,mov,35.83757092
2017,compen,fpd,21.84305847
2017,compen,slg,1337.755398
2017,compen,pri,26.21271395
2017,compen,grd,22.15528301
2017,compen,pip,7.453734263
2017,compen,sle,106.9265254
2017,compen,osv,308.6125583
2017,compen,trn,21.3842601
2017,compen,smn,30.26040118
2017,compen,fmt,99.98707681
2017,compen,pet,20.26975076
2017,compen,mvt,117.4760643
2017,compen,cep,150.7095127
2017,compen,wst,29.87273967
2017,compen,mot,75.55834859
2017,compen,adm,409.9703932
2017,compen,soc,114.0473185
2017,compen,alt,7.824417438
2017,compen,pmt,36.13787586
2017,compen,trk,95.03069675
2017,compen,fdd,249.959724
2017,compen,gmt,92.27833957
2017,compen,wtt,7.428532789
2017,compen,wpd,22.13309938
2017,compen,wht,528.9187036
2017,compen,wrh,53.8529812
2017,compen,ott,297.0009656
2017,compen,che,102.3331316
2017,compen,air,60.13112018
2017,compen,mmf,54.05143962
2017,compen,otr,87.82164303
2017,compen,min,17.58068067
