yr,i,value,,
2008,ppd,226.8361357,,
2009,ppd,204.5401891,,
2005,ppd,205.8883352,,
2006,ppd,215.2834013,,
2012,ppd,227.7189185,,
2014,ppd,239.4040499,,
2013,ppd,236.7818338,,
1999,ppd,188.2780483,,
2002,ppd,191.3648757,,
2017,ppd,237.9282769,,
2016,ppd,234.1394053,,
2015,ppd,237.999005,,
1998,ppd,183.4580249,,
2004,ppd,195.548966,,
2000,ppd,195.6083445,,
1997,ppd,177.6416151,,
2007,ppd,223.9845701,,
2010,ppd,218.4729934,,
2003,ppd,188.6473512,,
2011,ppd,229.7247732,,
2001,ppd,190.8608304,,
2008,res,635.6019727,,
2009,res,630.4885628,,
2005,res,564.4118547,,
2006,res,597.1255791,,
2012,res,728.555903,,
2014,res,804.2305427,,
2013,res,757.7682536,,
1999,res,407.8944694,,
2002,res,479.2598353,,
2017,res,951.7247754,,
2016,res,906.9405783,,
2015,res,866.2312787,,
1998,res,386.1041091,,
2004,res,535.5541111,,
2000,res,440.1700568,,
1997,res,363.7195824,,
2007,res,621.3371935,,
2010,res,653.3162113,,
2003,res,503.5861145,,
2011,res,688.895844,,
2001,res,455.0586373,,
2008,com,328.2132147,,
2009,com,330.072357,,
2005,com,257.9317385,,
2006,com,269.8881703,,
2012,com,425.4917418,,
2014,com,457.5766146,,
2013,com,437.950416,,
1999,com,210.423018,,
2002,com,236.3875454,,
2017,com,522.8285713,,
2016,com,489.7961863,,
2015,com,461.7617659,,
1998,com,168.8577679,,
2004,com,241.9601678,,
2000,com,243.1682389,,
1997,com,139.2602253,,
2007,com,299.263913,,
2010,com,362.7736021,,
2003,com,234.421021,,
2011,com,396.8766981,,
2001,com,243.9424365,,
2008,amb,760.8299808,,
2009,amb,790.7642103,,
2005,amb,658.1628999,,
2006,amb,686.0719169,,
2012,amb,880.3463041,,
2014,amb,934.8772562,,
2013,amb,898.1522727,,
1999,amb,439.0294052,,
2002,amb,547.1709872,,
2017,amb,1076.076218,,
2016,amb,1033.801202,,
2015,amb,985.1948687,,
1998,amb,420.8043846,,
2004,amb,623.7436592,,
2000,amb,467.6446651,,
1997,amb,400.366135,,
2007,amb,721.2024449,,
2010,amb,822.6011232,,
2003,amb,583.7762124,,
2011,amb,855.3495087,,
2001,amb,509.1765321,,
2008,fbp,1194.346194,,
2009,fbp,1179.759053,,
2005,fbp,1017.998981,,
2006,fbp,1046.441723,,
2012,fbp,1371.430064,,
2014,fbp,1451.544682,,
2013,fbp,1405.046744,,
1999,fbp,796.7605166,,
2002,fbp,867.5584767,,
2017,fbp,1533.653055,,
2016,fbp,1478.255858,,
2015,fbp,1478.236848,,
1998,fbp,780.2777394,,
2004,fbp,969.0141021,,
2000,fbp,820.9652351,,
1997,fbp,768.5067727,,
2007,fbp,1122.845523,,
2010,fbp,1235.19788,,
2003,fbp,923.1368669,,
2011,fbp,1318.250564,,
2001,fbp,853.367662,,
2008,rec,161.1824227,,
2009,rec,155.117694,,
2005,rec,136.410327,,
2006,rec,148.4876342,,
2012,rec,168.2970161,,
2014,rec,180.6101981,,
2013,rec,174.7811595,,
1999,rec,90.31660701,,
2002,rec,107.6127682,,
2017,rec,203.8720435,,
2016,rec,193.9280984,,
2015,rec,187.1403639,,
1998,rec,80.98097645,,
2004,rec,128.789547,,
2000,rec,97.66006485,,
1997,rec,76.95241595,,
2007,rec,158.0433177,,
2010,rec,158.1924693,,
2003,rec,116.6449001,,
2011,rec,163.0607672,,
2001,rec,101.9137062,,
2008,con,1362.387711,,
2009,con,1182.554898,,
2005,con,1358.219773,,
2006,con,1440.961497,,
2012,con,1165.289725,,
2014,con,1346.231007,,
2013,con,1231.278266,,
1999,con,899.5380574,,
2002,con,1030.531102,,
2017,con,1639.96724,,
2016,con,1569.763526,,
2015,con,1468.026588,,
1998,con,834.113181,,
2004,con,1223.10538,,
2000,con,975.0316044,,
1997,con,761.3657342,,
2007,con,1436.108658,,
2010,con,1088.257765,,
2003,con,1097.55391,,
2011,con,1087.822676,,
2001,con,1019.796986,,
2008,agr,397.3569602,,
2009,agr,372.6675114,,
2005,agr,324.7832215,,
2006,agr,332.2814904,,
2012,agr,497.3426485,,
2014,agr,549.0711619,,
2013,agr,537.2088691,,
1999,agr,253.8170191,,
2002,agr,256.2150326,,
2017,agr,517.376561,,
2016,agr,498.3954774,,
2015,agr,524.8094529,,
1998,agr,255.3868194,,
2004,agr,324.1715377,,
2000,agr,260.5841483,,
1997,agr,264.220351,,
2007,agr,377.7489498,,
2010,agr,401.3386473,,
2003,agr,282.8921488,,
2011,agr,462.8150403,,
2001,agr,267.6405318,,
2008,eec,235.1233314,,
2009,eec,194.3158069,,
2005,eec,205.1401894,,
2006,eec,224.0825674,,
2012,eec,253.0619761,,
2014,eec,278.8946656,,
2013,eec,262.1609401,,
1999,eec,173.7480693,,
2002,eec,170.941745,,
2017,eec,310.6450066,,
2016,eec,289.3643457,,
2015,eec,286.1995117,,
1998,eec,164.4269059,,
2004,eec,191.2390292,,
2000,eec,189.1571551,,
1997,eec,155.0810549,,
2007,eec,235.640627,,
2010,eec,218.9339468,,
2003,eec,174.3958213,,
2011,eec,236.5029658,,
2001,eec,172.7538746,,
2008,fnd,295.5509908,,
2009,fnd,320.8691084,,
2005,fnd,247.2155051,,
2006,fnd,263.5346946,,
2012,fnd,348.7994992,,
2014,fnd,352.4582244,,
2013,fnd,345.6326585,,
1999,fnd,154.4451904,,
2002,fnd,201.9378371,,
2017,fnd,392.5044728,,
2016,fnd,380.234639,,
2015,fnd,368.9151255,,
1998,fnd,148.0526522,,
2004,fnd,234.0919483,,
2000,fnd,166.8888856,,
1997,fnd,146.2805445,,
2007,fnd,272.0728002,,
2010,fnd,348.6035802,,
2003,fnd,219.6227347,,
2011,fnd,341.1055261,,
2001,fnd,180.3608079,,
2008,pub,240.8542995,,
2009,pub,225.9198302,,
2005,pub,225.287523,,
2006,pub,234.3193442,,
2012,pub,243.1631188,,
2014,pub,277.2588792,,
2013,pub,257.780633,,
1999,pub,182.9020736,,
2002,pub,203.1375783,,
2017,pub,321.7049859,,
2016,pub,306.4447853,,
2015,pub,288.8974992,,
1998,pub,166.2880059,,
2004,pub,215.3333322,,
2000,pub,195.155552,,
1997,pub,147.4395343,,
2007,pub,235.3282299,,
2010,pub,233.5602166,,
2003,pub,199.8584638,,
2011,pub,245.0441246,,
2001,pub,199.0453205,,
2008,hou,1538.064499,,
2009,hou,1585.62492,,
2005,hou,1331.198645,,
2006,hou,1414.900414,,
2012,hou,1701.831723,,
2014,hou,1824.732044,,
2013,hou,1745.156922,,
1999,hou,947.4770711,,
2002,hou,1132.258848,,
2017,hou,2127.872355,,
2016,hou,2037.245423,,
2015,hou,1936.121518,,
1998,hou,893.1365776,,
2004,hou,1241.066418,,
2000,hou,1009.38109,,
1997,hou,838.247453,,
2007,hou,1478.568059,,
2010,hou,1602.265239,,
2003,hou,1175.968442,,
2011,hou,1653.858,,
2001,hou,1084.116971,,
2008,fbt,#N/A,,
2009,fbt,#N/A,,
2005,fbt,#N/A,,
2006,fbt,#N/A,,
2012,fbt,#N/A,,
2014,fbt,#N/A,,
2013,fbt,#N/A,,
1999,fbt,#N/A,,
2002,fbt,#N/A,,
2017,fbt,#N/A,,
2016,fbt,#N/A,,
2015,fbt,#N/A,,
1998,fbt,#N/A,,
2004,fbt,#N/A,,
2000,fbt,#N/A,,
1997,fbt,#N/A,,
2007,fbt,#N/A,,
2010,fbt,#N/A,,
2003,fbt,#N/A,,
2011,fbt,#N/A,,
2001,fbt,#N/A,,
2008,ins,762.0396093,,
2009,ins,697.2521321,,
2005,ins,624.9312129,,
2006,ins,666.0132569,,
2012,ins,839.0416295,,
2014,ins,980.1302683,,
2013,ins,891.7195477,,
1999,ins,394.6912866,,
2002,ins,477.8184081,,
2017,ins,1178.520387,,
2016,ins,1105.640697,,
2015,ins,1054.437084,,
1998,ins,377.4225972,,
2004,ins,576.4290719,,
2000,ins,426.5629634,,
1997,ins,353.6488532,,
2007,ins,729.661734,,
2010,ins,710.3290033,,
2003,ins,525.6929641,,
2011,ins,769.5842034,,
2001,ins,451.9043984,,
2008,tex,126.5282969,,
2009,tex,108.9979769,,
2005,tex,144.7458037,,
2006,tex,142.1242773,,
2012,tex,129.8860228,,
2014,tex,144.1791336,,
2013,tex,135.8027129,,
1999,tex,131.9793852,,
2002,tex,127.238579,,
2017,tex,152.8209939,,
2016,tex,146.5400092,,
2015,tex,145.8550092,,
1998,tex,130.7525696,,
2004,tex,136.9117883,,
2000,tex,133.2214753,,
1997,tex,129.0465431,,
2007,tex,137.6869357,,
2010,tex,116.3512394,,
2003,tex,128.9653416,,
2011,tex,121.681782,,
2001,tex,128.5132833,,
2008,leg,283.778026,,
2009,leg,272.1650376,,
2005,leg,264.7588662,,
2006,leg,274.8417861,,
2012,leg,298.3537582,,
2014,leg,308.3391042,,
2013,leg,299.6402299,,
1999,leg,177.2777133,,
2002,leg,207.7855153,,
2017,leg,352.6968729,,
2016,leg,330.9670746,,
2015,leg,321.8705995,,
1998,leg,166.2407798,,
2004,leg,247.2479406,,
2000,leg,183.6228534,,
1997,leg,151.6399623,,
2007,leg,283.0390173,,
2010,leg,278.0938345,,
2003,leg,234.8260467,,
2011,leg,289.4885217,,
2001,leg,196.5890305,,
2008,fen,77.98949847,,
2009,fen,75.95446883,,
2005,fen,70.53823562,,
2006,fen,74.95011927,,
2012,fen,76.35808269,,
2014,fen,72.87643299,,
2013,fen,72.24587181,,
1999,fen,65.19673372,,
2002,fen,69.34866225,,
2017,fen,70.59820307,,
2016,fen,73.22476349,,
2015,fen,73.26878565,,
1998,fen,63.03567671,,
2004,fen,70.33021221,,
2000,fen,66.73206286,,
1997,fen,60.84163305,,
2007,fen,77.58962606,,
2010,fen,74.98968699,,
2003,fen,68.93682393,,
2011,fen,72.19927872,,
2001,fen,66.71924874,,
2008,uti,626.3564787,,
2009,uti,544.5665031,,
2005,uti,497.4453101,,
2006,uti,508.8655254,,
2012,uti,590.1322468,,
2014,uti,675.2859947,,
2013,uti,625.6000542,,
1999,uti,377.4148753,,
2002,uti,392.9233752,,
2017,uti,626.4995678,,
2016,uti,615.7221633,,
2015,uti,652.7406875,,
1998,uti,328.8601197,,
2004,uti,425.8813933,,
2000,uti,438.2798509,,
1997,uti,320.5952096,,
2007,uti,542.2403293,,
2010,uti,610.3096316,,
2003,uti,413.3570568,,
2011,uti,607.3314506,,
2001,uti,513.8053853,,
2008,nmp,176.756836,,
2009,nmp,137.5481761,,
2005,nmp,178.97544,,
2006,nmp,197.6417666,,
2012,nmp,155.9523341,,
2014,nmp,181.7932104,,
2013,nmp,166.9746246,,
1999,nmp,138.0898974,,
2002,nmp,144.1047967,,
2017,nmp,216.6236272,,
2016,nmp,204.1954907,,
2015,nmp,194.439428,,
1998,nmp,130.6847549,,
2004,nmp,160.6982515,,
2000,nmp,143.4597796,,
1997,nmp,120.7670927,,
2007,nmp,200.52367,,
2010,nmp,142.5022412,,
2003,nmp,149.5848833,,
2011,nmp,150.4336825,,
2001,nmp,140.0271309,,
2008,brd,557.5517732,,
2009,brd,557.2008847,,
2005,brd,516.2239751,,
2006,brd,526.7550558,,
2012,brd,607.2059612,,
2014,brd,656.2021814,,
2013,brd,622.4975072,,
1999,brd,428.883606,,
2002,brd,492.2399344,,
2017,brd,697.5132818,,
2016,brd,703.7946619,,
2015,brd,674.9009538,,
1998,brd,377.7589635,,
2004,brd,495.9237392,,
2000,brd,476.4391296,,
1997,brd,341.019064,,
2007,brd,543.9980977,,
2010,brd,572.7895765,,
2003,brd,488.6085933,,
2011,brd,591.0681926,,
2001,brd,497.0530469,,
2008,bnk,592.4078752,,
2009,bnk,584.5105297,,
2005,bnk,569.4623311,,
2006,bnk,593.5282301,,
2012,bnk,644.2391805,,
2014,bnk,686.183611,,
2013,bnk,652.3097601,,
1999,bnk,383.1967539,,
2002,bnk,480.2162102,,
2017,bnk,769.8555787,,
2016,bnk,720.9658982,,
2015,bnk,686.6379748,,
1998,bnk,345.7993942,,
2004,bnk,531.5252931,,
2000,bnk,424.0146041,,
1997,bnk,313.8523252,,
2007,bnk,613.3979866,,
2010,bnk,587.4398127,,
2003,bnk,512.1761715,,
2011,bnk,578.6122641,,
2001,bnk,449.3081515,,
2008,ore,830.4477263,,
2009,ore,775.9664514,,
2005,ore,900.017947,,
2006,ore,912.9996904,,
2012,ore,914.3998334,,
2014,ore,1058.769419,,
2013,ore,990.0349984,,
1999,ore,448.5266924,,
2002,ore,592.3827631,,
2017,ore,1307.065888,,
2016,ore,1220.663518,,
2015,ore,1125.226501,,
1998,ore,420.4833778,,
2004,ore,767.2762548,,
2000,ore,502.0219037,,
1997,ore,402.2090705,,
2007,ore,898.2649926,,
2010,ore,825.6678728,,
2003,ore,657.3500165,,
2011,ore,848.5800227,,
2001,ore,526.6467159,,
2008,edu,285.9773209,,
2009,edu,300.1001581,,
2005,edu,227.3459635,,
2006,edu,247.5925188,,
2012,edu,334.169811,,
2014,edu,354.8920294,,
2013,edu,343.615519,,
1999,edu,153.901077,,
2002,edu,193.4027618,,
2017,edu,393.9034937,,
2016,edu,378.9785499,,
2015,edu,366.5080639,,
1998,edu,143.4974913,,
2004,edu,214.7996972,,
2000,edu,167.3227621,,
1997,edu,133.324943,,
2007,edu,267.5246955,,
2010,edu,316.6201484,,
2003,edu,205.6413757,,
2011,edu,329.8988016,,
2001,edu,182.5680557,,
2008,ote,220.7167201,,
2009,ote,188.4087248,,
2005,ote,166.5024522,,
2006,ote,162.9489986,,
2012,ote,235.5437446,,
2014,ote,263.6055623,,
2013,ote,245.0375418,,
1999,ote,142.562707,,
2002,ote,146.9371273,,
2017,ote,264.1694167,,
2016,ote,251.0659538,,
2015,ote,271.6077509,,
1998,ote,141.9318583,,
2004,ote,149.2296719,,
2000,ote,139.2422941,,
1997,ote,116.7643569,,
2007,ote,208.7774915,,
2010,ote,201.6845243,,
2003,ote,142.1869761,,
2011,ote,215.1288676,,
2001,ote,153.090552,,
2008,man,415.9496044,,
2009,man,385.3814197,,
2005,man,341.9714243,,
2006,man,372.1167463,,
2012,man,462.0405569,,
2014,man,512.7416599,,
2013,man,481.1378961,,
1999,man,230.20519,,
2002,man,253.2330046,,
2017,man,580.3950646,,
2016,man,545.5310075,,
2015,man,541.7217394,,
1998,man,212.4376282,,
2004,man,308.4902829,,
2000,man,249.7697225,,
1997,man,186.7936382,,
2007,man,417.5427484,,
2010,man,406.3891911,,
2003,man,271.4134416,,
2011,man,430.3001763,,
2001,man,249.7560541,,
2008,mch,457.829989,,
2009,mch,362.8714993,,
2005,mch,408.2154986,,
2006,mch,436.4829774,,
2012,mch,557.8672946,,
2014,mch,592.1491144,,
2013,mch,550.9151775,,
1999,mch,351.3772836,,
2002,mch,328.4451697,,
2017,mch,595.2621951,,
2016,mch,549.1419788,,
2015,mch,574.2469723,,
1998,mch,352.0558588,,
2004,mch,365.328532,,
2000,mch,370.2954323,,
1997,mch,328.8509302,,
2007,mch,450.9136693,,
2010,mch,415.4861565,,
2003,mch,344.3525987,,
2011,mch,494.8625642,,
2001,mch,337.7786977,,
2008,dat,120.5114314,,
2009,dat,123.8268433,,
2005,dat,88.58799969,,
2006,dat,100.0508419,,
2012,dat,166.6269967,,
2014,dat,187.3382314,,
2013,dat,177.0957282,,
1999,dat,66.16774862,,
2002,dat,72.78047422,,
2017,dat,247.2273594,,
2016,dat,222.7945807,,
2015,dat,203.8052637,,
1998,dat,50.59244216,,
2004,dat,82.5511061,,
2000,dat,71.04057402,,
1997,dat,46.76448825,,
2007,dat,109.4911537,,
2010,dat,134.5659248,,
2003,dat,75.33023943,,
2011,dat,148.6946824,,
2001,dat,69.67713741,,
2008,amd,149.9673975,,
2009,amd,142.3907938,,
2005,amd,129.9275656,,
2006,amd,138.3555018,,
2012,amd,174.8587582,,
2014,amd,198.3401519,,
2013,amd,183.8327887,,
1999,amd,99.0908165,,
2002,amd,105.7325814,,
2017,amd,224.5894855,,
2016,amd,217.9864251,,
2015,amd,210.2312731,,
1998,amd,93.10132909,,
2004,amd,119.6149444,,
2000,amd,109.3224407,,
1997,amd,88.2958696,,
2007,amd,143.8458056,,
2010,amd,149.6831458,,
2003,amd,110.5445041,,
2011,amd,160.678519,,
2001,amd,104.0808771,,
2008,oil,760.1066023,,
2009,oil,431.2323243,,
2005,oil,458.0677593,,
2006,oil,499.8949565,,
2012,oil,675.9802474,,
2014,oil,698.0192159,,
2013,oil,677.9773059,,
1999,oil,158.9981509,,
2002,oil,209.0006555,,
2017,oil,414.8329289,,
2016,oil,341.2064951,,
2015,oil,407.2114065,,
1998,oil,134.8646235,,
2004,oil,351.603137,,
2000,oil,251.3154909,,
1997,oil,176.0872084,,
2007,oil,546.180577,,
2010,oil,567.4883532,,
2003,oil,284.1245345,,
2011,oil,690.7348806,,
2001,oil,233.8534336,,
2008,hos,696.3100027,,
2009,hos,745.4161729,,
2005,hos,574.0481009,,
2006,hos,615.7982866,,
2012,hos,853.7813327,,
2014,hos,923.066872,,
2013,hos,888.3305639,,
1999,hos,379.5851792,,
2002,hos,474.4148439,,
2017,hos,1093.94611,,
2016,hos,1043.747722,,
2015,hos,984.5175324,,
1998,hos,364.4963763,,
2004,hos,537.2565407,,
2000,hos,402.4588083,,
1997,hos,342.6731166,,
2007,hos,650.1282223,,
2010,hos,776.9824683,,
2003,hos,505.6434417,,
2011,hos,814.1987283,,
2001,hos,436.3487552,,
2008,rnt,315.9486055,,
2009,rnt,272.0008166,,
2005,rnt,271.9662856,,
2006,rnt,296.5142111,,
2012,rnt,302.2169617,,
2014,rnt,353.294183,,
2013,rnt,326.6146719,,
1999,rnt,239.598055,,
2002,rnt,241.8701303,,
2017,rnt,374.3605122,,
2016,rnt,363.5245802,,
2015,rnt,359.4528789,,
1998,rnt,223.0203068,,
2004,rnt,254.8652872,,
2000,rnt,264.5926564,,
1997,rnt,201.4166877,,
2007,rnt,299.4039971,,
2010,rnt,281.9407679,,
2003,rnt,249.8933181,,
2011,rnt,286.1588425,,
2001,rnt,263.4339813,,
2008,pla,288.2115961,,
2009,pla,246.249966,,
2005,pla,276.0291165,,
2006,pla,294.9329508,,
2012,pla,325.8875956,,
2014,pla,351.1336676,,
2013,pla,337.8025501,,
1999,pla,225.4904225,,
2002,pla,230.2000326,,
2017,pla,360.1352662,,
2016,pla,358.1541274,,
2015,pla,358.0026989,,
1998,pla,210.9505161,,
2004,pla,253.2185506,,
2000,pla,232.9709806,,
1997,pla,205.6616254,,
2007,pla,293.2729086,,
2010,pla,276.7003832,,
2003,pla,237.3652021,,
2011,pla,299.3808431,,
2001,pla,224.2096981,,
2008,fof,71.46528389,,
2009,fof,65.2804101,,
2005,fof,71.70391339,,
2006,fof,74.0662555,,
2012,fof,75.73356117,,
2014,fof,88.12396084,,
2013,fof,78.45006109,,
1999,fof,67.35130953,,
2002,fof,59.56981903,,
2017,fof,91.53439457,,
2016,fof,84.52738026,,
2015,fof,84.82436309,,
1998,fof,63.4331604,,
2004,fof,69.62735134,,
2000,fof,59.42142402,,
1997,fof,57.41862578,,
2007,fof,70.32159526,,
2010,fof,73.70235047,,
2003,fof,63.67588878,,
2011,fof,81.81138457,,
2001,fof,58.14700551,,
2008,fin,139.5191863,,
2009,fin,117.9083,,
2005,fin,107.3890536,,
2006,fin,118.3995192,,
2012,fin,139.542826,,
2014,fin,168.0820556,,
2013,fin,160.1657524,,
1999,fin,87.24018241,,
2002,fin,87.62093575,,
2017,fin,183.5585127,,
2016,fin,181.7206013,,
2015,fin,188.234639,,
1998,fin,77.04753166,,
2004,fin,98.69103281,,
2000,fin,104.862059,,
1997,fin,67.54300131,,
2007,fin,136.2579194,,
2010,fin,127.7069812,,
2003,fin,87.0103576,,
2011,fin,134.1247411,,
2001,fin,96.70307294,,
2008,tsv,1509.3416,,
2009,tsv,1423.889638,,
2005,tsv,1262.360258,,
2006,tsv,1344.966745,,
2012,tsv,1589.545638,,
2014,tsv,1741.486788,,
2013,tsv,1644.638704,,
1999,tsv,919.8880323,,
2002,tsv,1056.018325,,
2017,tsv,1990.10753,,
2016,tsv,1909.376077,,
2015,tsv,1818.588744,,
1998,tsv,850.9733504,,
2004,tsv,1167.615779,,
2000,tsv,1016.796409,,
1997,tsv,786.850252,,
2007,tsv,1442.086082,,
2010,tsv,1459.899668,,
2003,tsv,1092.420349,,
2011,tsv,1533.930664,,
2001,tsv,1043.336525,,
2008,nrs,181.8033758,,
2009,nrs,186.9775593,,
2005,nrs,154.4612654,,
2006,nrs,163.1102378,,
2012,nrs,209.3488232,,
2014,nrs,221.5437901,,
2013,nrs,214.3106177,,
1999,nrs,105.0133422,,
2002,nrs,127.4088729,,
2017,nrs,248.7615233,,
2016,nrs,241.2470944,,
2015,nrs,231.4979542,,
1998,nrs,101.198566,,
2004,nrs,143.9453325,,
2000,nrs,111.6364838,,
1997,nrs,94.53423004,,
2007,nrs,172.9001664,,
2010,nrs,196.2128524,,
2003,nrs,136.5697963,,
2011,nrs,202.3504453,,
2001,nrs,120.2222277,,
2008,sec,450.9129487,,
2009,sec,410.9302884,,
2005,sec,384.2914751,,
2006,sec,436.3958457,,
2012,sec,437.6596174,,
2014,sec,488.8895353,,
2013,sec,457.9743997,,
1999,sec,301.5950794,,
2002,sec,304.2194461,,
2017,sec,548.4273241,,
2016,sec,515.0763601,,
2015,sec,502.796158,,
1998,sec,252.4172709,,
2004,sec,352.3836099,,
2000,sec,366.6665349,,
1997,sec,211.9776608,,
2007,sec,479.0123658,,
2010,sec,417.0484646,,
2003,sec,326.2914683,,
2011,sec,412.981005,,
2001,sec,325.7805247,,
2008,art,120.9321555,,
2009,art,122.9583757,,
2005,art,97.15242121,,
2006,art,106.5112203,,
2012,art,133.5792348,,
2014,art,147.0665789,,
2013,art,138.2199161,,
1999,art,62.34759918,,
2002,art,81.73051387,,
2017,art,174.6730391,,
2016,art,163.7307945,,
2015,art,156.4095413,,
1998,art,58.34945302,,
2004,art,91.96016936,,
2000,art,68.31597532,,
1997,art,53.486824,,
2007,art,116.2374148,,
2010,art,123.5110478,,
2003,art,88.28274009,,
2011,art,126.0851714,,
2001,art,74.66034614,,
2008,mov,129.0976938,,
2009,mov,119.0609888,,
2005,mov,135.5678984,,
2006,mov,135.2356304,,
2012,mov,128.301302,,
2014,mov,132.5326226,,
2013,mov,131.3294006,,
1999,mov,105.4614939,,
2002,mov,123.8594735,,
2017,mov,150.8950679,,
2016,mov,146.7561769,,
2015,mov,139.5390809,,
1998,mov,96.92620125,,
2004,mov,131.2789777,,
2000,mov,117.7104417,,
1997,mov,89.78897801,,
2007,mov,134.8650313,,
2010,mov,126.6300995,,
2003,mov,132.2356607,,
2011,mov,124.185971,,
2001,mov,124.0851811,,
2008,fpd,176.8386241,,
2009,fpd,137.8327062,,
2005,fpd,183.203255,,
2006,fpd,191.1455638,,
2012,fpd,172.1049969,,
2014,fpd,192.0391687,,
2013,fpd,181.9157471,,
1999,fpd,133.8701532,,
2002,fpd,148.8652038,,
2017,fpd,221.5313947,,
2016,fpd,210.0739863,,
2015,fpd,206.306687,,
1998,fpd,123.8905422,,
2004,fpd,168.9417401,,
2000,fpd,144.8881835,,
1997,fpd,114.6720897,,
2007,fpd,192.6714518,,
2010,fpd,151.9551283,,
2003,fpd,153.3623061,,
2011,fpd,161.4407062,,
2001,fpd,139.4726998,,
2008,slg,1474.522133,,
2009,slg,1494.814049,,
2005,slg,1237.660924,,
2006,slg,1308.728268,,
2012,slg,1517.121522,,
2014,slg,1614.668553,,
2013,slg,1575.535035,,
1999,slg,895.8587576,,
2002,slg,1084.626055,,
2017,slg,1764.996565,,
2016,slg,1703.296376,,
2015,slg,1660.507413,,
1998,slg,830.1268978,,
2004,slg,1169.736632,,
2000,slg,962.3575992,,
1997,slg,781.3045154,,
2007,slg,1398.993023,,
2010,slg,1509.925072,,
2003,slg,1116.228588,,
2011,slg,1509.155312,,
2001,slg,1031.491651,,
2008,pri,91.54195867,,
2009,pri,79.9331489,,
2005,pri,89.37822178,,
2006,pri,91.7998634,,
2012,pri,84.31657189,,
2014,pri,85.80920095,,
2013,pri,84.63810005,,
1999,pri,89.44912665,,
2002,pri,89.39165383,,
2017,pri,88.91208366,,
2016,pri,90.38702389,,
2015,pri,86.58343819,,
1998,pri,88.05185531,,
2004,pri,87.1787831,,
2000,pri,90.01283226,,
1997,pri,86.28333912,,
2007,pri,91.06165104,,
2010,pri,82.21343518,,
2003,pri,86.83128814,,
2011,pri,85.21978715,,
2001,pri,89.76179548,,
2008,grd,57.59331302,,
2009,grd,58.09972304,,
2005,grd,47.37386724,,
2006,grd,53.3941698,,
2012,grd,65.94972025,,
2014,grd,78.00933245,,
2013,grd,71.16923944,,
1999,grd,34.0260721,,
2002,grd,36.24528024,,
2017,grd,94.43420431,,
2016,grd,89.26361151,,
2015,grd,82.43037885,,
1998,grd,33.99030854,,
2004,grd,43.14086723,,
2000,grd,34.20824873,,
1997,grd,31.59550948,,
2007,grd,56.57631704,,
2010,grd,58.66696719,,
2003,grd,37.27089937,,
2011,grd,63.72050443,,
2001,grd,35.50236643,,
2008,pip,0.363686598,,
2009,pip,0.324438694,,
2005,pip,0.36380476,,
2006,pip,0.384351176,,
2012,pip,0.279178032,,
2014,pip,0.326375374,,
2013,pip,0.29282564,,
1999,pip,0.400374932,,
2002,pip,0.358305304,,
2017,pip,0.372008141,,
2016,pip,0.35435982,,
2015,pip,0.349270273,,
1998,pip,0.392727607,,
2004,pip,0.388976042,,
2000,pip,0.794818377,,
1997,pip,0.406535729,,
2007,pip,0.396828477,,
2010,pip,0.320092434,,
2003,pip,0.389707983,,
2011,pip,0.2992795,,
2001,pip,0.602368234,,
2008,sle,71.7633393,,
2009,sle,74.67826857,,
2005,sle,61.29516209,,
2006,sle,65.00996083,,
2012,sle,85.01300202,,
2014,sle,92.291984,,
2013,sle,89.41163798,,
1999,sle,45.70733025,,
2002,sle,52.06265165,,
2017,sle,105.8202879,,
2016,sle,101.409134,,
2015,sle,96.53186553,,
1998,sle,44.43264458,,
2004,sle,57.36217361,,
2000,sle,47.16526265,,
1997,sle,43.07632092,,
2007,sle,68.02302318,,
2010,sle,78.43416579,,
2003,sle,54.52448544,,
2011,sle,81.63188215,,
2001,sle,49.50945691,,
2008,osv,685.0348067,,
2009,osv,646.6335274,,
2005,osv,625.503078,,
2006,osv,655.0136475,,
2012,osv,719.4475696,,
2014,osv,779.4498377,,
2013,osv,733.4679508,,
1999,osv,521.6789275,,
2002,osv,576.1723677,,
2017,osv,866.0306969,,
2016,osv,841.1592134,,
2015,osv,805.4682084,,
1998,osv,499.4088273,,
2004,osv,614.619338,,
2000,osv,548.0352182,,
1997,osv,464.1930967,,
2007,osv,671.1187814,,
2010,osv,665.1309663,,
2003,osv,590.8245775,,
2011,osv,689.6695742,,
2001,osv,565.9587312,,
2008,trn,5.879045539,,
2009,trn,5.420264378,,
2005,trn,4.870534352,,
2006,trn,5.036997685,,
2012,trn,7.629780338,,
2014,trn,8.336855475,,
2013,trn,7.927939811,,
1999,trn,4.00691985,,
2002,trn,5.095007172,,
2017,trn,7.918299673,,
2016,trn,7.5509841,,
2015,trn,7.893042915,,
1998,trn,3.621535017,,
2004,trn,4.821475813,,
2000,trn,4.3727187,,
1997,trn,3.432266295,,
2007,trn,4.978396697,,
2010,trn,6.311734676,,
2003,trn,4.852075374,,
2011,trn,7.110307401,,
2001,trn,4.687906641,,
2008,smn,135.0682692,,
2009,smn,89.67623687,,
2005,smn,77.5318079,,
2006,smn,107.2618314,,
2012,smn,172.4434793,,
2014,smn,210.2461654,,
2013,smn,175.713877,,
1999,smn,21.05730493,,
2002,smn,33.93488525,,
2017,smn,122.1205268,,
2016,smn,83.99483478,,
2015,smn,152.3532558,,
1998,smn,25.37748517,,
2004,smn,52.90263537,,
2000,smn,27.03497805,,
1997,smn,25.478978,,
2007,smn,114.8122643,,
2010,smn,106.6123523,,
2003,smn,43.15977427,,
2011,smn,142.2435304,,
2001,smn,38.84694042,,
2008,fmt,456.0664974,,
2009,fmt,357.4111982,,
2005,fmt,371.3629334,,
2006,fmt,408.807872,,
2012,fmt,451.0749635,,
2014,fmt,476.8641949,,
2013,fmt,458.8273821,,
1999,fmt,300.169066,,
2002,fmt,303.9814707,,
2017,fmt,500.6517859,,
2016,fmt,463.3313589,,
2015,fmt,474.5061818,,
1998,fmt,291.2620536,,
2004,fmt,333.9481659,,
2000,fmt,314.9349283,,
1997,fmt,281.0416382,,
2007,fmt,439.690601,,
2010,fmt,385.506365,,
2003,fmt,307.0757574,,
2011,fmt,430.4043801,,
2001,fmt,301.5545978,,
2008,pet,1006.280752,,
2009,pet,694.0023058,,
2005,pet,735.6495563,,
2006,pet,817.3108734,,
2012,pet,1043.473033,,
2014,pet,997.7412284,,
2013,pet,1066.651597,,
1999,pet,326.0843804,,
2002,pet,388.9729807,,
2017,pet,751.7396267,,
2016,pet,645.2202748,,
2015,pet,730.3182163,,
1998,pet,288.9058088,,
2004,pet,557.8310074,,
2000,pet,436.1062469,,
1997,pet,333.4518956,,
2007,pet,880.5747208,,
2010,pet,833.1353668,,
2003,pet,448.5135884,,
2011,pet,1051.893124,,
2001,pet,411.804168,,
2008,mvt,#N/A,,
2009,mvt,#N/A,,
2005,mvt,#N/A,,
2006,mvt,#N/A,,
2012,mvt,#N/A,,
2014,mvt,#N/A,,
2013,mvt,#N/A,,
1999,mvt,#N/A,,
2002,mvt,#N/A,,
2017,mvt,#N/A,,
2016,mvt,#N/A,,
2015,mvt,#N/A,,
1998,mvt,#N/A,,
2004,mvt,#N/A,,
2000,mvt,#N/A,,
1997,mvt,#N/A,,
2007,mvt,#N/A,,
2010,mvt,#N/A,,
2003,mvt,#N/A,,
2011,mvt,#N/A,,
2001,mvt,#N/A,,
2008,cep,672.4407646,,
2009,cep,587.7400435,,
2005,cep,639.9714961,,
2006,cep,676.13695,,
2012,cep,698.4900069,,
2014,cep,717.1227558,,
2013,cep,700.8003686,,
1999,cep,610.9742485,,
2002,cep,551.9767425,,
2017,cep,774.320088,,
2016,cep,724.7419464,,
2015,cep,739.3607044,,
1998,cep,568.0211696,,
2004,cep,601.7523112,,
2000,cep,695.3365739,,
1997,cep,542.8247319,,
2007,cep,703.0443291,,
2010,cep,655.0589274,,
2003,cep,557.1608142,,
2011,cep,680.9046175,,
2001,cep,596.6164024,,
2008,wst,91.66553034,,
2009,wst,87.13269484,,
2005,wst,77.02706408,,
2006,wst,84.46450414,,
2012,wst,96.82890041,,
2014,wst,103.9145493,,
2013,wst,98.88170692,,
1999,wst,57.16255412,,
2002,wst,61.95152227,,
2017,wst,115.4931241,,
2016,wst,109.5063659,,
2015,wst,104.3503032,,
1998,wst,52.47065736,,
2004,wst,71.62642189,,
2000,wst,60.05240504,,
1997,wst,47.55101626,,
2007,wst,88.14436777,,
2010,wst,94.99551344,,
2003,wst,66.27667481,,
2011,wst,96.30371072,,
2001,wst,61.40313592,,
2008,mot,665.1759642,,
2009,mot,505.1910427,,
2005,mot,789.7424901,,
2006,mot,810.5212158,,
2012,mot,843.4154357,,
2014,mot,1009.422255,,
2013,mot,913.1806634,,
1999,mot,717.432715,,
2002,mot,721.6928513,,
2017,mot,1155.242245,,
2016,mot,1130.774862,,
2015,mot,1099.030912,,
1998,mot,617.762549,,
2004,mot,774.0571424,,
2000,mot,712.2763587,,
1997,mot,591.0971927,,
2007,mot,788.8357873,,
2010,mot,666.8942968,,
2003,mot,735.778033,,
2011,mot,748.0947808,,
2001,mot,667.020525,,
2008,adm,596.7266551,,
2009,adm,555.0384033,,
2005,adm,512.2030728,,
2006,adm,547.772071,,
2012,adm,656.2327714,,
2014,adm,750.5344303,,
2013,adm,682.9706579,,
1999,adm,384.5504921,,
2002,adm,414.3230214,,
2017,adm,909.3771705,,
2016,adm,851.2191365,,
2015,adm,799.4249105,,
1998,adm,352.3949385,,
2004,adm,469.1406716,,
2000,adm,421.4179654,,
1997,adm,309.4170915,,
2007,adm,585.5558921,,
2010,adm,585.7483256,,
2003,adm,434.6582571,,
2011,adm,623.1250311,,
2001,adm,417.457494,,
2008,soc,146.6313292,,
2009,soc,155.061648,,
2005,soc,118.1779165,,
2006,soc,125.6423261,,
2012,soc,171.2449726,,
2014,soc,181.3731023,,
2013,soc,173.9283999,,
1999,soc,74.78776701,,
2002,soc,101.8159213,,
2017,soc,211.7225456,,
2016,soc,198.3637932,,
2015,soc,188.4524329,,
1998,soc,67.25867779,,
2004,soc,111.527268,,
2000,soc,84.22633193,,
1997,soc,62.5135314,,
2007,soc,135.0629944,,
2010,soc,164.7652966,,
2003,soc,107.816375,,
2011,soc,167.0168063,,
2001,soc,94.81129713,,
2008,alt,347.5873474,,
2009,alt,324.6978008,,
2005,alt,338.7308077,,
2006,alt,350.2608171,,
2012,alt,379.4572782,,
2014,alt,410.8516562,,
2013,alt,395.6855731,,
1999,alt,298.8651596,,
2002,alt,300.9249388,,
2017,alt,426.008024,,
2016,alt,422.9414055,,
2015,alt,426.1209652,,
1998,alt,288.3699881,,
2004,alt,321.8986426,,
2000,alt,316.7470004,,
1997,alt,282.3955365,,
2007,alt,355.970471,,
2010,alt,350.7711595,,
2003,alt,307.0953585,,
2011,alt,369.1243265,,
2001,alt,306.8031055,,
2008,pmt,372.8731067,,
2009,pmt,205.9620868,,
2005,pmt,279.7448615,,
2006,pmt,332.3653741,,
2012,pmt,352.9023687,,
2014,pmt,355.6115854,,
2013,pmt,348.8497843,,
1999,pmt,219.0696204,,
2002,pmt,182.7312084,,
2017,pmt,310.6424952,,
2016,pmt,273.7633498,,
2015,pmt,308.8386251,,
1998,pmt,236.4549396,,
2004,pmt,251.8996842,,
2000,pmt,229.3719196,,
1997,pmt,226.8252777,,
2007,pmt,350.3468829,,
2010,pmt,287.1715412,,
2003,pmt,178.6426783,,
2011,pmt,356.5359595,,
2001,pmt,187.4652748,,
2008,trk,36.24243129,,
2009,trk,28.62961183,,
2005,trk,40.96576525,,
2006,trk,40.40237548,,
2012,trk,29.6301808,,
2014,trk,33.29947104,,
2013,trk,30.75197005,,
1999,trk,35.22259967,,
2002,trk,39.53381323,,
2017,trk,35.59716518,,
2016,trk,33.589707,,
2015,trk,33.75163695,,
1998,trk,32.63846382,,
2004,trk,39.71386391,,
2000,trk,38.53067599,,
1997,trk,30.07691306,,
2007,trk,37.75341405,,
2010,trk,28.9561539,,
2003,trk,38.42668982,,
2011,trk,29.74223551,,
2001,trk,38.9532811,,
2008,fdd,580.2440567,,
2009,fdd,610.6605376,,
2005,fdd,474.8990927,,
2006,fdd,498.1904907,,
2012,fdd,647.6700084,,
2014,fdd,596.4653526,,
2013,fdd,608.863442,,
1999,fdd,300.1112898,,
2002,fdd,356.1073045,,
2017,fdd,597.9266084,,
2016,fdd,586.2518001,,
2015,fdd,585.4308581,,
1998,fdd,287.709687,,
2004,fdd,445.6826798,,
2000,fdd,307.4143182,,
1997,fdd,291.278198,,
2007,fdd,525.0577697,,
2010,fdd,648.5904936,,
2003,fdd,408.1590254,,
2011,fdd,659.030495,,
2001,fdd,323.6521501,,
2008,gmt,#N/A,,
2009,gmt,#N/A,,
2005,gmt,#N/A,,
2006,gmt,#N/A,,
2012,gmt,#N/A,,
2014,gmt,#N/A,,
2013,gmt,#N/A,,
1999,gmt,#N/A,,
2002,gmt,#N/A,,
2017,gmt,#N/A,,
2016,gmt,#N/A,,
2015,gmt,#N/A,,
1998,gmt,#N/A,,
2004,gmt,#N/A,,
2000,gmt,#N/A,,
1997,gmt,#N/A,,
2007,gmt,#N/A,,
2010,gmt,#N/A,,
2003,gmt,#N/A,,
2011,gmt,#N/A,,
2001,gmt,#N/A,,
2008,wtt,18.96913187,,
2009,wtt,18.15860919,,
2005,wtt,15.81666791,,
2006,wtt,16.82188522,,
2012,wtt,20.27812855,,
2014,wtt,22.08422132,,
2013,wtt,20.65863819,,
1999,wtt,11.00389941,,
2002,wtt,12.45327014,,
2017,wtt,25.20737312,,
2016,wtt,23.4067628,,
2015,wtt,22.43767232,,
1998,wtt,9.637940025,,
2004,wtt,15.27399763,,
2000,wtt,12.09884911,,
1997,wtt,8.83678738,,
2007,wtt,18.22764019,,
2010,wtt,18.56915402,,
2003,wtt,13.6454199,,
2011,wtt,19.20718018,,
2001,wtt,12.69415358,,
2008,wpd,131.9946,,
2009,wpd,99.71621295,,
2005,wpd,174.8862094,,
2006,wpd,172.8215365,,
2012,wpd,118.1116077,,
2014,wpd,145.0791878,,
2013,wpd,134.158282,,
1999,wpd,134.5354932,,
2002,wpd,129.7935521,,
2017,wpd,172.156768,,
2016,wpd,159.912316,,
2015,wpd,151.243702,,
1998,wpd,125.2942122,,
2004,wpd,161.099768,,
2000,wpd,128.7323238,,
1997,wpd,120.7381337,,
2007,wpd,154.7554084,,
2010,wpd,108.595237,,
2003,wpd,136.6508726,,
2011,wpd,110.6460284,,
2001,wpd,124.1917982,,
2008,wht,75.6058664,,
2009,wht,72.87028188,,
2005,wht,68.21639645,,
2006,wht,69.88993695,,
2012,wht,77.25642609,,
2014,wht,89.77901522,,
2013,wht,83.51600848,,
1999,wht,69.64100761,,
2002,wht,63.61040238,,
2017,wht,98.26026674,,
2016,wht,95.92821351,,
2015,wht,94.43834211,,
1998,wht,66.7664795,,
2004,wht,65.41602375,,
2000,wht,71.79337184,,
1997,wht,66.49731831,,
2007,wht,73.28993804,,
2010,wht,73.50302833,,
2003,wht,63.68602237,,
2011,wht,77.15488476,,
2001,wht,66.59413218,,
2008,wrh,80.01193421,,
2009,wrh,81.01544926,,
2005,wrh,55.24018572,,
2006,wrh,64.15360409,,
2012,wrh,111.882264,,
2014,wrh,119.656785,,
2013,wrh,115.9560753,,
1999,wrh,31.86996407,,
2002,wrh,39.95913465,,
2017,wrh,136.1827829,,
2016,wrh,129.9546011,,
2015,wrh,123.596932,,
1998,wrh,29.53460081,,
2004,wrh,50.91694297,,
2000,wrh,34.47538319,,
1997,wrh,27.28414395,,
2007,wrh,72.21674014,,
2010,wrh,90.97854587,,
2003,wrh,45.78055149,,
2011,wrh,100.4329069,,
2001,wrh,36.87260394,,
2008,ott,3.50283925,,
2009,ott,3.484141852,,
2005,ott,2.2319389,,
2006,ott,2.871853446,,
2012,ott,4.366006321,,
2014,ott,5.128472571,,
2013,ott,4.656261348,,
1999,ott,0.81732668,,
2002,ott,1.011802253,,
2017,ott,7.341162182,,
2016,ott,6.494654769,,
2015,ott,5.769049611,,
1998,ott,0.727006778,,
2004,ott,1.729388885,,
2000,ott,1.025712686,,
1997,ott,0.645008002,,
2007,ott,3.520700692,,
2010,ott,3.777686411,,
2003,ott,1.31790236,,
2011,ott,4.09392039,,
2001,ott,0.970621562,,
2008,che,1083.268381,,
2009,che,948.3190294,,
2005,che,903.8513601,,
2006,che,973.80234,,
2012,che,1193.845695,,
2014,che,1253.704486,,
2013,che,1253.097041,,
1999,che,605.8297918,,
2002,che,706.908932,,
2017,che,1284.145562,,
2016,che,1246.57291,,
2015,che,1242.720178,,
1998,che,575.4907831,,
2004,che,810.6790036,,
2000,che,652.2741374,,
1997,che,555.1595925,,
2007,che,1053.865912,,
2010,che,1070.781026,,
2003,che,741.7066183,,
2011,che,1169.583797,,
2001,che,660.3632239,,
2008,air,152.4094526,,
2009,air,129.7772249,,
2005,air,132.7929627,,
2006,air,142.2644352,,
2012,air,170.2598668,,
2014,air,187.1897052,,
2013,air,177.4296996,,
1999,air,111.6346407,,
2002,air,107.7947996,,
2017,air,203.4305328,,
2016,air,192.7099468,,
2015,air,190.1246822,,
1998,air,107.199819,,
2004,air,125.7473347,,
2000,air,125.7790167,,
1997,air,99.14638035,,
2007,air,146.2305517,,
2010,air,142.3563646,,
2003,air,116.8583885,,
2011,air,169.4502329,,
2001,air,112.7222047,,
2008,mmf,380.7649933,,
2009,mmf,336.8108769,,
2005,mmf,343.7190916,,
2006,mmf,363.6249203,,
2012,mmf,379.4057316,,
2014,mmf,399.0957686,,
2013,mmf,390.6369356,,
1999,mmf,246.8144301,,
2002,mmf,287.9174017,,
2017,mmf,436.370653,,
2016,mmf,419.8136485,,
2015,mmf,413.523219,,
1998,mmf,235.1512202,,
2004,mmf,318.3750694,,
2000,mmf,270.1582276,,
1997,mmf,220.7556258,,
2007,mmf,377.0859676,,
2010,mmf,362.4105069,,
2003,mmf,299.5770226,,
2011,mmf,374.9654023,,
2001,mmf,259.5976494,,
2008,otr,179.2148747,,
2009,otr,158.3021138,,
2005,otr,154.2244835,,
2006,otr,169.6488923,,
2012,otr,188.1535977,,
2014,otr,210.4527332,,
2013,otr,196.7046296,,
1999,otr,106.7672538,,
2002,otr,126.7263777,,
2017,otr,235.1590643,,
2016,otr,225.8049055,,
2015,otr,220.7763402,,
1998,otr,96.87438891,,
2004,otr,144.0928148,,
2000,otr,118.2978428,,
1997,otr,86.35308162,,
2007,otr,180.9478053,,
2010,otr,167.1792976,,
2003,otr,132.2702647,,
2011,otr,180.204174,,
2001,otr,122.9395829,,
2008,min,122.056404,,
2009,min,107.7548251,,
2005,min,98.77136321,,
2006,min,110.2864662,,
2012,min,117.0032947,,
2014,min,122.9454895,,
2013,min,114.0198074,,
1999,min,64.01833958,,
2002,min,65.21524141,,
2017,min,108.9098624,,
2016,min,98.44164687,,
2015,min,111.4677952,,
1998,min,65.59556671,,
2004,min,80.72813897,,
2000,min,64.28123437,,
1997,min,66.66741843,,
2007,min,110.4732258,,
2010,min,113.2328865,,
2003,min,69.31817534,,
2011,min,121.9194312,,
2001,min,65.20023445,,
