yr,m,i,value
2008,trn,ppd,12.272577762568900
2009,trn,ppd,9.602496336913300
2005,trn,ppd,9.423831410368560
2006,trn,ppd,10.123942740809700
2012,trn,ppd,12.399974252454500
2014,trn,ppd,13.047604202463800
2013,trn,ppd,12.781318121337700
1999,trn,ppd,6.192902958878980
2002,trn,ppd,8.268722225134660
2017,trn,ppd,12.279054306350300
2016,trn,ppd,11.080899031088000
2015,trn,ppd,11.355158706227200
1998,trn,ppd,6.209706799307630
2004,trn,ppd,8.837861009363360
2000,trn,ppd,4.099364459804240
1997,trn,ppd,6.935311095976910
2007,trn,ppd,11.218119099259800
2010,trn,ppd,10.760691487627900
2003,trn,ppd,8.627565231046100
2011,trn,ppd,12.079832953834900
2001,trn,ppd,8.678646595888490
2008,trd,ppd,34.903781113083700
2009,trd,ppd,34.005560937372700
2005,trd,ppd,31.133357282269300
2006,trd,ppd,32.241984418922000
2012,trd,ppd,39.873664921424000
2014,trd,ppd,42.497551096644800
2013,trd,ppd,41.645904878117900
1999,trd,ppd,24.380339327626900
2002,trd,ppd,27.637776389648300
2017,trd,ppd,45.324355629096100
2016,trd,ppd,43.830210863934200
2015,trd,ppd,43.639739319966000
1998,trd,ppd,22.873380003914100
2004,trd,ppd,29.295661171482700
2000,trd,ppd,26.091319685760000
1997,trd,ppd,22.118154527243600
2007,trd,ppd,34.774781318540200
2010,trd,ppd,36.714270552058000
2003,trd,ppd,27.717752791959300
2011,trd,ppd,38.690809932921400
2001,trd,ppd,26.040718168181100
2008,trn,res,0.000000000002242
2009,trn,res,0.000000000000955
2005,trn,res,0.000000000028573
2006,trn,res,0.000000000068634
2012,trn,res,0.000000000001797
2014,trn,res,0.000000000009243
2013,trn,res,0.000000000006802
1999,trn,res,0.000000000003984
2002,trn,res,0.000000000016409
2017,trn,res,0.000000000005614
2016,trn,res,0.000000000007616
2015,trn,res,0.000000000016670
1998,trn,res,0.000000000001387
2004,trn,res,0.000000000024510
2000,trn,res,0.000000000009037
1997,trn,res,0.000000000003729
2007,trn,res,0.000000000001379
2010,trn,res,0.000000000000424
2003,trn,res,0.000000000019096
2011,trn,res,0.000000000000817
2001,trn,res,0.000000000005366
2008,trd,res,0.000000000002222
2009,trd,res,0.000000000000945
2005,trd,res,0.000000000028141
2006,trd,res,0.000000000067587
2012,trd,res,0.000000000001780
2014,trd,res,0.000000000009172
2013,trd,res,0.000000000006743
1999,trd,res,0.000000000003953
2002,trd,res,0.000000000016274
2017,trd,res,0.000000000005588
2016,trd,res,0.000000000007574
2015,trd,res,0.000000000016557
1998,trd,res,0.000000000001378
2004,trd,res,0.000000000024226
2000,trd,res,0.000000000008972
1997,trd,res,0.000000000003711
2007,trd,res,0.000000000001363
2010,trd,res,0.000000000000419
2003,trd,res,0.000000000018951
2011,trd,res,0.000000000000811
2001,trd,res,0.000000000005318
2008,trn,com,0.000000000002238
2009,trn,com,0.000000000000956
2005,trn,com,0.000000000028547
2006,trn,com,0.000000000068508
2012,trn,com,0.000000000001793
2014,trn,com,0.000000000009238
2013,trn,com,0.000000000006796
1999,trn,com,0.000000000003980
2002,trn,com,0.000000000016392
2017,trn,com,0.000000000005617
2016,trn,com,0.000000000007621
2015,trn,com,0.000000000016691
1998,trn,com,0.000000000001386
2004,trn,com,0.000000000024526
2000,trn,com,0.000000000009029
1997,trn,com,0.000000000003729
2007,trn,com,0.000000000001376
2010,trn,com,0.000000000000424
2003,trn,com,0.000000000019086
2011,trn,com,0.000000000000817
2001,trn,com,0.000000000005362
2008,trd,com,0.000000000002218
2009,trd,com,0.000000000000946
2005,trd,com,0.000000000028115
2006,trd,com,0.000000000067461
2012,trd,com,0.000000000001777
2014,trd,com,0.000000000009166
2013,trd,com,0.000000000006738
1999,trd,com,0.000000000003948
2002,trd,com,0.000000000016258
2017,trd,com,0.000000000005591
2016,trd,com,0.000000000007579
2015,trd,com,0.000000000016578
1998,trd,com,0.000000000001377
2004,trd,com,0.000000000024241
2000,trd,com,0.000000000008964
1997,trd,com,0.000000000003711
2007,trd,com,0.000000000001361
2010,trd,com,0.000000000000419
2003,trd,com,0.000000000018940
2011,trd,com,0.000000000000811
2001,trd,com,0.000000000005314
2008,trn,amb,0.000000000002241
2009,trn,amb,0.000000000000954
2005,trn,amb,0.000000000028544
2006,trn,amb,0.000000000068549
2012,trn,amb,0.000000000001795
2014,trn,amb,0.000000000009234
2013,trn,amb,0.000000000006794
1999,trn,amb,0.000000000003988
2002,trn,amb,0.000000000016418
2017,trn,amb,0.000000000005618
2016,trn,amb,0.000000000007616
2015,trn,amb,0.000000000016669
1998,trn,amb,0.000000000001389
2004,trn,amb,0.000000000024507
2000,trn,amb,0.000000000009044
1997,trn,amb,0.000000000003734
2007,trn,amb,0.000000000001377
2010,trn,amb,0.000000000000423
2003,trn,amb,0.000000000019108
2011,trn,amb,0.000000000000816
2001,trn,amb,0.000000000005371
2008,trd,amb,0.000000000002221
2009,trd,amb,0.000000000000944
2005,trd,amb,0.000000000028112
2006,trd,amb,0.000000000067504
2012,trd,amb,0.000000000001779
2014,trd,amb,0.000000000009163
2013,trd,amb,0.000000000006735
1999,trd,amb,0.000000000003956
2002,trd,amb,0.000000000016283
2017,trd,amb,0.000000000005591
2016,trd,amb,0.000000000007574
2015,trd,amb,0.000000000016555
1998,trd,amb,0.000000000001380
2004,trd,amb,0.000000000024223
2000,trd,amb,0.000000000008980
1997,trd,amb,0.000000000003716
2007,trd,amb,0.000000000001362
2010,trd,amb,0.000000000000418
2003,trd,amb,0.000000000018963
2011,trd,amb,0.000000000000810
2001,trd,amb,0.000000000005323
2008,trn,fbp,24.445169919066800
2009,trn,fbp,21.555310233515900
2005,trn,fbp,16.285066734151100
2006,trn,fbp,20.364208169455900
2012,trn,fbp,26.420749167950800
2014,trn,fbp,28.953140539110700
2013,trn,fbp,26.927674597706600
1999,trn,fbp,12.015605422359700
2002,trn,fbp,15.585148496133300
2017,trn,fbp,26.597172323181900
2016,trn,fbp,25.847878988550700
2015,trn,fbp,25.690577919141000
1998,trn,fbp,11.111896314419600
2004,trn,fbp,14.414142139274100
2000,trn,fbp,12.461430724680100
1997,trn,fbp,10.482115679276700
2007,trn,fbp,22.843520884794400
2010,trn,fbp,23.461085722910900
2003,trn,fbp,15.542239991886600
2011,trn,fbp,25.614462952722000
2001,trn,fbp,13.781563183287200
2008,trd,fbp,326.445688077707000
2009,trd,fbp,320.433761616559000
2005,trd,fbp,283.770344397316000
2006,trd,fbp,298.595169492691000
2012,trd,fbp,380.299924909681000
2014,trd,fbp,407.432743404344000
2013,trd,fbp,395.870564612158000
1999,trd,fbp,214.705442294426000
2002,trd,fbp,243.566615482981000
2017,trd,fbp,456.292425949184000
2016,trd,fbp,431.982541630955000
2015,trd,fbp,427.449317467476000
1998,trd,fbp,202.511794762566000
2004,trd,fbp,270.463611445420000
2000,trd,fbp,223.555524831875000
1997,trd,fbp,198.853213528086000
2007,trd,fbp,316.692580725530000
2010,trd,fbp,343.814424670900000
2003,trd,fbp,262.903597240822000
2011,trd,fbp,357.667235541327000
2001,trd,fbp,233.591028219151000
2008,trn,rec,0.000000000002248
2009,trn,rec,0.000000000000957
2005,trn,rec,0.000000000028622
2006,trn,rec,0.000000000068744
2012,trn,rec,0.000000000001803
2014,trn,rec,0.000000000009271
2013,trn,rec,0.000000000006822
1999,trn,rec,0.000000000004001
2002,trn,rec,0.000000000016459
2017,trn,rec,0.000000000005649
2016,trn,rec,0.000000000007639
2015,trn,rec,0.000000000016708
1998,trn,rec,0.000000000001395
2004,trn,rec,0.000000000024557
2000,trn,rec,0.000000000009067
1997,trn,rec,0.000000000003744
2007,trn,rec,0.000000000001381
2010,trn,rec,0.000000000000425
2003,trn,rec,0.000000000019154
2011,trn,rec,0.000000000000819
2001,trn,rec,0.000000000005392
2008,trd,rec,0.000000000002228
2009,trd,rec,0.000000000000947
2005,trd,rec,0.000000000028189
2006,trd,rec,0.000000000067695
2012,trd,rec,0.000000000001786
2014,trd,rec,0.000000000009199
2013,trd,rec,0.000000000006763
1999,trd,rec,0.000000000003969
2002,trd,rec,0.000000000016324
2017,trd,rec,0.000000000005622
2016,trd,rec,0.000000000007597
2015,trd,rec,0.000000000016595
1998,trd,rec,0.000000000001386
2004,trd,rec,0.000000000024273
2000,trd,rec,0.000000000009002
1997,trd,rec,0.000000000003725
2007,trd,rec,0.000000000001366
2010,trd,rec,0.000000000000420
2003,trd,rec,0.000000000019008
2011,trd,rec,0.000000000000813
2001,trd,rec,0.000000000005344
2008,trn,con,0.000000000002240
2009,trn,con,0.000000000000956
2005,trn,con,0.000000000028538
2006,trn,con,0.000000000068531
2012,trn,con,0.000000000001797
2014,trn,con,0.000000000009254
2013,trn,con,0.000000000006809
1999,trn,con,0.000000000003985
2002,trn,con,0.000000000016412
2017,trn,con,0.000000000005619
2016,trn,con,0.000000000007627
2015,trn,con,0.000000000016706
1998,trn,con,0.000000000001388
2004,trn,con,0.000000000024516
2000,trn,con,0.000000000009040
1997,trn,con,0.000000000003732
2007,trn,con,0.000000000001378
2010,trn,con,0.000000000000424
2003,trn,con,0.000000000019102
2011,trn,con,0.000000000000818
2001,trn,con,0.000000000005368
2008,trd,con,0.000000000002220
2009,trd,con,0.000000000000947
2005,trd,con,0.000000000028107
2006,trd,con,0.000000000067485
2012,trd,con,0.000000000001781
2014,trd,con,0.000000000009182
2013,trd,con,0.000000000006750
1999,trd,con,0.000000000003953
2002,trd,con,0.000000000016277
2017,trd,con,0.000000000005593
2016,trd,con,0.000000000007585
2015,trd,con,0.000000000016592
1998,trd,con,0.000000000001379
2004,trd,con,0.000000000024232
2000,trd,con,0.000000000008975
1997,trd,con,0.000000000003714
2007,trd,con,0.000000000001362
2010,trd,con,0.000000000000419
2003,trd,con,0.000000000018956
2011,trd,con,0.000000000000811
2001,trd,con,0.000000000005320
2008,trn,agr,40.679781850460800
2009,trn,agr,39.846334295002300
2005,trn,agr,32.827129285403600
2006,trn,agr,35.054417135431900
2012,trn,agr,50.212023788256500
2014,trn,agr,50.585993204505100
2013,trn,agr,48.953218729893700
1999,trn,agr,21.535829322558300
2002,trn,agr,17.835628237875600
2017,trn,agr,59.049809357128000
2016,trn,agr,61.009857258216100
2015,trn,agr,58.698702463538700
1998,trn,agr,21.826039526226700
2004,trn,agr,28.604421620221900
2000,trn,agr,21.920221091254200
1997,trn,agr,21.620837873322300
2007,trn,agr,36.050606851194300
2010,trn,agr,41.561093024012200
2003,trn,agr,21.815415075366300
2011,trn,agr,44.423644694822800
2001,trn,agr,20.238740835308800
2008,trd,agr,63.403478411745400
2009,trd,agr,59.269963890510800
2005,trd,agr,52.771836717799600
2006,trd,agr,57.017274568434600
2012,trd,agr,74.662714736236200
2014,trd,agr,84.923265476531600
2013,trd,agr,81.583932317141200
1999,trd,agr,41.647919947242300
2002,trd,agr,47.164037419122800
2017,trd,agr,90.287037975238000
2016,trd,agr,85.429296383423600
2015,trd,agr,85.181846110428100
1998,trd,agr,38.326734984851500
2004,trd,agr,51.402216803281000
2000,trd,agr,43.918845445592900
1997,trd,agr,38.067043783283000
2007,trd,agr,62.333902698416200
2010,trd,agr,67.610556664839600
2003,trd,agr,49.563957793507600
2011,trd,agr,73.166073956324700
2001,trd,agr,45.374331101170400
2008,trn,eec,7.362993896934160
2009,trn,eec,5.295381492823410
2005,trn,eec,6.590329746016430
2006,trn,eec,7.086903585490360
2012,trn,eec,6.930027857629690
2014,trn,eec,8.324058531426790
2013,trn,eec,7.430362241152570
1999,trn,eec,4.357195465298780
2002,trn,eec,4.372068053466380
2017,trn,eec,7.988404419516680
2016,trn,eec,7.375929528605320
2015,trn,eec,7.469119346061270
1998,trn,eec,3.894462606930670
2004,trn,eec,5.575899065560880
2000,trn,eec,5.655185509100330
1997,trn,eec,3.508923718257790
2007,trn,eec,6.701872320761790
2010,trn,eec,5.106511763374990
2003,trn,eec,4.467606988259000
2011,trn,eec,6.016628019511300
2001,trn,eec,4.199267891007960
2008,trd,eec,65.252139830256700
2009,trd,eec,57.204500066002800
2005,trd,eec,58.671964286495600
2006,trd,eec,65.355209612482400
2012,trd,eec,79.983740654118600
2014,trd,eec,92.421250636939000
2013,trd,eec,86.389118045002100
1999,trd,eec,41.615926135072600
2002,trd,eec,45.142943523107100
2017,trd,eec,105.518906400995000
2016,trd,eec,99.615500680360900
2015,trd,eec,96.643875966073800
1998,trd,eec,37.609675365454900
2004,trd,eec,55.263533372738700
2000,trd,eec,45.752643560369100
1997,trd,eec,35.283178520654100
2007,trd,eec,67.577418516537400
2010,trd,eec,67.672788978481200
2003,trd,eec,48.069701610361800
2011,trd,eec,72.875396419741000
2001,trd,eec,42.385396122255200
2008,trn,fnd,0.000000000002238
2009,trn,fnd,0.000000000000955
2005,trn,fnd,0.000000000028573
2006,trn,fnd,0.000000000068583
2012,trn,fnd,0.000000000001796
2014,trn,fnd,0.000000000009243
2013,trn,fnd,0.000000000006801
1999,trn,fnd,0.000000000003989
2002,trn,fnd,0.000000000016429
2017,trn,fnd,0.000000000005620
2016,trn,fnd,0.000000000007621
2015,trn,fnd,0.000000000016686
1998,trn,fnd,0.000000000001390
2004,trn,fnd,0.000000000024540
2000,trn,fnd,0.000000000009047
1997,trn,fnd,0.000000000003737
2007,trn,fnd,0.000000000001378
2010,trn,fnd,0.000000000000424
2003,trn,fnd,0.000000000019120
2011,trn,fnd,0.000000000000817
2001,trn,fnd,0.000000000005374
2008,trd,fnd,0.000000000002218
2009,trd,fnd,0.000000000000946
2005,trd,fnd,0.000000000028141
2006,trd,fnd,0.000000000067537
2012,trd,fnd,0.000000000001779
2014,trd,fnd,0.000000000009172
2013,trd,fnd,0.000000000006742
1999,trd,fnd,0.000000000003957
2002,trd,fnd,0.000000000016295
2017,trd,fnd,0.000000000005594
2016,trd,fnd,0.000000000007579
2015,trd,fnd,0.000000000016573
1998,trd,fnd,0.000000000001381
2004,trd,fnd,0.000000000024256
2000,trd,fnd,0.000000000008982
1997,trd,fnd,0.000000000003719
2007,trd,fnd,0.000000000001362
2010,trd,fnd,0.000000000000419
2003,trd,fnd,0.000000000018975
2011,trd,fnd,0.000000000000811
2001,trd,fnd,0.000000000005327
2008,trn,pub,5.047054910763810
2009,trn,pub,3.901806463806520
2005,trn,pub,4.179462321261190
2006,trn,pub,4.389827284627470
2012,trn,pub,4.334913921152170
2014,trn,pub,4.432801097185280
2013,trn,pub,4.230654224219980
1999,trn,pub,3.033226531525380
2002,trn,pub,3.582328176275790
2017,trn,pub,4.420374607368980
2016,trn,pub,3.889398310880450
2015,trn,pub,3.795316049144600
1998,trn,pub,2.751109719545910
2004,trn,pub,3.893019739876800
2000,trn,pub,3.534076385403860
1997,trn,pub,2.621632853697160
2007,trn,pub,4.743602885393380
2010,trn,pub,3.726969839952020
2003,trn,pub,3.721884025709980
2011,trn,pub,3.902808169500390
2001,trn,pub,3.492017228739250
2008,trd,pub,54.193978133999800
2009,trd,pub,52.445450989675300
2005,trd,pub,45.528448474897200
2006,trd,pub,46.534993260009700
2012,trd,pub,70.075518694088400
2014,trd,pub,80.773544293636400
2013,trd,pub,76.807564328477800
1999,trd,pub,32.341720814486400
2002,trd,pub,35.110001424033000
2017,trd,pub,93.356368431835900
2016,trd,pub,89.528215269524500
2015,trd,pub,85.098998933720700
1998,trd,pub,30.018633621926100
2004,trd,pub,41.697986801733800
2000,trd,pub,34.533678106120000
1997,trd,pub,27.405874107733400
2007,trd,pub,49.376399284395200
2010,trd,pub,62.210692618509500
2003,trd,pub,37.893849321427800
2011,trd,pub,69.511281826134900
2001,trd,pub,32.994417650848300
2008,trn,hou,0.000000000002238
2009,trn,hou,0.000000000000954
2005,trn,hou,0.000000000028498
2006,trn,hou,0.000000000068417
2012,trn,hou,0.000000000001793
2014,trn,hou,0.000000000009240
2013,trn,hou,0.000000000006796
1999,trn,hou,0.000000000003986
2002,trn,hou,0.000000000016422
2017,trn,hou,0.000000000005619
2016,trn,hou,0.000000000007619
2015,trn,hou,0.000000000016676
1998,trn,hou,0.000000000001388
2004,trn,hou,0.000000000024499
2000,trn,hou,0.000000000009042
1997,trn,hou,0.000000000003732
2007,trn,hou,0.000000000001377
2010,trn,hou,0.000000000000423
2003,trn,hou,0.000000000019117
2011,trn,hou,0.000000000000816
2001,trn,hou,0.000000000005371
2008,trd,hou,0.000000000002218
2009,trd,hou,0.000000000000944
2005,trd,hou,0.000000000028066
2006,trd,hou,0.000000000067370
2012,trd,hou,0.000000000001777
2014,trd,hou,0.000000000009169
2013,trd,hou,0.000000000006737
1999,trd,hou,0.000000000003955
2002,trd,hou,0.000000000016287
2017,trd,hou,0.000000000005593
2016,trd,hou,0.000000000007577
2015,trd,hou,0.000000000016563
1998,trd,hou,0.000000000001380
2004,trd,hou,0.000000000024214
2000,trd,hou,0.000000000008978
1997,trd,hou,0.000000000003714
2007,trd,hou,0.000000000001361
2010,trd,hou,0.000000000000418
2003,trd,hou,0.000000000018971
2011,trd,hou,0.000000000000810
2001,trd,hou,0.000000000005323
2008,trn,fbt,#N/A
2009,trn,fbt,#N/A
2005,trn,fbt,#N/A
2006,trn,fbt,#N/A
2012,trn,fbt,#N/A
2014,trn,fbt,#N/A
2013,trn,fbt,#N/A
1999,trn,fbt,#N/A
2002,trn,fbt,#N/A
2017,trn,fbt,#N/A
2016,trn,fbt,#N/A
2015,trn,fbt,#N/A
1998,trn,fbt,#N/A
2004,trn,fbt,#N/A
2000,trn,fbt,#N/A
1997,trn,fbt,#N/A
2007,trn,fbt,#N/A
2010,trn,fbt,#N/A
2003,trn,fbt,#N/A
2011,trn,fbt,#N/A
2001,trn,fbt,#N/A
2008,trd,fbt,#N/A
2009,trd,fbt,#N/A
2005,trd,fbt,#N/A
2006,trd,fbt,#N/A
2012,trd,fbt,#N/A
2014,trd,fbt,#N/A
2013,trd,fbt,#N/A
1999,trd,fbt,#N/A
2002,trd,fbt,#N/A
2017,trd,fbt,#N/A
2016,trd,fbt,#N/A
2015,trd,fbt,#N/A
1998,trd,fbt,#N/A
2004,trd,fbt,#N/A
2000,trd,fbt,#N/A
1997,trd,fbt,#N/A
2007,trd,fbt,#N/A
2010,trd,fbt,#N/A
2003,trd,fbt,#N/A
2011,trd,fbt,#N/A
2001,trd,fbt,#N/A
2008,trn,ins,0.000000000002242
2009,trn,ins,0.000000000000958
2005,trn,ins,0.000000000028561
2006,trn,ins,0.000000000068565
2012,trn,ins,0.000000000001797
2014,trn,ins,0.000000000009250
2013,trn,ins,0.000000000006807
1999,trn,ins,0.000000000003975
2002,trn,ins,0.000000000016398
2017,trn,ins,0.000000000005615
2016,trn,ins,0.000000000007622
2015,trn,ins,0.000000000016701
1998,trn,ins,0.000000000001385
2004,trn,ins,0.000000000024545
2000,trn,ins,0.000000000009019
1997,trn,ins,0.000000000003725
2007,trn,ins,0.000000000001377
2010,trn,ins,0.000000000000424
2003,trn,ins,0.000000000019094
2011,trn,ins,0.000000000000818
2001,trn,ins,0.000000000005360
2008,trd,ins,0.000000000002222
2009,trd,ins,0.000000000000948
2005,trd,ins,0.000000000028129
2006,trd,ins,0.000000000067517
2012,trd,ins,0.000000000001780
2014,trd,ins,0.000000000009179
2013,trd,ins,0.000000000006748
1999,trd,ins,0.000000000003944
2002,trd,ins,0.000000000016264
2017,trd,ins,0.000000000005589
2016,trd,ins,0.000000000007580
2015,trd,ins,0.000000000016587
1998,trd,ins,0.000000000001376
2004,trd,ins,0.000000000024260
2000,trd,ins,0.000000000008955
1997,trd,ins,0.000000000003707
2007,trd,ins,0.000000000001362
2010,trd,ins,0.000000000000419
2003,trd,ins,0.000000000018949
2011,trd,ins,0.000000000000811
2001,trd,ins,0.000000000005312
2008,trn,tex,3.972214856571800
2009,trn,tex,2.916794181434700
2005,trn,tex,3.733730359805220
2006,trn,tex,3.654857277711780
2012,trn,tex,4.180802126466840
2014,trn,tex,4.556006443899920
2013,trn,tex,4.262861692306030
1999,trn,tex,2.573854589064470
2002,trn,tex,3.346088530775880
2017,trn,tex,4.355544633612590
2016,trn,tex,3.836077978390730
2015,trn,tex,3.891595610262410
1998,trn,tex,2.638091320609240
2004,trn,tex,3.542510153150860
2000,trn,tex,1.612575088394960
1997,trn,tex,3.077473483262870
2007,trn,tex,3.803615354539480
2010,trn,tex,3.414873296904370
2003,trn,tex,3.484512162358860
2011,trn,tex,3.912474629968640
2001,trn,tex,3.541896739137390
2008,trd,tex,52.319095122368900
2009,trd,tex,46.803399332057300
2005,trd,tex,54.503330091235500
2006,trd,tex,55.266329478318300
2012,trd,tex,55.591884067925700
2014,trd,tex,62.277526809510100
2013,trd,tex,58.471819061255500
1999,trd,tex,39.155882360141400
2002,trd,tex,44.064911737137100
2017,trd,tex,69.164604030554200
2016,trd,tex,65.854890009795800
2015,trd,tex,64.364727650129500
1998,trd,tex,36.165756634549700
2004,trd,tex,52.029754884265700
2000,trd,tex,42.002436052395300
1997,trd,tex,35.272284755009000
2007,trd,tex,55.507611514047000
2010,trd,tex,49.407914427096900
2003,trd,tex,46.389978033355700
2011,trd,tex,51.587010711616300
2001,trd,tex,42.759496017418900
2008,trn,leg,0.000000000002225
2009,trn,leg,0.000000000000951
2005,trn,leg,0.000000000028449
2006,trn,leg,0.000000000068238
2012,trn,leg,0.000000000001783
2014,trn,leg,0.000000000009173
2013,trn,leg,0.000000000006749
1999,trn,leg,0.000000000003955
2002,trn,leg,0.000000000016321
2017,trn,leg,0.000000000005577
2016,trn,leg,0.000000000007582
2015,trn,leg,0.000000000016612
1998,trn,leg,0.000000000001378
2004,trn,leg,0.000000000024449
2000,trn,leg,0.000000000008986
1997,trn,leg,0.000000000003712
2007,trn,leg,0.000000000001370
2010,trn,leg,0.000000000000422
2003,trn,leg,0.000000000019007
2011,trn,leg,0.000000000000813
2001,trn,leg,0.000000000005335
2008,trd,leg,0.000000000002206
2009,trd,leg,0.000000000000941
2005,trd,leg,0.000000000028018
2006,trd,leg,0.000000000067196
2012,trd,leg,0.000000000001766
2014,trd,leg,0.000000000009103
2013,trd,leg,0.000000000006691
1999,trd,leg,0.000000000003924
2002,trd,leg,0.000000000016187
2017,trd,leg,0.000000000005552
2016,trd,leg,0.000000000007540
2015,trd,leg,0.000000000016499
1998,trd,leg,0.000000000001369
2004,trd,leg,0.000000000024166
2000,trd,leg,0.000000000008922
1997,trd,leg,0.000000000003694
2007,trd,leg,0.000000000001355
2010,trd,leg,0.000000000000417
2003,trd,leg,0.000000000018862
2011,trd,leg,0.000000000000807
2001,trd,leg,0.000000000005288
2008,trn,fen,0.000000000002225
2009,trn,fen,0.000000000000949
2005,trn,fen,0.000000000028488
2006,trn,fen,0.000000000068315
2012,trn,fen,0.000000000001781
2014,trn,fen,0.000000000009159
2013,trn,fen,0.000000000006743
1999,trn,fen,0.000000000003936
2002,trn,fen,0.000000000016237
2017,trn,fen,0.000000000005535
2016,trn,fen,0.000000000007553
2015,trn,fen,0.000000000016582
1998,trn,fen,0.000000000001369
2004,trn,fen,0.000000000024409
2000,trn,fen,0.000000000008939
1997,trn,fen,0.000000000003696
2007,trn,fen,0.000000000001368
2010,trn,fen,0.000000000000422
2003,trn,fen,0.000000000018912
2011,trn,fen,0.000000000000812
2001,trn,fen,0.000000000005295
2008,trd,fen,0.000000000002206
2009,trd,fen,0.000000000000939
2005,trd,fen,0.000000000028061
2006,trd,fen,0.000000000067278
2012,trd,fen,0.000000000001765
2014,trd,fen,0.000000000009089
2013,trd,fen,0.000000000006685
1999,trd,fen,0.000000000003905
2002,trd,fen,0.000000000016104
2017,trd,fen,0.000000000005509
2016,trd,fen,0.000000000007512
2015,trd,fen,0.000000000016470
1998,trd,fen,0.000000000001360
2004,trd,fen,0.000000000024127
2000,trd,fen,0.000000000008875
1997,trd,fen,0.000000000003679
2007,trd,fen,0.000000000001352
2010,trd,fen,0.000000000000417
2003,trd,fen,0.000000000018769
2011,trd,fen,0.000000000000806
2001,trd,fen,0.000000000005248
2008,trn,uti,0.000000000002233
2009,trn,uti,0.000000000000952
2005,trn,uti,0.000000000028483
2006,trn,uti,0.000000000068357
2012,trn,uti,0.000000000001788
2014,trn,uti,0.000000000009212
2013,trn,uti,0.000000000006776
1999,trn,uti,0.000000000003969
2002,trn,uti,0.000000000016358
2017,trn,uti,0.000000000005606
2016,trn,uti,0.000000000007604
2015,trn,uti,0.000000000016647
1998,trn,uti,0.000000000001383
2004,trn,uti,0.000000000024464
2000,trn,uti,0.000000000009005
1997,trn,uti,0.000000000003721
2007,trn,uti,0.000000000001373
2010,trn,uti,0.000000000000422
2003,trn,uti,0.000000000019046
2011,trn,uti,0.000000000000815
2001,trn,uti,0.000000000005350
2008,trd,uti,0.000000000002213
2009,trd,uti,0.000000000000943
2005,trd,uti,0.000000000028053
2006,trd,uti,0.000000000067313
2012,trd,uti,0.000000000001772
2014,trd,uti,0.000000000009141
2013,trd,uti,0.000000000006718
1999,trd,uti,0.000000000003937
2002,trd,uti,0.000000000016224
2017,trd,uti,0.000000000005580
2016,trd,uti,0.000000000007562
2015,trd,uti,0.000000000016534
1998,trd,uti,0.000000000001374
2004,trd,uti,0.000000000024180
2000,trd,uti,0.000000000008941
1997,trd,uti,0.000000000003703
2007,trd,uti,0.000000000001358
2010,trd,uti,0.000000000000417
2003,trd,uti,0.000000000018901
2011,trd,uti,0.000000000000809
2001,trd,uti,0.000000000005302
2008,trn,nmp,18.662896753984800
2009,trn,nmp,15.208368936079300
2005,trn,nmp,17.338887984805300
2006,trn,nmp,19.691583994665300
2012,trn,nmp,17.469483839262300
2014,trn,nmp,20.742562324356400
2013,trn,nmp,17.988959929735200
1999,trn,nmp,11.807129115306500
2002,trn,nmp,14.092137582265100
2017,trn,nmp,26.101126380003000
2016,trn,nmp,24.161303151347600
2015,trn,nmp,24.012138562902500
1998,trn,nmp,10.687367395312200
2004,trn,nmp,15.251909740638600
2000,trn,nmp,12.724453488915900
1997,trn,nmp,9.681548355302830
2007,trn,nmp,21.144496679008500
2010,trn,nmp,14.236175403128300
2003,trn,nmp,14.822423088351300
2011,trn,nmp,15.863640775997000
2001,trn,nmp,13.289924534202000
2008,trd,nmp,31.804844494230500
2009,trd,nmp,25.897575088659300
2005,trd,nmp,33.469952134459200
2006,trd,nmp,36.340866367915100
2012,trd,nmp,30.479105777784300
2014,trd,nmp,35.966406135642100
2013,trd,nmp,33.113055093808700
1999,trd,nmp,23.599717688319500
2002,trd,nmp,25.945420038917400
2017,trd,nmp,45.600911147728800
2016,trd,nmp,41.493577048745200
2015,trd,nmp,38.455312337926400
1998,trd,nmp,22.322129329223600
2004,trd,nmp,30.378455716067400
2000,trd,nmp,25.380550145380400
1997,trd,nmp,20.242216713851900
2007,trd,nmp,37.023389267653300
2010,trd,nmp,27.725364093290400
2003,trd,nmp,27.740238194481100
2011,trd,nmp,29.403541947555300
2001,trd,nmp,25.386311280766400
2008,trn,brd,0.000000000002231
2009,trn,brd,0.000000000000952
2005,trn,brd,0.000000000028463
2006,trn,brd,0.000000000068269
2012,trn,brd,0.000000000001788
2014,trn,brd,0.000000000009207
2013,trn,brd,0.000000000006773
1999,trn,brd,0.000000000003973
2002,trn,brd,0.000000000016371
2017,trn,brd,0.000000000005608
2016,trn,brd,0.000000000007602
2015,trn,brd,0.000000000016644
1998,trn,brd,0.000000000001385
2004,trn,brd,0.000000000024467
2000,trn,brd,0.000000000009014
1997,trn,brd,0.000000000003725
2007,trn,brd,0.000000000001372
2010,trn,brd,0.000000000000422
2003,trn,brd,0.000000000019052
2011,trn,brd,0.000000000000815
2001,trn,brd,0.000000000005352
2008,trd,brd,0.000000000002211
2009,trd,brd,0.000000000000942
2005,trd,brd,0.000000000028032
2006,trd,brd,0.000000000067226
2012,trd,brd,0.000000000001771
2014,trd,brd,0.000000000009137
2013,trd,brd,0.000000000006715
1999,trd,brd,0.000000000003942
2002,trd,brd,0.000000000016237
2017,trd,brd,0.000000000005582
2016,trd,brd,0.000000000007560
2015,trd,brd,0.000000000016531
1998,trd,brd,0.000000000001376
2004,trd,brd,0.000000000024183
2000,trd,brd,0.000000000008949
1997,trd,brd,0.000000000003707
2007,trd,brd,0.000000000001356
2010,trd,brd,0.000000000000417
2003,trd,brd,0.000000000018907
2011,trd,brd,0.000000000000808
2001,trd,brd,0.000000000005304
2008,trn,bnk,0.000000000002232
2009,trn,bnk,0.000000000000954
2005,trn,bnk,0.000000000028513
2006,trn,bnk,0.000000000068371
2012,trn,bnk,0.000000000001788
2014,trn,bnk,0.000000000009212
2013,trn,bnk,0.000000000006775
1999,trn,bnk,0.000000000003977
2002,trn,bnk,0.000000000016390
2017,trn,bnk,0.000000000005612
2016,trn,bnk,0.000000000007605
2015,trn,bnk,0.000000000016656
1998,trn,bnk,0.000000000001386
2004,trn,bnk,0.000000000024527
2000,trn,bnk,0.000000000009023
1997,trn,bnk,0.000000000003727
2007,trn,bnk,0.000000000001374
2010,trn,bnk,0.000000000000423
2003,trn,bnk,0.000000000019083
2011,trn,bnk,0.000000000000815
2001,trn,bnk,0.000000000005358
2008,trd,bnk,0.000000000002213
2009,trd,bnk,0.000000000000944
2005,trd,bnk,0.000000000028081
2006,trd,bnk,0.000000000067325
2012,trd,bnk,0.000000000001771
2014,trd,bnk,0.000000000009141
2013,trd,bnk,0.000000000006717
1999,trd,bnk,0.000000000003945
2002,trd,bnk,0.000000000016256
2017,trd,bnk,0.000000000005585
2016,trd,bnk,0.000000000007563
2015,trd,bnk,0.000000000016543
1998,trd,bnk,0.000000000001377
2004,trd,bnk,0.000000000024242
2000,trd,bnk,0.000000000008959
1997,trd,bnk,0.000000000003709
2007,trd,bnk,0.000000000001358
2010,trd,bnk,0.000000000000417
2003,trd,bnk,0.000000000018937
2011,trd,bnk,0.000000000000809
2001,trd,bnk,0.000000000005310
2008,trn,ore,0.000000000002232
2009,trn,ore,0.000000000000954
2005,trn,ore,0.000000000028487
2006,trn,ore,0.000000000068331
2012,trn,ore,0.000000000001789
2014,trn,ore,0.000000000009230
2013,trn,ore,0.000000000006786
1999,trn,ore,0.000000000003973
2002,trn,ore,0.000000000016372
2017,trn,ore,0.000000000005620
2016,trn,ore,0.000000000007623
2015,trn,ore,0.000000000016699
1998,trn,ore,0.000000000001384
2004,trn,ore,0.000000000024499
2000,trn,ore,0.000000000009013
1997,trn,ore,0.000000000003727
2007,trn,ore,0.000000000001374
2010,trn,ore,0.000000000000423
2003,trn,ore,0.000000000019066
2011,trn,ore,0.000000000000816
2001,trn,ore,0.000000000005348
2008,trd,ore,0.000000000002213
2009,trd,ore,0.000000000000944
2005,trd,ore,0.000000000028055
2006,trd,ore,0.000000000067284
2012,trd,ore,0.000000000001773
2014,trd,ore,0.000000000009158
2013,trd,ore,0.000000000006727
1999,trd,ore,0.000000000003941
2002,trd,ore,0.000000000016237
2017,trd,ore,0.000000000005594
2016,trd,ore,0.000000000007581
2015,trd,ore,0.000000000016585
1998,trd,ore,0.000000000001376
2004,trd,ore,0.000000000024214
2000,trd,ore,0.000000000008948
1997,trd,ore,0.000000000003709
2007,trd,ore,0.000000000001358
2010,trd,ore,0.000000000000418
2003,trd,ore,0.000000000018921
2011,trd,ore,0.000000000000809
2001,trd,ore,0.000000000005300
2008,trn,edu,0.000000000002237
2009,trn,edu,0.000000000000954
2005,trn,edu,0.000000000028529
2006,trn,edu,0.000000000068468
2012,trn,edu,0.000000000001793
2014,trn,edu,0.000000000009232
2013,trn,edu,0.000000000006790
1999,trn,edu,0.000000000003987
2002,trn,edu,0.000000000016416
2017,trn,edu,0.000000000005619
2016,trn,edu,0.000000000007617
2015,trn,edu,0.000000000016674
1998,trn,edu,0.000000000001389
2004,trn,edu,0.000000000024504
2000,trn,edu,0.000000000009043
1997,trn,edu,0.000000000003733
2007,trn,edu,0.000000000001376
2010,trn,edu,0.000000000000423
2003,trn,edu,0.000000000019100
2011,trn,edu,0.000000000000816
2001,trn,edu,0.000000000005372
2008,trd,edu,0.000000000002217
2009,trd,edu,0.000000000000944
2005,trd,edu,0.000000000028097
2006,trd,edu,0.000000000067423
2012,trd,edu,0.000000000001776
2014,trd,edu,0.000000000009161
2013,trd,edu,0.000000000006732
1999,trd,edu,0.000000000003956
2002,trd,edu,0.000000000016282
2017,trd,edu,0.000000000005593
2016,trd,edu,0.000000000007575
2015,trd,edu,0.000000000016561
1998,trd,edu,0.000000000001380
2004,trd,edu,0.000000000024220
2000,trd,edu,0.000000000008978
1997,trd,edu,0.000000000003715
2007,trd,edu,0.000000000001361
2010,trd,edu,0.000000000000418
2003,trd,edu,0.000000000018955
2011,trd,edu,0.000000000000810
2001,trd,edu,0.000000000005324
2008,trn,ote,4.009750577505000
2009,trn,ote,2.347895025916350
2005,trn,ote,2.725269562523270
2006,trn,ote,3.143587957488360
2012,trn,ote,3.807558717398830
2014,trn,ote,4.529085590253630
2013,trn,ote,4.086182409048010
1999,trn,ote,1.758012038848970
2002,trn,ote,1.735900033336900
2017,trn,ote,4.360716327554380
2016,trn,ote,3.990675959110200
2015,trn,ote,4.172602406334380
1998,trn,ote,1.644695755227050
2004,trn,ote,2.000075493268360
2000,trn,ote,2.829408858135430
1997,trn,ote,1.501538536397860
2007,trn,ote,3.559591730847380
2010,trn,ote,1.988386661749530
2003,trn,ote,1.747397608612880
2011,trn,ote,2.315126798898780
2001,trn,ote,1.578077225779070
2008,trd,ote,16.477324523244400
2009,trd,ote,11.825082615091000
2005,trd,ote,15.992464115276900
2006,trd,ote,16.364472244856000
2012,trd,ote,24.029426901186200
2014,trd,ote,24.414185233736500
2013,trd,ote,23.681453724208400
1999,trd,ote,12.907330246557900
2002,trd,ote,14.201777860173800
2017,trd,ote,27.868679132911000
2016,trd,ote,26.377078127687400
2015,trd,ote,25.452051064713700
1998,trd,ote,11.022400759250300
2004,trd,ote,15.822343519435000
2000,trd,ote,14.838009928332900
1997,trd,ote,10.176176810189300
2007,trd,ote,18.368354171322600
2010,trd,ote,17.766180454967700
2003,trd,ote,15.381408352635600
2011,trd,ote,19.482509133358100
2001,trd,ote,12.045708287168800
2008,trn,man,0.000000000002229
2009,trn,man,0.000000000000953
2005,trn,man,0.000000000028439
2006,trn,man,0.000000000068193
2012,trn,man,0.000000000001785
2014,trn,man,0.000000000009206
2013,trn,man,0.000000000006769
1999,trn,man,0.000000000003963
2002,trn,man,0.000000000016331
2017,trn,man,0.000000000005600
2016,trn,man,0.000000000007603
2015,trn,man,0.000000000016660
1998,trn,man,0.000000000001381
2004,trn,man,0.000000000024471
2000,trn,man,0.000000000008996
1997,trn,man,0.000000000003719
2007,trn,man,0.000000000001371
2010,trn,man,0.000000000000422
2003,trn,man,0.000000000019028
2011,trn,man,0.000000000000814
2001,trn,man,0.000000000005334
2008,trd,man,0.000000000002210
2009,trd,man,0.000000000000943
2005,trd,man,0.000000000028008
2006,trd,man,0.000000000067149
2012,trd,man,0.000000000001769
2014,trd,man,0.000000000009135
2013,trd,man,0.000000000006710
1999,trd,man,0.000000000003931
2002,trd,man,0.000000000016197
2017,trd,man,0.000000000005574
2016,trd,man,0.000000000007561
2015,trd,man,0.000000000016547
1998,trd,man,0.000000000001372
2004,trd,man,0.000000000024187
2000,trd,man,0.000000000008931
1997,trd,man,0.000000000003701
2007,trd,man,0.000000000001356
2010,trd,man,0.000000000000417
2003,trd,man,0.000000000018883
2011,trd,man,0.000000000000808
2001,trd,man,0.000000000005286
2008,trn,mch,10.841458552124000
2009,trn,mch,8.718068201104330
2005,trn,mch,9.023489928154730
2006,trn,mch,10.032491283918700
2012,trn,mch,15.461884559143600
2014,trn,mch,17.337815744655300
2013,trn,mch,15.117756821179900
1999,trn,mch,5.871173320916310
2002,trn,mch,7.290543827882220
2017,trn,mch,16.270510370847000
2016,trn,mch,15.421377478571800
2015,trn,mch,16.631574765443000
1998,trn,mch,5.981065673204250
2004,trn,mch,8.091651025019910
2000,trn,mch,6.539351505822640
1997,trn,mch,5.612051753438520
2007,trn,mch,10.607658990754200
2010,trn,mch,12.211485629126400
2003,trn,mch,7.403488146656810
2011,trn,mch,14.030997327493100
2001,trn,mch,6.769527908149390
2008,trd,mch,111.681286399916000
2009,trd,mch,94.268130478470500
2005,trd,mch,97.910937645631000
2006,trd,mch,102.548109333448000
2012,trd,mch,152.727469759135000
2014,trd,mch,163.673239723487000
2013,trd,mch,155.102997946202000
1999,trd,mch,79.068215809149000
2002,trd,mch,77.454989124834900
2017,trd,mch,170.062657435172000
2016,trd,mch,161.084839326681000
2015,trd,mch,164.207750227411000
1998,trd,mch,76.260278718696900
2004,trd,mch,89.989628085512700
2000,trd,mch,83.537971008468600
1997,trd,mch,67.634112701751500
2007,trd,mch,105.742838196264000
2010,trd,mch,117.124782343434000
2003,trd,mch,82.283049472463600
2011,trd,mch,134.658951019515000
2001,trd,mch,78.907176956831600
2008,trn,dat,0.000000000002232
2009,trn,dat,0.000000000000952
2005,trn,dat,0.000000000028525
2006,trn,dat,0.000000000068450
2012,trn,dat,0.000000000001787
2014,trn,dat,0.000000000009190
2013,trn,dat,0.000000000006764
1999,trn,dat,0.000000000003944
2002,trn,dat,0.000000000016252
2017,trn,dat,0.000000000005575
2016,trn,dat,0.000000000007586
2015,trn,dat,0.000000000016627
1998,trn,dat,0.000000000001369
2004,trn,dat,0.000000000024424
2000,trn,dat,0.000000000008958
1997,trn,dat,0.000000000003691
2007,trn,dat,0.000000000001372
2010,trn,dat,0.000000000000423
2003,trn,dat,0.000000000018919
2011,trn,dat,0.000000000000815
2001,trn,dat,0.000000000005307
2008,trd,dat,0.000000000002213
2009,trd,dat,0.000000000000942
2005,trd,dat,0.000000000028097
2006,trd,dat,0.000000000067411
2012,trd,dat,0.000000000001771
2014,trd,dat,0.000000000009120
2013,trd,dat,0.000000000006706
1999,trd,dat,0.000000000003913
2002,trd,dat,0.000000000016119
2017,trd,dat,0.000000000005549
2016,trd,dat,0.000000000007545
2015,trd,dat,0.000000000016514
1998,trd,dat,0.000000000001360
2004,trd,dat,0.000000000024142
2000,trd,dat,0.000000000008894
1997,trd,dat,0.000000000003673
2007,trd,dat,0.000000000001356
2010,trd,dat,0.000000000000418
2003,trd,dat,0.000000000018775
2011,trd,dat,0.000000000000808
2001,trd,dat,0.000000000005260
2008,trn,amd,0.000000000002241
2009,trn,amd,0.000000000000956
2005,trn,amd,0.000000000028626
2006,trn,amd,0.000000000068701
2012,trn,amd,0.000000000001798
2014,trn,amd,0.000000000009244
2013,trn,amd,0.000000000006803
1999,trn,amd,0.000000000003979
2002,trn,amd,0.000000000016400
2017,trn,amd,0.000000000005611
2016,trn,amd,0.000000000007613
2015,trn,amd,0.000000000016676
1998,trn,amd,0.000000000001386
2004,trn,amd,0.000000000024565
2000,trn,amd,0.000000000009028
1997,trn,amd,0.000000000003728
2007,trn,amd,0.000000000001379
2010,trn,amd,0.000000000000424
2003,trn,amd,0.000000000019103
2011,trn,amd,0.000000000000818
2001,trn,amd,0.000000000005360
2008,trd,amd,0.000000000002222
2009,trd,amd,0.000000000000946
2005,trd,amd,0.000000000028194
2006,trd,amd,0.000000000067654
2012,trd,amd,0.000000000001781
2014,trd,amd,0.000000000009173
2013,trd,amd,0.000000000006744
1999,trd,amd,0.000000000003948
2002,trd,amd,0.000000000016266
2017,trd,amd,0.000000000005585
2016,trd,amd,0.000000000007571
2015,trd,amd,0.000000000016563
1998,trd,amd,0.000000000001377
2004,trd,amd,0.000000000024281
2000,trd,amd,0.000000000008963
1997,trd,amd,0.000000000003710
2007,trd,amd,0.000000000001364
2010,trd,amd,0.000000000000419
2003,trd,amd,0.000000000018958
2011,trd,amd,0.000000000000812
2001,trd,amd,0.000000000005313
2008,trn,oil,35.826349102969200
2009,trn,oil,29.665799086086300
2005,trn,oil,24.352691408950800
2006,trn,oil,26.174614738618200
2012,trn,oil,45.132944527940500
2014,trn,oil,54.012840507782400
2013,trn,oil,48.837290162212300
1999,trn,oil,24.948547384747000
2002,trn,oil,22.989953483438600
2017,trn,oil,53.247220007998800
2016,trn,oil,50.660834327210000
2015,trn,oil,52.739060649423000
1998,trn,oil,24.482914705950000
2004,trn,oil,24.170519517623800
2000,trn,oil,24.070467443070300
1997,trn,oil,24.648255749059000
2007,trn,oil,28.061076494332200
2010,trn,oil,36.735502665190700
2003,trn,oil,23.434240919260300
2011,trn,oil,42.519021689613400
2001,trn,oil,23.429719872561500
2008,trd,oil,10.365171471771100
2009,trd,oil,7.492785369852610
2005,trd,oil,5.786889303788680
2006,trd,oil,7.060019954612080
2012,trd,oil,12.582214599206000
2014,trd,oil,13.020168143398600
2013,trd,oil,13.446957071094600
1999,trd,oil,3.370696778227020
2002,trd,oil,3.055639876633960
2017,trd,oil,10.261889852511200
2016,trd,oil,8.817237590272090
2015,trd,oil,9.993932942928420
1998,trd,oil,3.203374994307970
2004,trd,oil,5.018813788546600
2000,trd,oil,4.101268316584130
1997,trd,oil,3.764079177300650
2007,trd,oil,8.121491689055900
2010,trd,oil,8.518514615253560
2003,trd,oil,3.967765400121590
2011,trd,oil,11.139512887597500
2001,trd,oil,3.591412809629440
2008,trn,hos,0.000000000002238
2009,trn,hos,0.000000000000954
2005,trn,hos,0.000000000028544
2006,trn,hos,0.000000000068539
2012,trn,hos,0.000000000001795
2014,trn,hos,0.000000000009237
2013,trn,hos,0.000000000006796
1999,trn,hos,0.000000000003985
2002,trn,hos,0.000000000016407
2017,trn,hos,0.000000000005615
2016,trn,hos,0.000000000007614
2015,trn,hos,0.000000000016665
1998,trn,hos,0.000000000001388
2004,trn,hos,0.000000000024506
2000,trn,hos,0.000000000009038
1997,trn,hos,0.000000000003732
2007,trn,hos,0.000000000001377
2010,trn,hos,0.000000000000423
2003,trn,hos,0.000000000019098
2011,trn,hos,0.000000000000816
2001,trn,hos,0.000000000005367
2008,trd,hos,0.000000000002219
2009,trd,hos,0.000000000000944
2005,trd,hos,0.000000000028113
2006,trd,hos,0.000000000067493
2012,trd,hos,0.000000000001778
2014,trd,hos,0.000000000009166
2013,trd,hos,0.000000000006737
1999,trd,hos,0.000000000003953
2002,trd,hos,0.000000000016272
2017,trd,hos,0.000000000005588
2016,trd,hos,0.000000000007572
2015,trd,hos,0.000000000016552
1998,trd,hos,0.000000000001379
2004,trd,hos,0.000000000024222
2000,trd,hos,0.000000000008973
1997,trd,hos,0.000000000003713
2007,trd,hos,0.000000000001362
2010,trd,hos,0.000000000000418
2003,trd,hos,0.000000000018952
2011,trd,hos,0.000000000000810
2001,trd,hos,0.000000000005319
2008,trn,rnt,0.000000000002224
2009,trn,rnt,0.000000000000948
2005,trn,rnt,0.000000000028348
2006,trn,rnt,0.000000000068039
2012,trn,rnt,0.000000000001781
2014,trn,rnt,0.000000000009167
2013,trn,rnt,0.000000000006744
1999,trn,rnt,0.000000000003960
2002,trn,rnt,0.000000000016302
2017,trn,rnt,0.000000000005584
2016,trn,rnt,0.000000000007578
2015,trn,rnt,0.000000000016585
1998,trn,rnt,0.000000000001380
2004,trn,rnt,0.000000000024374
2000,trn,rnt,0.000000000008985
1997,trn,rnt,0.000000000003714
2007,trn,rnt,0.000000000001367
2010,trn,rnt,0.000000000000421
2003,trn,rnt,0.000000000018983
2011,trn,rnt,0.000000000000811
2001,trn,rnt,0.000000000005331
2008,trd,rnt,0.000000000002204
2009,trd,rnt,0.000000000000939
2005,trd,rnt,0.000000000027920
2006,trd,rnt,0.000000000067002
2012,trd,rnt,0.000000000001765
2014,trd,rnt,0.000000000009097
2013,trd,rnt,0.000000000006685
1999,trd,rnt,0.000000000003928
2002,trd,rnt,0.000000000016169
2017,trd,rnt,0.000000000005558
2016,trd,rnt,0.000000000007536
2015,trd,rnt,0.000000000016472
1998,trd,rnt,0.000000000001371
2004,trd,rnt,0.000000000024092
2000,trd,rnt,0.000000000008921
1997,trd,rnt,0.000000000003697
2007,trd,rnt,0.000000000001352
2010,trd,rnt,0.000000000000416
2003,trd,rnt,0.000000000018838
2011,trd,rnt,0.000000000000805
2001,trd,rnt,0.000000000005283
2008,trn,pla,5.098731322426720
2009,trn,pla,4.130471520825970
2005,trn,pla,4.769387739305840
2006,trn,pla,5.078902220087140
2012,trn,pla,5.144967051924850
2014,trn,pla,5.837808532181810
2013,trn,pla,5.395829243782830
1999,trn,pla,4.224803842943470
2002,trn,pla,3.642079680546170
2017,trn,pla,6.248925915077360
2016,trn,pla,6.091230358111700
2015,trn,pla,6.281826488581550
1998,trn,pla,3.898646947460960
2004,trn,pla,4.322234642490800
2000,trn,pla,4.359101959541030
1997,trn,pla,3.547404020662180
2007,trn,pla,5.326804427963200
2010,trn,pla,4.072581402488750
2003,trn,pla,3.853393889888470
2011,trn,pla,4.532367856084760
2001,trn,pla,3.946158487891530
2008,trd,pla,68.145601390942000
2009,trd,pla,61.906131840928000
2005,trd,pla,59.371431119370300
2006,trd,pla,64.796171435883500
2012,trd,pla,83.605464328664000
2014,trd,pla,91.626771132345500
2013,trd,pla,87.116386809851400
1999,trd,pla,46.119494942233400
2002,trd,pla,47.754290211841000
2017,trd,pla,96.681879451546700
2016,trd,pla,95.119632141265800
2015,trd,pla,94.051519480421200
1998,trd,pla,42.851862009757300
2004,trd,pla,54.485660826372600
2000,trd,pla,47.192955568787900
1997,trd,pla,43.142124211138900
2007,trd,pla,66.769127619067100
2010,trd,pla,68.872840551541200
2003,trd,pla,49.089359440751000
2011,trd,pla,74.166168193133600
2001,trd,pla,46.459040672240500
2008,trn,fof,3.018664972860370
2009,trn,fof,2.732631643564480
2005,trn,fof,3.384000215582200
2006,trn,fof,3.500372035179320
2012,trn,fof,3.253143926528110
2014,trn,fof,3.581923444539870
2013,trn,fof,3.307539460099820
1999,trn,fof,2.606231355790430
2002,trn,fof,2.107755406274700
2017,trn,fof,4.545277287305060
2016,trn,fof,4.486982786043200
2015,trn,fof,4.142249359916090
1998,trn,fof,2.412413874092460
2004,trn,fof,2.966806112511150
2000,trn,fof,2.088590696167520
1997,trn,fof,2.094708756076640
2007,trn,fof,2.924371954150970
2010,trn,fof,3.035964786381940
2003,trn,fof,2.437737490517340
2011,trn,fof,3.283663555498620
2001,trn,fof,2.261417146397850
2008,trd,fof,6.984535154294040
2009,trd,fof,5.581143941931090
2005,trd,fof,7.399699964040950
2006,trd,fof,7.398535263738690
2012,trd,fof,9.664594333333790
2014,trd,fof,10.503284110727000
2013,trd,fof,9.687396511385420
1999,trd,fof,7.173747028053810
2002,trd,fof,6.814486644108350
2017,trd,fof,10.509081316084600
2016,trd,fof,9.417880929640470
2015,trd,fof,9.243084007060510
1998,trd,fof,6.328199108641090
2004,trd,fof,7.319161340771440
2000,trd,fof,6.433461518482490
1997,trd,fof,6.360878558370860
2007,trd,fof,7.170528843138240
2010,trd,fof,7.828452113139460
2003,trd,fof,6.779199373747960
2011,trd,fof,9.805964819921690
2001,trd,fof,6.022091645897340
2008,trn,fin,0.000000000002245
2009,trn,fin,0.000000000000956
2005,trn,fin,0.000000000028590
2006,trn,fin,0.000000000068647
2012,trn,fin,0.000000000001800
2014,trn,fin,0.000000000009249
2013,trn,fin,0.000000000006814
1999,trn,fin,0.000000000003992
2002,trn,fin,0.000000000016423
2017,trn,fin,0.000000000005629
2016,trn,fin,0.000000000007626
2015,trn,fin,0.000000000016697
1998,trn,fin,0.000000000001392
2004,trn,fin,0.000000000024539
2000,trn,fin,0.000000000009050
1997,trn,fin,0.000000000003742
2007,trn,fin,0.000000000001379
2010,trn,fin,0.000000000000425
2003,trn,fin,0.000000000019112
2011,trn,fin,0.000000000000819
2001,trn,fin,0.000000000005375
2008,trd,fin,0.000000000002225
2009,trd,fin,0.000000000000946
2005,trd,fin,0.000000000028158
2006,trd,fin,0.000000000067598
2012,trd,fin,0.000000000001784
2014,trd,fin,0.000000000009178
2013,trd,fin,0.000000000006755
1999,trd,fin,0.000000000003960
2002,trd,fin,0.000000000016288
2017,trd,fin,0.000000000005603
2016,trd,fin,0.000000000007583
2015,trd,fin,0.000000000016583
1998,trd,fin,0.000000000001383
2004,trd,fin,0.000000000024254
2000,trd,fin,0.000000000008985
1997,trd,fin,0.000000000003724
2007,trd,fin,0.000000000001363
2010,trd,fin,0.000000000000420
2003,trd,fin,0.000000000018966
2011,trd,fin,0.000000000000813
2001,trd,fin,0.000000000005327
2008,trn,tsv,0.000000000002240
2009,trn,tsv,0.000000000000952
2005,trn,tsv,0.000000000028477
2006,trn,tsv,0.000000000068331
2012,trn,tsv,0.000000000001789
2014,trn,tsv,0.000000000009195
2013,trn,tsv,0.000000000006768
1999,trn,tsv,0.000000000003966
2002,trn,tsv,0.000000000016342
2017,trn,tsv,0.000000000005615
2016,trn,tsv,0.000000000007605
2015,trn,tsv,0.000000000016652
1998,trn,tsv,0.000000000001382
2004,trn,tsv,0.000000000024438
2000,trn,tsv,0.000000000008994
1997,trn,tsv,0.000000000003712
2007,trn,tsv,0.000000000001373
2010,trn,tsv,0.000000000000423
2003,trn,tsv,0.000000000019021
2011,trn,tsv,0.000000000000816
2001,trn,tsv,0.000000000005347
2008,trd,tsv,0.000000000002221
2009,trd,tsv,0.000000000000942
2005,trd,tsv,0.000000000028048
2006,trd,tsv,0.000000000067290
2012,trd,tsv,0.000000000001772
2014,trd,tsv,0.000000000009125
2013,trd,tsv,0.000000000006710
1999,trd,tsv,0.000000000003934
2002,trd,tsv,0.000000000016208
2017,trd,tsv,0.000000000005589
2016,trd,tsv,0.000000000007563
2015,trd,tsv,0.000000000016540
1998,trd,tsv,0.000000000001373
2004,trd,tsv,0.000000000024157
2000,trd,tsv,0.000000000008930
1997,trd,tsv,0.000000000003694
2007,trd,tsv,0.000000000001358
2010,trd,tsv,0.000000000000417
2003,trd,tsv,0.000000000018876
2011,trd,tsv,0.000000000000809
2001,trd,tsv,0.000000000005299
2008,trn,nrs,0.000000000002242
2009,trn,nrs,0.000000000000957
2005,trn,nrs,0.000000000028614
2006,trn,nrs,0.000000000068687
2012,trn,nrs,0.000000000001799
2014,trn,nrs,0.000000000009267
2013,trn,nrs,0.000000000006816
1999,trn,nrs,0.000000000003998
2002,trn,nrs,0.000000000016458
2017,trn,nrs,0.000000000005637
2016,trn,nrs,0.000000000007640
2015,trn,nrs,0.000000000016726
1998,trn,nrs,0.000000000001394
2004,trn,nrs,0.000000000024574
2000,trn,nrs,0.000000000009066
1997,trn,nrs,0.000000000003744
2007,trn,nrs,0.000000000001380
2010,trn,nrs,0.000000000000425
2003,trn,nrs,0.000000000019153
2011,trn,nrs,0.000000000000818
2001,trn,nrs,0.000000000005387
2008,trd,nrs,0.000000000002222
2009,trd,nrs,0.000000000000947
2005,trd,nrs,0.000000000028181
2006,trd,nrs,0.000000000067638
2012,trd,nrs,0.000000000001783
2014,trd,nrs,0.000000000009195
2013,trd,nrs,0.000000000006757
1999,trd,nrs,0.000000000003966
2002,trd,nrs,0.000000000016323
2017,trd,nrs,0.000000000005611
2016,trd,nrs,0.000000000007597
2015,trd,nrs,0.000000000016612
1998,trd,nrs,0.000000000001385
2004,trd,nrs,0.000000000024288
2000,trd,nrs,0.000000000009001
1997,trd,nrs,0.000000000003726
2007,trd,nrs,0.000000000001364
2010,trd,nrs,0.000000000000420
2003,trd,nrs,0.000000000019007
2011,trd,nrs,0.000000000000812
2001,trd,nrs,0.000000000005339
2008,trn,sec,0.000000000002231
2009,trn,sec,0.000000000000953
2005,trn,sec,0.000000000028491
2006,trn,sec,0.000000000068381
2012,trn,sec,0.000000000001790
2014,trn,sec,0.000000000009213
2013,trn,sec,0.000000000006778
1999,trn,sec,0.000000000003976
2002,trn,sec,0.000000000016372
2017,trn,sec,0.000000000005612
2016,trn,sec,0.000000000007606
2015,trn,sec,0.000000000016650
1998,trn,sec,0.000000000001385
2004,trn,sec,0.000000000024500
2000,trn,sec,0.000000000009021
1997,trn,sec,0.000000000003725
2007,trn,sec,0.000000000001373
2010,trn,sec,0.000000000000423
2003,trn,sec,0.000000000019062
2011,trn,sec,0.000000000000815
2001,trn,sec,0.000000000005354
2008,trd,sec,0.000000000002212
2009,trd,sec,0.000000000000944
2005,trd,sec,0.000000000028060
2006,trd,sec,0.000000000067336
2012,trd,sec,0.000000000001774
2014,trd,sec,0.000000000009142
2013,trd,sec,0.000000000006719
1999,trd,sec,0.000000000003944
2002,trd,sec,0.000000000016238
2017,trd,sec,0.000000000005585
2016,trd,sec,0.000000000007564
2015,trd,sec,0.000000000016537
1998,trd,sec,0.000000000001376
2004,trd,sec,0.000000000024216
2000,trd,sec,0.000000000008957
1997,trd,sec,0.000000000003707
2007,trd,sec,0.000000000001358
2010,trd,sec,0.000000000000418
2003,trd,sec,0.000000000018917
2011,trd,sec,0.000000000000808
2001,trd,sec,0.000000000005306
2008,trn,art,0.000000000002233
2009,trn,art,0.000000000000953
2005,trn,art,0.000000000028473
2006,trn,art,0.000000000068337
2012,trn,art,0.000000000001788
2014,trn,art,0.000000000009213
2013,trn,art,0.000000000006775
1999,trn,art,0.000000000003967
2002,trn,art,0.000000000016353
2017,trn,art,0.000000000005597
2016,trn,art,0.000000000007603
2015,trn,art,0.000000000016657
1998,trn,art,0.000000000001382
2004,trn,art,0.000000000024466
2000,trn,art,0.000000000009001
1997,trn,art,0.000000000003720
2007,trn,art,0.000000000001373
2010,trn,art,0.000000000000423
2003,trn,art,0.000000000019037
2011,trn,art,0.000000000000815
2001,trn,art,0.000000000005343
2008,trd,art,0.000000000002213
2009,trd,art,0.000000000000943
2005,trd,art,0.000000000028043
2006,trd,art,0.000000000067295
2012,trd,art,0.000000000001772
2014,trd,art,0.000000000009142
2013,trd,art,0.000000000006716
1999,trd,art,0.000000000003936
2002,trd,art,0.000000000016219
2017,trd,art,0.000000000005571
2016,trd,art,0.000000000007561
2015,trd,art,0.000000000016544
1998,trd,art,0.000000000001373
2004,trd,art,0.000000000024183
2000,trd,art,0.000000000008937
1997,trd,art,0.000000000003702
2007,trd,art,0.000000000001358
2010,trd,art,0.000000000000418
2003,trd,art,0.000000000018892
2011,trd,art,0.000000000000808
2001,trd,art,0.000000000005295
2008,trn,mov,0.280794672824173
2009,trn,mov,0.196817935045007
2005,trn,mov,0.337617576551735
2006,trn,mov,0.325120172619725
2012,trn,mov,0.144415627347854
2014,trn,mov,0.142471677916151
2013,trn,mov,0.142105399811823
1999,trn,mov,0.189455016161918
2002,trn,mov,0.277397458679077
2017,trn,mov,0.147159136962491
2016,trn,mov,0.132966668445411
2015,trn,mov,0.136237903965068
1998,trn,mov,0.162378078092999
2004,trn,mov,0.313453387884541
2000,trn,mov,0.284455595091168
1997,trn,mov,0.149021688880075
2007,trn,mov,0.284801043859102
2010,trn,mov,0.147597936243942
2003,trn,mov,0.262697154562784
2011,trn,mov,0.130891625753042
2001,trn,mov,0.238423023633571
2008,trd,mov,8.375733500155500
2009,trd,mov,7.345659302649490
2005,trd,mov,8.886554405223710
2006,trd,mov,8.373354032612990
2012,trd,mov,9.193922043945260
2014,trd,mov,9.144212611054300
2013,trd,mov,9.239025119722310
1999,trd,mov,6.760038329014340
2002,trd,mov,8.554427408994140
2017,trd,mov,10.408632140617500
2016,trd,mov,9.661204354925800
2015,trd,mov,9.403694271818370
1998,trd,mov,5.996236141473250
2004,trd,mov,8.657328536168210
2000,trd,mov,8.163389701908750
1997,trd,mov,5.525894263288540
2007,trd,mov,8.850251331653120
2010,trd,mov,8.216068662540230
2003,trd,mov,8.148528713757500
2011,trd,mov,8.646942994860590
2001,trd,mov,8.282272438744500
2008,trn,fpd,15.706053785371300
2009,trn,fpd,11.773110531747500
2005,trn,fpd,16.135998952790900
2006,trn,fpd,16.254345059934200
2012,trn,fpd,13.541800906184200
2014,trn,fpd,15.305810645491100
2013,trn,fpd,13.975263528697800
1999,trn,fpd,10.543273873010600
2002,trn,fpd,11.530521335273700
2017,trn,fpd,14.765056667248200
2016,trn,fpd,13.725336417696700
2015,trn,fpd,13.805846271985500
1998,trn,fpd,9.216749660421280
2004,trn,fpd,14.177313370613100
2000,trn,fpd,10.683507760935700
1997,trn,fpd,8.621508135363830
2007,trn,fpd,15.219243256028400
2010,trn,fpd,11.318233518962300
2003,trn,fpd,11.780622563222700
2011,trn,fpd,12.348425112732500
2001,trn,fpd,11.210872193339300
2008,trd,fpd,56.179739076753600
2009,trd,fpd,44.393361591756700
2005,trd,fpd,53.306269010702600
2006,trd,fpd,56.590162725093000
2012,trd,fpd,63.418576839519400
2014,trd,fpd,71.916612323726400
2013,trd,fpd,68.705205752867700
1999,trd,fpd,36.878479306882000
2002,trd,fpd,41.942893888027100
2017,trd,fpd,84.085961071061200
2016,trd,fpd,79.150922901426600
2015,trd,fpd,78.024918524626300
1998,trd,fpd,33.794453263967200
2004,trd,fpd,49.812993332677100
2000,trd,fpd,40.370884802822000
1997,trd,fpd,32.055056213908400
2007,trd,fpd,60.937634010711600
2010,trd,fpd,54.982603924427500
2003,trd,fpd,43.574646997998400
2011,trd,fpd,62.129243374314500
2001,trd,fpd,37.873606661044400
2008,trn,slg,0.000000000002237
2009,trn,slg,0.000000000000954
2005,trn,slg,0.000000000028557
2006,trn,slg,0.000000000068501
2012,trn,slg,0.000000000001794
2014,trn,slg,0.000000000009240
2013,trn,slg,0.000000000006797
1999,trn,slg,0.000000000003987
2002,trn,slg,0.000000000016419
2017,trn,slg,0.000000000005619
2016,trn,slg,0.000000000007619
2015,trn,slg,0.000000000016693
1998,trn,slg,0.000000000001389
2004,trn,slg,0.000000000024540
2000,trn,slg,0.000000000009042
1997,trn,slg,0.000000000003734
2007,trn,slg,0.000000000001376
2010,trn,slg,0.000000000000423
2003,trn,slg,0.000000000019111
2011,trn,slg,0.000000000000816
2001,trn,slg,0.000000000005371
2008,trd,slg,0.000000000002217
2009,trd,slg,0.000000000000944
2005,trd,slg,0.000000000028125
2006,trd,slg,0.000000000067454
2012,trd,slg,0.000000000001778
2014,trd,slg,0.000000000009169
2013,trd,slg,0.000000000006738
1999,trd,slg,0.000000000003955
2002,trd,slg,0.000000000016284
2017,trd,slg,0.000000000005592
2016,trd,slg,0.000000000007577
2015,trd,slg,0.000000000016580
1998,trd,slg,0.000000000001380
2004,trd,slg,0.000000000024256
2000,trd,slg,0.000000000008977
1997,trd,slg,0.000000000003716
2007,trd,slg,0.000000000001361
2010,trd,slg,0.000000000000418
2003,trd,slg,0.000000000018966
2011,trd,slg,0.000000000000810
2001,trd,slg,0.000000000005323
2008,trn,pri,3.623117338804300
2009,trn,pri,2.801499587508480
2005,trn,pri,2.962177994427330
2006,trn,pri,3.068002926930500
2012,trn,pri,3.403229873318100
2014,trn,pri,3.424233613361000
2013,trn,pri,3.358328762998250
1999,trn,pri,1.927139445513900
2002,trn,pri,2.940532734797530
2017,trn,pri,3.363472556237410
2016,trn,pri,3.068098498152960
2015,trn,pri,2.916969013903940
1998,trn,pri,1.975686380740120
2004,trn,pri,2.914550106839850
2000,trn,pri,0.766294846109955
1997,trn,pri,2.516507849527230
2007,trn,pri,3.370330570686580
2010,trn,pri,2.977792401365910
2003,trn,pri,3.010575595224320
2011,trn,pri,3.248531071268890
2001,trn,pri,3.119756786757500
2008,trd,pri,11.320945476351000
2009,trd,pri,10.872134170807100
2005,trd,pri,9.919618052394840
2006,trd,pri,10.968988689010900
2012,trd,pri,12.539243872202000
2014,trd,pri,13.484412877759000
2013,trd,pri,12.881905373301200
1999,trd,pri,8.518591848458190
2002,trd,pri,8.714763495204180
2017,trd,pri,14.493986358094800
2016,trd,pri,14.981156591939600
2015,trd,pri,14.025672150144300
1998,trd,pri,8.470189941869980
2004,trd,pri,9.626120829315440
2000,trd,pri,8.918563942847840
1997,trd,pri,8.009849306999360
2007,trd,pri,10.334054182054500
2010,trd,pri,11.287638792853800
2003,trd,pri,8.933396401240060
2011,trd,pri,12.376909976563300
2001,trd,pri,9.020208049178540
2008,trn,grd,0.000000000002241
2009,trn,grd,0.000000000000957
2005,trn,grd,0.000000000028727
2006,trn,grd,0.000000000068916
2012,trn,grd,0.000000000001801
2014,trn,grd,0.000000000009246
2013,trn,grd,0.000000000006811
1999,trn,grd,0.000000000003986
2002,trn,grd,0.000000000016437
2017,trn,grd,0.000000000005607
2016,trn,grd,0.000000000007610
2015,trn,grd,0.000000000016686
1998,trn,grd,0.000000000001387
2004,trn,grd,0.000000000024594
2000,trn,grd,0.000000000009046
1997,trn,grd,0.000000000003727
2007,trn,grd,0.000000000001381
2010,trn,grd,0.000000000000426
2003,trn,grd,0.000000000019113
2011,trn,grd,0.000000000000819
2001,trn,grd,0.000000000005377
2008,trd,grd,0.000000000002221
2009,trd,grd,0.000000000000947
2005,trd,grd,0.000000000028293
2006,trd,grd,0.000000000067865
2012,trd,grd,0.000000000001784
2014,trd,grd,0.000000000009175
2013,trd,grd,0.000000000006752
1999,trd,grd,0.000000000003955
2002,trd,grd,0.000000000016303
2017,trd,grd,0.000000000005580
2016,trd,grd,0.000000000007568
2015,trd,grd,0.000000000016573
1998,trd,grd,0.000000000001378
2004,trd,grd,0.000000000024309
2000,trd,grd,0.000000000008981
1997,trd,grd,0.000000000003709
2007,trd,grd,0.000000000001365
2010,trd,grd,0.000000000000421
2003,trd,grd,0.000000000018967
2011,trd,grd,0.000000000000813
2001,trd,grd,0.000000000005329
2008,trn,pip,0.000000000002203
2009,trn,pip,0.000000000000933
2005,trn,pip,0.000000000027011
2006,trn,pip,0.000000000065064
2012,trn,pip,0.000000000001761
2014,trn,pip,0.000000000009120
2013,trn,pip,0.000000000006700
1999,trn,pip,0.000000000004038
2002,trn,pip,0.000000000016524
2017,trn,pip,0.000000000005687
2016,trn,pip,0.000000000007644
2015,trn,pip,0.000000000016226
1998,trn,pip,0.000000000001412
2004,trn,pip,0.000000000023809
2000,trn,pip,0.000000000009083
1997,trn,pip,0.000000000003765
2007,trn,pip,0.000000000001354
2010,trn,pip,0.000000000000405
2003,trn,pip,0.000000000019210
2011,trn,pip,0.000000000000794
2001,trn,pip,0.000000000005423
2008,trd,pip,0.000000000002183
2009,trd,pip,0.000000000000923
2005,trd,pip,0.000000000026587
2006,trd,pip,0.000000000064038
2012,trd,pip,0.000000000001745
2014,trd,pip,0.000000000009050
2013,trd,pip,0.000000000006642
1999,trd,pip,0.000000000004006
2002,trd,pip,0.000000000016388
2017,trd,pip,0.000000000005661
2016,trd,pip,0.000000000007601
2015,trd,pip,0.000000000016115
1998,trd,pip,0.000000000001403
2004,trd,pip,0.000000000023527
2000,trd,pip,0.000000000009017
1997,trd,pip,0.000000000003746
2007,trd,pip,0.000000000001338
2010,trd,pip,0.000000000000400
2003,trd,pip,0.000000000019063
2011,trd,pip,0.000000000000788
2001,trd,pip,0.000000000005375
2008,trn,sle,0.000000000002236
2009,trn,sle,0.000000000000955
2005,trn,sle,0.000000000028588
2006,trn,sle,0.000000000068601
2012,trn,sle,0.000000000001791
2014,trn,sle,0.000000000009223
2013,trn,sle,0.000000000006785
1999,trn,sle,0.000000000003980
2002,trn,sle,0.000000000016400
2017,trn,sle,0.000000000005594
2016,trn,sle,0.000000000007603
2015,trn,sle,0.000000000016669
1998,trn,sle,0.000000000001387
2004,trn,sle,0.000000000024534
2000,trn,sle,0.000000000009030
1997,trn,sle,0.000000000003729
2007,trn,sle,0.000000000001376
2010,trn,sle,0.000000000000424
2003,trn,sle,0.000000000019083
2011,trn,sle,0.000000000000816
2001,trn,sle,0.000000000005364
2008,trd,sle,0.000000000002216
2009,trd,sle,0.000000000000945
2005,trd,sle,0.000000000028156
2006,trd,sle,0.000000000067556
2012,trd,sle,0.000000000001775
2014,trd,sle,0.000000000009152
2013,trd,sle,0.000000000006727
1999,trd,sle,0.000000000003949
2002,trd,sle,0.000000000016266
2017,trd,sle,0.000000000005568
2016,trd,sle,0.000000000007561
2015,trd,sle,0.000000000016556
1998,trd,sle,0.000000000001378
2004,trd,sle,0.000000000024250
2000,trd,sle,0.000000000008965
1997,trd,sle,0.000000000003711
2007,trd,sle,0.000000000001360
2010,trd,sle,0.000000000000419
2003,trd,sle,0.000000000018937
2011,trd,sle,0.000000000000810
2001,trd,sle,0.000000000005316
2008,trn,osv,0.000000000002237
2009,trn,osv,0.000000000000953
2005,trn,osv,0.000000000028516
2006,trn,osv,0.000000000068481
2012,trn,osv,0.000000000001794
2014,trn,osv,0.000000000009231
2013,trn,osv,0.000000000006793
1999,trn,osv,0.000000000003978
2002,trn,osv,0.000000000016383
2017,trn,osv,0.000000000005611
2016,trn,osv,0.000000000007610
2015,trn,osv,0.000000000016659
1998,trn,osv,0.000000000001386
2004,trn,osv,0.000000000024478
2000,trn,osv,0.000000000009022
1997,trn,osv,0.000000000003728
2007,trn,osv,0.000000000001376
2010,trn,osv,0.000000000000423
2003,trn,osv,0.000000000019069
2011,trn,osv,0.000000000000816
2001,trn,osv,0.000000000005357
2008,trd,osv,0.000000000002218
2009,trd,osv,0.000000000000944
2005,trd,osv,0.000000000028085
2006,trd,osv,0.000000000067437
2012,trd,osv,0.000000000001778
2014,trd,osv,0.000000000009160
2013,trd,osv,0.000000000006734
1999,trd,osv,0.000000000003946
2002,trd,osv,0.000000000016248
2017,trd,osv,0.000000000005584
2016,trd,osv,0.000000000007568
2015,trd,osv,0.000000000016546
1998,trd,osv,0.000000000001377
2004,trd,osv,0.000000000024194
2000,trd,osv,0.000000000008957
1997,trd,osv,0.000000000003710
2007,trd,osv,0.000000000001360
2010,trd,osv,0.000000000000418
2003,trd,osv,0.000000000018923
2011,trd,osv,0.000000000000810
2001,trd,osv,0.000000000005310
2008,trn,trn,0.000000000002231
2009,trn,trn,0.000000000000952
2005,trn,trn,0.000000000028494
2006,trn,trn,0.000000000068362
2012,trn,trn,0.000000000001790
2014,trn,trn,0.000000000009226
2013,trn,trn,0.000000000006783
1999,trn,trn,0.000000000003980
2002,trn,trn,0.000000000016341
2017,trn,trn,0.000000000005611
2016,trn,trn,0.000000000007602
2015,trn,trn,0.000000000016660
1998,trn,trn,0.000000000001380
2004,trn,trn,0.000000000024461
2000,trn,trn,0.000000000009032
1997,trn,trn,0.000000000003695
2007,trn,trn,0.000000000001373
2010,trn,trn,0.000000000000422
2003,trn,trn,0.000000000019058
2011,trn,trn,0.000000000000814
2001,trn,trn,0.000000000005350
2008,trd,trn,0.000000000002211
2009,trd,trn,0.000000000000942
2005,trd,trn,0.000000000028064
2006,trd,trn,0.000000000067321
2012,trd,trn,0.000000000001773
2014,trd,trn,0.000000000009155
2013,trd,trn,0.000000000006724
1999,trd,trn,0.000000000003948
2002,trd,trn,0.000000000016207
2017,trd,trn,0.000000000005585
2016,trd,trn,0.000000000007559
2015,trd,trn,0.000000000016546
1998,trd,trn,0.000000000001371
2004,trd,trn,0.000000000024177
2000,trd,trn,0.000000000008967
1997,trd,trn,0.000000000003677
2007,trd,trn,0.000000000001358
2010,trd,trn,0.000000000000417
2003,trd,trn,0.000000000018912
2011,trd,trn,0.000000000000808
2001,trd,trn,0.000000000005302
2008,trn,smn,0.000000000002247
2009,trn,smn,0.000000000000958
2005,trn,smn,0.000000000028730
2006,trn,smn,0.000000000068928
2012,trn,smn,0.000000000001800
2014,trn,smn,0.000000000009260
2013,trn,smn,0.000000000006812
1999,trn,smn,0.000000000004015
2002,trn,smn,0.000000000016519
2017,trn,smn,0.000000000005651
2016,trn,smn,0.000000000007647
2015,trn,smn,0.000000000016720
1998,trn,smn,0.000000000001399
2004,trn,smn,0.000000000024684
2000,trn,smn,0.000000000009103
1997,trn,smn,0.000000000003756
2007,trn,smn,0.000000000001384
2010,trn,smn,0.000000000000425
2003,trn,smn,0.000000000019208
2011,trn,smn,0.000000000000819
2001,trn,smn,0.000000000005400
2008,trd,smn,0.000000000002227
2009,trd,smn,0.000000000000948
2005,trd,smn,0.000000000028294
2006,trd,smn,0.000000000067874
2012,trd,smn,0.000000000001783
2014,trd,smn,0.000000000009189
2013,trd,smn,0.000000000006753
1999,trd,smn,0.000000000003984
2002,trd,smn,0.000000000016383
2017,trd,smn,0.000000000005625
2016,trd,smn,0.000000000007605
2015,trd,smn,0.000000000016606
1998,trd,smn,0.000000000001390
2004,trd,smn,0.000000000024396
2000,trd,smn,0.000000000009038
1997,trd,smn,0.000000000003737
2007,trd,smn,0.000000000001368
2010,trd,smn,0.000000000000420
2003,trd,smn,0.000000000019061
2011,trd,smn,0.000000000000812
2001,trd,smn,0.000000000005352
2008,trn,fmt,9.092858235252500
2009,trn,fmt,7.214686919180990
2005,trn,fmt,7.025619151293430
2006,trn,fmt,7.944467942454130
2012,trn,fmt,11.217598197358300
2014,trn,fmt,12.962909741094600
2013,trn,fmt,11.469029035962400
1999,trn,fmt,4.381386579690690
2002,trn,fmt,6.064674675671380
2017,trn,fmt,12.793080636291300
2016,trn,fmt,12.345756928723000
2015,trn,fmt,12.983899286104200
1998,trn,fmt,4.680316542813240
2004,trn,fmt,6.446044525854790
2000,trn,fmt,5.118918521767700
1997,trn,fmt,4.356690541386140
2007,trn,fmt,8.549357228026200
2010,trn,fmt,9.522329160408470
2003,trn,fmt,5.970954211061920
2011,trn,fmt,10.091535063376800
2001,trn,fmt,5.411707172727740
2008,trd,fmt,76.468767635122900
2009,trd,fmt,64.100353831124100
2005,trd,fmt,64.685938586444700
2006,trd,fmt,71.252799698109000
2012,trd,fmt,85.471414465207500
2014,trd,fmt,91.959077587872500
2013,trd,fmt,88.227516626001000
1999,trd,fmt,44.369878898305100
2002,trd,fmt,48.490860648929900
2017,trd,fmt,104.444843753779000
2016,trd,fmt,96.475837372250400
2015,trd,fmt,94.218234722394300
1998,trd,fmt,42.097668321540900
2004,trd,fmt,57.899762306016300
2000,trd,fmt,47.345875822075500
1997,trd,fmt,41.257878696992200
2007,trd,fmt,75.239443886196900
2010,trd,fmt,70.725662252390600
2003,trd,fmt,51.507481630720700
2011,trd,fmt,79.257356395508800
2001,trd,fmt,46.593454540987200
2008,trn,pet,19.448506152387800
2009,trn,pet,17.746618949897300
2005,trn,pet,14.505610263568000
2006,trn,pet,15.993635704995000
2012,trn,pet,25.452508416758900
2014,trn,pet,28.616338300631500
2013,trn,pet,27.131932522664700
1999,trn,pet,9.957314962085370
2002,trn,pet,10.875416252996200
2017,trn,pet,29.512955671573600
2016,trn,pet,30.128368332323500
2015,trn,pet,31.474209229505600
1998,trn,pet,9.523846293476330
2004,trn,pet,12.668972850117400
2000,trn,pet,10.267672996905400
1997,trn,pet,8.796004383914360
2007,trn,pet,18.259635805547800
2010,trn,pet,20.878772811577800
2003,trn,pet,11.538609152241500
2011,trn,pet,24.105774065150700
2001,trn,pet,10.716518346831400
2008,trd,pet,127.276287756501000
2009,trd,pet,98.258451439476200
2005,trd,pet,97.603880439413000
2006,trd,pet,105.852346858503000
2012,trd,pet,132.169110627518000
2014,trd,pet,144.522174284664000
2013,trd,pet,140.785752675177000
1999,trd,pet,62.905021866376300
2002,trd,pet,64.029468634469400
2017,trd,pet,137.006545882629000
2016,trd,pet,123.046954337022000
2015,trd,pet,131.894582408207000
1998,trd,pet,61.261760584136800
2004,trd,pet,88.230714207401300
2000,trd,pet,71.431947671314600
1997,trd,pet,65.279277879669900
2007,trd,pet,111.561257447853000
2010,trd,pet,108.003048049517000
2003,trd,pet,76.789476610003800
2011,trd,pet,125.232187108666000
2001,trd,pet,69.747015612341600
2008,trn,mvt,#N/A
2009,trn,mvt,#N/A
2005,trn,mvt,#N/A
2006,trn,mvt,#N/A
2012,trn,mvt,#N/A
2014,trn,mvt,#N/A
2013,trn,mvt,#N/A
1999,trn,mvt,#N/A
2002,trn,mvt,#N/A
2017,trn,mvt,#N/A
2016,trn,mvt,#N/A
2015,trn,mvt,#N/A
1998,trn,mvt,#N/A
2004,trn,mvt,#N/A
2000,trn,mvt,#N/A
1997,trn,mvt,#N/A
2007,trn,mvt,#N/A
2010,trn,mvt,#N/A
2003,trn,mvt,#N/A
2011,trn,mvt,#N/A
2001,trn,mvt,#N/A
2008,trd,mvt,#N/A
2009,trd,mvt,#N/A
2005,trd,mvt,#N/A
2006,trd,mvt,#N/A
2012,trd,mvt,#N/A
2014,trd,mvt,#N/A
2013,trd,mvt,#N/A
1999,trd,mvt,#N/A
2002,trd,mvt,#N/A
2017,trd,mvt,#N/A
2016,trd,mvt,#N/A
2015,trd,mvt,#N/A
1998,trd,mvt,#N/A
2004,trd,mvt,#N/A
2000,trd,mvt,#N/A
1997,trd,mvt,#N/A
2007,trd,mvt,#N/A
2010,trd,mvt,#N/A
2003,trd,mvt,#N/A
2011,trd,mvt,#N/A
2001,trd,mvt,#N/A
2008,trn,cep,9.974723922602730
2009,trn,cep,7.090418260876350
2005,trn,cep,9.802882890878580
2006,trn,cep,10.708370027272200
2012,trn,cep,10.070032167279100
2014,trn,cep,10.727437549948800
2013,trn,cep,9.896635058894080
1999,trn,cep,7.196555252695570
2002,trn,cep,7.622693104188960
2017,trn,cep,10.604907812573200
2016,trn,cep,10.031623154003700
2015,trn,cep,10.252843412251900
1998,trn,cep,6.725623455265120
2004,trn,cep,8.692789408820710
2000,trn,cep,11.066106084798400
1997,trn,cep,6.796517205623700
2007,trn,cep,10.143759546302600
2010,trn,cep,8.495193419550900
2003,trn,cep,7.689122998863400
2011,trn,cep,8.755506387060190
2001,trn,cep,7.350482133350210
2008,trd,cep,151.562457163414000
2009,trd,cep,139.355541426370000
2005,trd,cep,127.739943659413000
2006,trd,cep,140.830858996029000
2012,trd,cep,200.177064646034000
2014,trd,cep,212.723778851209000
2013,trd,cep,204.674856413367000
1999,trd,cep,105.650501342535000
2002,trd,cep,105.038355643705000
2017,trd,cep,228.362966662432000
2016,trd,cep,216.858406889550000
2015,trd,cep,220.113820287924000
1998,trd,cep,98.895609664568400
2004,trd,cep,118.903452366426000
2000,trd,cep,115.451497946049000
1997,trd,cep,94.801209559943400
2007,trd,cep,152.729499677969000
2010,trd,cep,167.640488660194000
2003,trd,cep,107.128174374762000
2011,trd,cep,182.062741866442000
2001,trd,cep,98.910143366519000
2008,trn,wst,0.000000000002235
2009,trn,wst,0.000000000000954
2005,trn,wst,0.000000000028589
2006,trn,wst,0.000000000068546
2012,trn,wst,0.000000000001792
2014,trn,wst,0.000000000009222
2013,trn,wst,0.000000000006786
1999,trn,wst,0.000000000003967
2002,trn,wst,0.000000000016350
2017,trn,wst,0.000000000005585
2016,trn,wst,0.000000000007596
2015,trn,wst,0.000000000016657
1998,trn,wst,0.000000000001380
2004,trn,wst,0.000000000024498
2000,trn,wst,0.000000000009003
1997,trn,wst,0.000000000003713
2007,trn,wst,0.000000000001375
2010,trn,wst,0.000000000000424
2003,trn,wst,0.000000000019022
2011,trn,wst,0.000000000000816
2001,trn,wst,0.000000000005343
2008,trd,wst,0.000000000002215
2009,trd,wst,0.000000000000944
2005,trd,wst,0.000000000028158
2006,trd,wst,0.000000000067503
2012,trd,wst,0.000000000001775
2014,trd,wst,0.000000000009151
2013,trd,wst,0.000000000006727
1999,trd,wst,0.000000000003936
2002,trd,wst,0.000000000016216
2017,trd,wst,0.000000000005559
2016,trd,wst,0.000000000007554
2015,trd,wst,0.000000000016544
1998,trd,wst,0.000000000001371
2004,trd,wst,0.000000000024215
2000,trd,wst,0.000000000008939
1997,trd,wst,0.000000000003695
2007,trd,wst,0.000000000001359
2010,trd,wst,0.000000000000419
2003,trd,wst,0.000000000018877
2011,trd,wst,0.000000000000810
2001,trd,wst,0.000000000005296
2008,trn,mot,12.433652719400500
2009,trn,mot,7.121766043998970
2005,trn,mot,13.594059044710200
2006,trn,mot,14.569658528312500
2012,trn,mot,14.557761387526600
2014,trn,mot,16.703646339431600
2013,trn,mot,15.386563190516500
1999,trn,mot,9.933185929010250
2002,trn,mot,9.650222316611120
2017,trn,mot,16.857120946799500
2016,trn,mot,15.824527607189400
2015,trn,mot,15.809989588655100
1998,trn,mot,8.912035154041010
2004,trn,mot,11.581038098566300
2000,trn,mot,14.216297755105200
1997,trn,mot,8.686513398044110
2007,trn,mot,13.880661491453200
2010,trn,mot,8.821161345970430
2003,trn,mot,10.010946172260800
2011,trn,mot,10.398529445405700
2001,trn,mot,8.553484758725500
2008,trd,mot,107.742992417952000
2009,trd,mot,79.425850153354800
2005,trd,mot,114.507849670944000
2006,trd,mot,122.183424796010000
2012,trd,mot,155.197568346014000
2014,trd,mot,177.227798973969000
2013,trd,mot,163.746707133394000
1999,trd,mot,96.604258727934900
2002,trd,mot,111.237470805664000
2017,trd,mot,206.909909236137000
2016,trd,mot,199.882901231819000
2015,trd,mot,192.339775506096000
1998,trd,mot,84.305988799838200
2004,trd,mot,115.612933381787000
2000,trd,mot,97.501142439101500
1997,trd,mot,83.733422364092800
2007,trd,mot,121.882383109203000
2010,trd,mot,123.478571358873000
2003,trd,mot,108.931074683706000
2011,trd,mot,132.078146026708000
2001,trd,mot,89.524459512017300
2008,trn,adm,0.000000000002231
2009,trn,adm,0.000000000000954
2005,trn,adm,0.000000000028453
2006,trn,adm,0.000000000068244
2012,trn,adm,0.000000000001789
2014,trn,adm,0.000000000009225
2013,trn,adm,0.000000000006781
1999,trn,adm,0.000000000003972
2002,trn,adm,0.000000000016361
2017,trn,adm,0.000000000005615
2016,trn,adm,0.000000000007619
2015,trn,adm,0.000000000016696
1998,trn,adm,0.000000000001385
2004,trn,adm,0.000000000024489
2000,trn,adm,0.000000000009016
1997,trn,adm,0.000000000003727
2007,trn,adm,0.000000000001372
2010,trn,adm,0.000000000000423
2003,trn,adm,0.000000000019058
2011,trn,adm,0.000000000000815
2001,trn,adm,0.000000000005350
2008,trd,adm,0.000000000002212
2009,trd,adm,0.000000000000944
2005,trd,adm,0.000000000028021
2006,trd,adm,0.000000000067198
2012,trd,adm,0.000000000001772
2014,trd,adm,0.000000000009153
2013,trd,adm,0.000000000006723
1999,trd,adm,0.000000000003941
2002,trd,adm,0.000000000016227
2017,trd,adm,0.000000000005589
2016,trd,adm,0.000000000007577
2015,trd,adm,0.000000000016582
1998,trd,adm,0.000000000001376
2004,trd,adm,0.000000000024205
2000,trd,adm,0.000000000008951
1997,trd,adm,0.000000000003709
2007,trd,adm,0.000000000001357
2010,trd,adm,0.000000000000418
2003,trd,adm,0.000000000018913
2011,trd,adm,0.000000000000809
2001,trd,adm,0.000000000005302
2008,trn,soc,0.000000000002243
2009,trn,soc,0.000000000000957
2005,trn,soc,0.000000000028619
2006,trn,soc,0.000000000068698
2012,trn,soc,0.000000000001800
2014,trn,soc,0.000000000009274
2013,trn,soc,0.000000000006821
1999,trn,soc,0.000000000004003
2002,trn,soc,0.000000000016482
2017,trn,soc,0.000000000005649
2016,trn,soc,0.000000000007647
2015,trn,soc,0.000000000016732
1998,trn,soc,0.000000000001395
2004,trn,soc,0.000000000024582
2000,trn,soc,0.000000000009076
1997,trn,soc,0.000000000003747
2007,trn,soc,0.000000000001381
2010,trn,soc,0.000000000000425
2003,trn,soc,0.000000000019174
2011,trn,soc,0.000000000000819
2001,trn,soc,0.000000000005397
2008,trd,soc,0.000000000002223
2009,trd,soc,0.000000000000948
2005,trd,soc,0.000000000028186
2006,trd,soc,0.000000000067647
2012,trd,soc,0.000000000001784
2014,trd,soc,0.000000000009203
2013,trd,soc,0.000000000006762
1999,trd,soc,0.000000000003971
2002,trd,soc,0.000000000016346
2017,trd,soc,0.000000000005623
2016,trd,soc,0.000000000007604
2015,trd,soc,0.000000000016618
1998,trd,soc,0.000000000001386
2004,trd,soc,0.000000000024296
2000,trd,soc,0.000000000009011
1997,trd,soc,0.000000000003729
2007,trd,soc,0.000000000001365
2010,trd,soc,0.000000000000420
2003,trd,soc,0.000000000019028
2011,trd,soc,0.000000000000812
2001,trd,soc,0.000000000005349
2008,trn,alt,7.328655808445480
2009,trn,alt,5.719985978321240
2005,trn,alt,6.017357337982780
2006,trn,alt,6.204975132253780
2012,trn,alt,7.774369413983310
2014,trn,alt,8.156662905883070
2013,trn,alt,7.668942935528450
1999,trn,alt,5.173810109487340
2002,trn,alt,5.497089532332300
2017,trn,alt,7.694808796290790
2016,trn,alt,6.885699400599900
2015,trn,alt,7.140443540970170
1998,trn,alt,5.038663993817720
2004,trn,alt,5.663564878116360
2000,trn,alt,5.371342616950810
1997,trn,alt,4.977168913111280
2007,trn,alt,6.659212751974070
2010,trn,alt,6.766972958463140
2003,trn,alt,5.741747500626160
2011,trn,alt,7.954224401256780
2001,trn,alt,6.137553675759650
2008,trd,alt,178.910132559021000
2009,trd,alt,176.307817058113000
2005,trd,alt,166.448504848207000
2006,trd,alt,172.535254846970000
2012,trd,alt,200.985615693361000
2014,trd,alt,218.281208455677000
2013,trd,alt,213.369624250570000
1999,trd,alt,129.808428217993000
2002,trd,alt,142.469304014537000
2017,trd,alt,234.138872018095000
2016,trd,alt,232.367426542861000
2015,trd,alt,227.157718582786000
1998,trd,alt,121.346007367039000
2004,trd,alt,159.568841367946000
2000,trd,alt,137.510372871158000
1997,trd,alt,115.010022423619000
2007,trd,alt,182.630095391734000
2010,trd,alt,185.633564392584000
2003,trd,alt,147.995143965629000
2011,trd,alt,191.873841375173000
2001,trd,alt,138.642393622386000
2008,trn,pmt,12.622276027278400
2009,trn,pmt,7.289159278463530
2005,trn,pmt,8.485671707535700
2006,trn,pmt,10.644069924305400
2012,trn,pmt,14.474835550807500
2014,trn,pmt,15.839974745189900
2013,trn,pmt,14.468471900629500
1999,trn,pmt,5.377003586223820
2002,trn,pmt,5.817320129521140
2017,trn,pmt,13.327926822703200
2016,trn,pmt,12.199002918372500
2015,trn,pmt,13.577595961861900
1998,trn,pmt,6.125605654236080
2004,trn,pmt,7.645843725692420
2000,trn,pmt,5.950369474381220
1997,trn,pmt,6.028755907942030
2007,trn,pmt,11.382402809282600
2010,trn,pmt,11.573699659412700
2003,trn,pmt,5.839325809795820
2011,trn,pmt,13.517034155821600
2001,trn,pmt,5.465437634479310
2008,trd,pmt,34.079835606246600
2009,trd,pmt,20.050430647016600
2005,trd,pmt,29.301307718157800
2006,trd,pmt,32.911604328456000
2012,trd,pmt,36.236903623296200
2014,trd,pmt,36.906255725999600
2013,trd,pmt,35.095138531432200
1999,trd,pmt,19.077474594205800
2002,trd,pmt,16.347945013376400
2017,trd,pmt,34.382136664929900
2016,trd,pmt,31.255611230027000
2015,trd,pmt,34.652333008753500
1998,trd,pmt,18.182335255182500
2004,trd,pmt,25.655925071831200
2000,trd,pmt,21.037927760426700
1997,trd,pmt,18.436300141972100
2007,trd,pmt,31.922376803650600
2010,trd,pmt,27.167611155526600
2003,trd,pmt,17.098245880019000
2011,trd,pmt,34.004355785534900
2001,trd,pmt,17.935866359252100
2008,trn,trk,0.000000000002224
2009,trn,trk,0.000000000000947
2005,trn,trk,0.000000000028254
2006,trn,trk,0.000000000067813
2012,trn,trk,0.000000000001781
2014,trn,trk,0.000000000009162
2013,trn,trk,0.000000000006742
1999,trn,trk,0.000000000003955
2002,trn,trk,0.000000000016288
2017,trn,trk,0.000000000005570
2016,trn,trk,0.000000000007562
2015,trn,trk,0.000000000016567
1998,trn,trk,0.000000000001378
2004,trn,trk,0.000000000024303
2000,trn,trk,0.000000000008977
1997,trn,trk,0.000000000003712
2007,trn,trk,0.000000000001365
2010,trn,trk,0.000000000000420
2003,trn,trk,0.000000000018964
2011,trn,trk,0.000000000000812
2001,trn,trk,0.000000000005323
2008,trd,trk,0.000000000002204
2009,trd,trk,0.000000000000937
2005,trd,trk,0.000000000027828
2006,trd,trk,0.000000000066780
2012,trd,trk,0.000000000001765
2014,trd,trk,0.000000000009091
2013,trd,trk,0.000000000006684
1999,trd,trk,0.000000000003923
2002,trd,trk,0.000000000016155
2017,trd,trk,0.000000000005544
2016,trd,trk,0.000000000007521
2015,trd,trk,0.000000000016454
1998,trd,trk,0.000000000001369
2004,trd,trk,0.000000000024022
2000,trd,trk,0.000000000008913
1997,trd,trk,0.000000000003694
2007,trd,trk,0.000000000001349
2010,trd,trk,0.000000000000415
2003,trd,trk,0.000000000018820
2011,trd,trk,0.000000000000805
2001,trd,trk,0.000000000005275
2008,trn,fdd,0.000000000002238
2009,trn,fdd,0.000000000000955
2005,trn,fdd,0.000000000028576
2006,trn,fdd,0.000000000068606
2012,trn,fdd,0.000000000001795
2014,trn,fdd,0.000000000009245
2013,trn,fdd,0.000000000006801
1999,trn,fdd,0.000000000003989
2002,trn,fdd,0.000000000016427
2017,trn,fdd,0.000000000005620
2016,trn,fdd,0.000000000007623
2015,trn,fdd,0.000000000016690
1998,trn,fdd,0.000000000001390
2004,trn,fdd,0.000000000024535
2000,trn,fdd,0.000000000009048
1997,trn,fdd,0.000000000003735
2007,trn,fdd,0.000000000001378
2010,trn,fdd,0.000000000000424
2003,trn,fdd,0.000000000019117
2011,trn,fdd,0.000000000000816
2001,trn,fdd,0.000000000005373
2008,trd,fdd,0.000000000002219
2009,trd,fdd,0.000000000000945
2005,trd,fdd,0.000000000028144
2006,trd,fdd,0.000000000067559
2012,trd,fdd,0.000000000001779
2014,trd,fdd,0.000000000009173
2013,trd,fdd,0.000000000006742
1999,trd,fdd,0.000000000003957
2002,trd,fdd,0.000000000016292
2017,trd,fdd,0.000000000005594
2016,trd,fdd,0.000000000007581
2015,trd,fdd,0.000000000016576
1998,trd,fdd,0.000000000001381
2004,trd,fdd,0.000000000024251
2000,trd,fdd,0.000000000008983
1997,trd,fdd,0.000000000003717
2007,trd,fdd,0.000000000001362
2010,trd,fdd,0.000000000000419
2003,trd,fdd,0.000000000018971
2011,trd,fdd,0.000000000000810
2001,trd,fdd,0.000000000005325
2008,trn,gmt,#N/A
2009,trn,gmt,#N/A
2005,trn,gmt,#N/A
2006,trn,gmt,#N/A
2012,trn,gmt,#N/A
2014,trn,gmt,#N/A
2013,trn,gmt,#N/A
1999,trn,gmt,#N/A
2002,trn,gmt,#N/A
2017,trn,gmt,#N/A
2016,trn,gmt,#N/A
2015,trn,gmt,#N/A
1998,trn,gmt,#N/A
2004,trn,gmt,#N/A
2000,trn,gmt,#N/A
1997,trn,gmt,#N/A
2007,trn,gmt,#N/A
2010,trn,gmt,#N/A
2003,trn,gmt,#N/A
2011,trn,gmt,#N/A
2001,trn,gmt,#N/A
2008,trd,gmt,#N/A
2009,trd,gmt,#N/A
2005,trd,gmt,#N/A
2006,trd,gmt,#N/A
2012,trd,gmt,#N/A
2014,trd,gmt,#N/A
2013,trd,gmt,#N/A
1999,trd,gmt,#N/A
2002,trd,gmt,#N/A
2017,trd,gmt,#N/A
2016,trd,gmt,#N/A
2015,trd,gmt,#N/A
1998,trd,gmt,#N/A
2004,trd,gmt,#N/A
2000,trd,gmt,#N/A
1997,trd,gmt,#N/A
2007,trd,gmt,#N/A
2010,trd,gmt,#N/A
2003,trd,gmt,#N/A
2011,trd,gmt,#N/A
2001,trd,gmt,#N/A
2008,trn,wtt,0.000000000002212
2009,trn,wtt,0.000000000000945
2005,trn,wtt,0.000000000027934
2006,trn,wtt,0.000000000067176
2012,trn,wtt,0.000000000001767
2014,trn,wtt,0.000000000009177
2013,trn,wtt,0.000000000006724
1999,trn,wtt,0.000000000003949
2002,trn,wtt,0.000000000016278
2017,trn,wtt,0.000000000005628
2016,trn,wtt,0.000000000007609
2015,trn,wtt,0.000000000016625
1998,trn,wtt,0.000000000001379
2004,trn,wtt,0.000000000024184
2000,trn,wtt,0.000000000008961
1997,trn,wtt,0.000000000003705
2007,trn,wtt,0.000000000001358
2010,trn,wtt,0.000000000000416
2003,trn,wtt,0.000000000018981
2011,trn,wtt,0.000000000000805
2001,trn,wtt,0.000000000005330
2008,trd,wtt,0.000000000002193
2009,trd,wtt,0.000000000000936
2005,trd,wtt,0.000000000027511
2006,trd,wtt,0.000000000066150
2012,trd,wtt,0.000000000001750
2014,trd,wtt,0.000000000009106
2013,trd,wtt,0.000000000006666
1999,trd,wtt,0.000000000003918
2002,trd,wtt,0.000000000016146
2017,trd,wtt,0.000000000005602
2016,trd,wtt,0.000000000007567
2015,trd,wtt,0.000000000016512
1998,trd,wtt,0.000000000001370
2004,trd,wtt,0.000000000023904
2000,trd,wtt,0.000000000008897
1997,trd,wtt,0.000000000003688
2007,trd,wtt,0.000000000001343
2010,trd,wtt,0.000000000000411
2003,trd,wtt,0.000000000018837
2011,trd,wtt,0.000000000000799
2001,trd,wtt,0.000000000005283
2008,trn,wpd,6.889034526446810
2009,trn,wpd,4.518767230174210
2005,trn,wpd,8.140731068509110
2006,trn,wpd,8.058409519653700
2012,trn,wpd,6.272183249205040
2014,trn,wpd,7.703257741699480
2013,trn,wpd,7.039975318201870
1999,trn,wpd,4.427013653368670
2002,trn,wpd,5.696714751556990
2017,trn,wpd,8.425234627167330
2016,trn,wpd,7.320142898279330
2015,trn,wpd,7.010348374948840
1998,trn,wpd,4.265552374018800
2004,trn,wpd,7.092689799301590
2000,trn,wpd,2.831185244288180
1997,trn,wpd,4.715145905830620
2007,trn,wpd,7.645388207179510
2010,trn,wpd,5.058414634186820
2003,trn,wpd,6.189923785155880
2011,trn,wpd,5.566598384111990
2001,trn,wpd,5.611624717005040
2008,trd,wpd,24.031666860528700
2009,trd,wpd,20.261098667560800
2005,trd,wpd,30.476530605242100
2006,trd,wpd,30.143081974254600
2012,trd,wpd,22.863638415008000
2014,trd,wpd,27.947256601511600
2013,trd,wpd,25.623446441688800
1999,trd,wpd,19.869041797398400
2002,trd,wpd,21.289276818834900
2017,trd,wpd,35.253115853718200
2016,trd,wpd,32.337527943485800
2015,trd,wpd,30.202922810721500
1998,trd,wpd,18.793608753290800
2004,trd,wpd,27.448826507774300
2000,trd,wpd,20.449757327680100
1997,trd,wpd,17.707773345647500
2007,trd,wpd,27.769771618362000
2010,trd,wpd,21.677069543282100
2003,trd,wpd,23.409264471961200
2011,trd,wpd,22.232336265253200
2001,trd,wpd,19.805860988888800
2008,trn,wht,0.000000000002234
2009,trn,wht,0.000000000000953
2005,trn,wht,0.000000000028507
2006,trn,wht,0.000000000068409
2012,trn,wht,0.000000000001791
2014,trn,wht,0.000000000009216
2013,trn,wht,0.000000000006782
1999,trn,wht,0.000000000003965
2002,trn,wht,0.000000000016350
2017,trn,wht,0.000000000005591
2016,trn,wht,0.000000000007600
2015,trn,wht,0.000000000016652
1998,trn,wht,0.000000000001381
2004,trn,wht,0.000000000024470
2000,trn,wht,0.000000000009001
1997,trn,wht,0.000000000003718
2007,trn,wht,0.000000000001374
2010,trn,wht,0.000000000000423
2003,trn,wht,0.000000000019030
2011,trn,wht,0.000000000000816
2001,trn,wht,0.000000000005340
2008,trd,wht,0.000000000002215
2009,trd,wht,0.000000000000943
2005,trd,wht,0.000000000028076
2006,trd,wht,0.000000000067366
2012,trd,wht,0.000000000001775
2014,trd,wht,0.000000000009145
2013,trd,wht,0.000000000006723
1999,trd,wht,0.000000000003933
2002,trd,wht,0.000000000016216
2017,trd,wht,0.000000000005564
2016,trd,wht,0.000000000007557
2015,trd,wht,0.000000000016539
1998,trd,wht,0.000000000001372
2004,trd,wht,0.000000000024187
2000,trd,wht,0.000000000008936
1997,trd,wht,0.000000000003700
2007,trd,wht,0.000000000001358
2010,trd,wht,0.000000000000418
2003,trd,wht,0.000000000018885
2011,trd,wht,0.000000000000810
2001,trd,wht,0.000000000005292
2008,trn,wrh,0.000000000002230
2009,trn,wrh,0.000000000000952
2005,trn,wrh,0.000000000028500
2006,trn,wrh,0.000000000068402
2012,trn,wrh,0.000000000001789
2014,trn,wrh,0.000000000009220
2013,trn,wrh,0.000000000006782
1999,trn,wrh,0.000000000003948
2002,trn,wrh,0.000000000016291
2017,trn,wrh,0.000000000005573
2016,trn,wrh,0.000000000007603
2015,trn,wrh,0.000000000016655
1998,trn,wrh,0.000000000001372
2004,trn,wrh,0.000000000024421
2000,trn,wrh,0.000000000008964
1997,trn,wrh,0.000000000003700
2007,trn,wrh,0.000000000001371
2010,trn,wrh,0.000000000000422
2003,trn,wrh,0.000000000018972
2011,trn,wrh,0.000000000000814
2001,trn,wrh,0.000000000005317
2008,trd,wrh,0.000000000002210
2009,trd,wrh,0.000000000000942
2005,trd,wrh,0.000000000028072
2006,trd,wrh,0.000000000067363
2012,trd,wrh,0.000000000001772
2014,trd,wrh,0.000000000009148
2013,trd,wrh,0.000000000006723
1999,trd,wrh,0.000000000003917
2002,trd,wrh,0.000000000016158
2017,trd,wrh,0.000000000005547
2016,trd,wrh,0.000000000007561
2015,trd,wrh,0.000000000016542
1998,trd,wrh,0.000000000001363
2004,trd,wrh,0.000000000024139
2000,trd,wrh,0.000000000008900
1997,trd,wrh,0.000000000003682
2007,trd,wrh,0.000000000001355
2010,trd,wrh,0.000000000000417
2003,trd,wrh,0.000000000018828
2011,trd,wrh,0.000000000000808
2001,trd,wrh,0.000000000005270
2008,trn,ott,0.000000000002229
2009,trn,ott,0.000000000000951
2005,trn,ott,0.000000000028509
2006,trn,ott,0.000000000068526
2012,trn,ott,0.000000000001789
2014,trn,ott,0.000000000009220
2013,trn,ott,0.000000000006779
1999,trn,ott,0.000000000003986
2002,trn,ott,0.000000000016424
2017,trn,ott,0.000000000005600
2016,trn,ott,0.000000000007606
2015,trn,ott,0.000000000016652
1998,trn,ott,0.000000000001386
2004,trn,ott,0.000000000024392
2000,trn,ott,0.000000000009024
1997,trn,ott,0.000000000003713
2007,trn,ott,0.000000000001374
2010,trn,ott,0.000000000000422
2003,trn,ott,0.000000000019065
2011,trn,ott,0.000000000000813
2001,trn,ott,0.000000000005384
2008,trd,ott,0.000000000002210
2009,trd,ott,0.000000000000941
2005,trd,ott,0.000000000028080
2006,trd,ott,0.000000000067485
2012,trd,ott,0.000000000001772
2014,trd,ott,0.000000000009149
2013,trd,ott,0.000000000006720
1999,trd,ott,0.000000000003954
2002,trd,ott,0.000000000016289
2017,trd,ott,0.000000000005573
2016,trd,ott,0.000000000007563
2015,trd,ott,0.000000000016539
1998,trd,ott,0.000000000001377
2004,trd,ott,0.000000000024110
2000,trd,ott,0.000000000008959
1997,trd,ott,0.000000000003696
2007,trd,ott,0.000000000001358
2010,trd,ott,0.000000000000417
2003,trd,ott,0.000000000018920
2011,trd,ott,0.000000000000807
2001,trd,ott,0.000000000005336
2008,trn,che,29.925507495678300
2009,trn,che,25.368847978927600
2005,trn,che,22.834368231841400
2006,trn,che,24.921428629131600
2012,trn,che,31.962963767657000
2014,trn,che,35.205061696871500
2013,trn,che,33.753080909419100
1999,trn,che,17.839155244272400
2002,trn,che,16.835023269193400
2017,trn,che,35.917439680692100
2016,trn,che,35.230518082336000
2015,trn,che,36.124253152133400
1998,trn,che,17.469172361837300
2004,trn,che,20.680260013158700
2000,trn,che,18.183142645686500
1997,trn,che,16.852260800734600
2007,trn,che,28.457282712454000
2010,trn,che,27.670798724650900
2003,trn,che,18.081608709752500
2011,trn,che,30.698663193654700
2001,trn,che,17.073228932342200
2008,trd,che,285.868042921607000
2009,trd,che,287.209321477921000
2005,trd,che,242.290862950496000
2006,trd,che,261.351718402209000
2012,trd,che,354.305885114765000
2014,trd,che,398.784733999037000
2013,trd,che,374.706709399975000
1999,trd,che,150.027297481972000
2002,trd,che,191.223298315490000
2017,trd,che,444.927391478796000
2016,trd,che,430.129530376184000
2015,trd,che,424.862964280082000
1998,trd,che,137.494008462949000
2004,trd,che,218.209245938255000
2000,trd,che,161.287564607098000
1997,trd,che,128.666906061655000
2007,trd,che,273.282183440351000
2010,trd,che,309.591342522070000
2003,trd,che,200.062301745885000
2011,trd,che,330.533736575388000
2001,trd,che,175.472735690442000
2008,trn,air,0.000000000002233
2009,trn,air,0.000000000000953
2005,trn,air,0.000000000028602
2006,trn,air,0.000000000068627
2012,trn,air,0.000000000001788
2014,trn,air,0.000000000009193
2013,trn,air,0.000000000006768
1999,trn,air,0.000000000003969
2002,trn,air,0.000000000016366
2017,trn,air,0.000000000005581
2016,trn,air,0.000000000007582
2015,trn,air,0.000000000016612
1998,trn,air,0.000000000001381
2004,trn,air,0.000000000024532
2000,trn,air,0.000000000009007
1997,trn,air,0.000000000003719
2007,trn,air,0.000000000001374
2010,trn,air,0.000000000000423
2003,trn,air,0.000000000019058
2011,trn,air,0.000000000000814
2001,trn,air,0.000000000005344
2008,trd,air,0.000000000002214
2009,trd,air,0.000000000000943
2005,trd,air,0.000000000028171
2006,trd,air,0.000000000067583
2012,trd,air,0.000000000001772
2014,trd,air,0.000000000009123
2013,trd,air,0.000000000006709
1999,trd,air,0.000000000003938
2002,trd,air,0.000000000016232
2017,trd,air,0.000000000005555
2016,trd,air,0.000000000007540
2015,trd,air,0.000000000016500
1998,trd,air,0.000000000001372
2004,trd,air,0.000000000024248
2000,trd,air,0.000000000008943
1997,trd,air,0.000000000003701
2007,trd,air,0.000000000001359
2010,trd,air,0.000000000000418
2003,trd,air,0.000000000018912
2011,trd,air,0.000000000000808
2001,trd,air,0.000000000005296
2008,trn,mmf,18.240416812177000
2009,trn,mmf,14.210980733272700
2005,trn,mmf,17.371082725724900
2006,trn,mmf,17.875384883469100
2012,trn,mmf,15.415198432381000
2014,trn,mmf,16.985281763013100
2013,trn,mmf,15.554599096470300
1999,trn,mmf,10.923165270892300
2002,trn,mmf,12.477773801459500
2017,trn,mmf,15.234157115347500
2016,trn,mmf,14.440021582880500
2015,trn,mmf,14.802035596897800
1998,trn,mmf,9.939084715633240
2004,trn,mmf,14.960076710653600
2000,trn,mmf,11.859522290568800
1997,trn,mmf,9.298047657486710
2007,trn,mmf,17.352585311402900
2010,trn,mmf,13.839114066195200
2003,trn,mmf,12.643818182754900
2011,trn,mmf,15.122312133602600
2001,trn,mmf,11.522848455775800
2008,trd,mmf,150.378138245970000
2009,trd,mmf,134.755033660929000
2005,trd,mmf,130.547170295925000
2006,trd,mmf,141.642655227172000
2012,trd,mmf,172.373911329718000
2014,trd,mmf,183.962866781333000
2013,trd,mmf,176.565746783684000
1999,trd,mmf,92.011051553030600
2002,trd,mmf,108.274203972791000
2017,trd,mmf,201.843806230367000
2016,trd,mmf,191.677370055030000
2015,trd,mmf,188.627806867126000
1998,trd,mmf,85.898396816071600
2004,trd,mmf,124.545421782022000
2000,trd,mmf,98.032110023565500
1997,trd,mmf,80.801375649861800
2007,trd,mmf,149.893615947417000
2010,trd,mmf,154.013802955646000
2003,trd,mmf,113.167525623098000
2011,trd,mmf,166.580238848019000
2001,trd,mmf,95.199716867136400
2008,trn,otr,0.000000000002231
2009,trn,otr,0.000000000000954
2005,trn,otr,0.000000000028513
2006,trn,otr,0.000000000068409
2012,trn,otr,0.000000000001789
2014,trn,otr,0.000000000009224
2013,trn,otr,0.000000000006781
1999,trn,otr,0.000000000003968
2002,trn,otr,0.000000000016359
2017,trn,otr,0.000000000005599
2016,trn,otr,0.000000000007609
2015,trn,otr,0.000000000016676
1998,trn,otr,0.000000000001381
2004,trn,otr,0.000000000024503
2000,trn,otr,0.000000000009003
1997,trn,otr,0.000000000003718
2007,trn,otr,0.000000000001373
2010,trn,otr,0.000000000000423
2003,trn,otr,0.000000000019053
2011,trn,otr,0.000000000000815
2001,trn,otr,0.000000000005343
2008,trd,otr,0.000000000002211
2009,trd,otr,0.000000000000944
2005,trd,otr,0.000000000028083
2006,trd,otr,0.000000000067366
2012,trd,otr,0.000000000001772
2014,trd,otr,0.000000000009153
2013,trd,otr,0.000000000006722
1999,trd,otr,0.000000000003936
2002,trd,otr,0.000000000016225
2017,trd,otr,0.000000000005573
2016,trd,otr,0.000000000007567
2015,trd,otr,0.000000000016563
1998,trd,otr,0.000000000001372
2004,trd,otr,0.000000000024219
2000,trd,otr,0.000000000008939
1997,trd,otr,0.000000000003700
2007,trd,otr,0.000000000001358
2010,trd,otr,0.000000000000418
2003,trd,otr,0.000000000018908
2011,trd,otr,0.000000000000808
2001,trd,otr,0.000000000005295
2008,trn,min,31.602972976592700
2009,trn,min,26.423322328957200
2005,trn,min,21.969147740993700
2006,trn,min,25.359518345975100
2012,trn,min,32.133870537500000
2014,trn,min,36.355479008476600
2013,trn,min,32.624715293884600
1999,trn,min,15.686258032421300
2002,trn,min,15.705641501565600
2017,trn,min,31.741030703316800
2016,trn,min,27.398304436207900
2015,trn,min,33.091304675683900
1998,trn,min,15.629247272847600
2004,trn,min,18.542357487023800
2000,trn,min,15.598915943161200
1997,trn,min,16.600711213064200
2007,trn,min,27.287805374544700
2010,trn,min,29.645432263824700
2003,trn,min,16.429734913518700
2011,trn,min,34.161593942477400
2001,trn,min,15.926019720464400
2008,trd,min,5.137432626025250
2009,trd,min,3.920701777048590
2005,trd,min,6.035759901277030
2006,trd,min,6.219458014948700
2012,trd,min,5.258789937423250
2014,trd,min,7.194814555732110
2013,trd,min,6.112594280191860
1999,trd,min,3.387866039702660
2002,trd,min,3.740052289239730
2017,trd,min,7.955232199962190
2016,trd,min,6.837147600777720
2015,trd,min,7.074341218169340
1998,trd,min,3.152813620809410
2004,trd,min,5.116382065704840
2000,trd,min,3.639189231654450
1997,trd,min,3.184479918435130
2007,trd,min,5.407353988115140
2010,trd,min,4.457427620567510
2003,trd,min,4.639833078636650
2011,trd,min,5.131192869852520
2001,trd,min,3.525419444152920
